datetime,pm10,pm2_5,carbon_monoxide,nitrogen_dioxide,sulphur_dioxide,ozone,hour,dayofweek,month,hour_sin,hour_cos,pm2_5_lag_1
2023-11-23 00:00:00,73.8,42.7,442.0,10.0,8.0,92.0,0,3,11,0.0,1.0,46.6
2023-11-23 01:00:00,70.8,41.2,658.0,27.4,8.7,71.0,1,3,11,0.25881904510252074,0.9659258262890683,42.7
2023-11-23 02:00:00,72.2,43.2,948.0,50.6,9.8,43.0,2,3,11,0.49999999999999994,0.8660254037844387,41.2
2023-11-23 03:00:00,80.6,49.6,1105.0,62.9,11.7,33.0,3,3,11,0.7071067811865475,0.7071067811865476,43.2
2023-11-23 04:00:00,78.7,47.6,996.0,53.6,14.7,56.0,4,3,11,0.8660254037844386,0.5000000000000001,49.6
2023-11-23 05:00:00,78.2,43.3,754.0,33.4,18.5,96.0,5,3,11,0.9659258262890683,0.25881904510252074,47.6
2023-11-23 06:00:00,82.4,39.6,566.0,17.5,22.3,132.0,6,3,11,1.0,6.123233995736766e-17,43.3
2023-11-23 07:00:00,88.5,39.9,511.0,12.0,26.3,159.0,7,3,11,0.9659258262890683,-0.25881904510252063,39.6
2023-11-23 08:00:00,94.1,41.6,510.0,10.8,30.3,183.0,8,3,11,0.8660254037844387,-0.4999999999999998,39.9
2023-11-23 09:00:00,99.9,43.3,519.0,11.1,33.2,198.0,9,3,11,0.7071067811865476,-0.7071067811865475,41.6
2023-11-23 10:00:00,103.8,44.0,518.0,11.9,34.8,204.0,10,3,11,0.49999999999999994,-0.8660254037844387,43.3
2023-11-23 11:00:00,105.2,44.4,525.0,14.2,35.2,202.0,11,3,11,0.258819045102521,-0.9659258262890682,44.0
2023-11-23 12:00:00,108.0,46.9,574.0,19.2,38.4,195.0,12,3,11,1.2246467991473532e-16,-1.0,44.4
2023-11-23 13:00:00,104.1,47.4,662.0,28.4,34.2,160.0,13,3,11,-0.2588190451025208,-0.9659258262890683,46.9
2023-11-23 14:00:00,98.3,48.9,785.0,41.3,28.3,112.0,14,3,11,-0.4999999999999997,-0.8660254037844388,47.4
2023-11-23 15:00:00,91.5,47.5,880.0,51.8,23.4,73.0,15,3,11,-0.7071067811865471,-0.7071067811865479,48.9
2023-11-23 16:00:00,87.3,46.0,925.0,58.3,20.5,53.0,16,3,11,-0.8660254037844384,-0.5000000000000004,47.5
2023-11-23 17:00:00,86.1,45.9,943.0,62.5,18.5,42.0,17,3,11,-0.9659258262890683,-0.25881904510252063,46.0
2023-11-23 18:00:00,87.3,46.7,939.0,63.7,16.8,35.0,18,3,11,-1.0,-1.8369701987210297e-16,45.9
2023-11-23 19:00:00,87.3,46.6,905.0,60.5,15.3,33.0,19,3,11,-0.9659258262890684,0.2588190451025203,46.7
2023-11-23 20:00:00,85.0,44.9,849.0,54.3,14.2,35.0,20,3,11,-0.8660254037844386,0.5000000000000001,46.6
2023-11-23 21:00:00,81.7,43.3,807.0,48.3,13.4,36.0,21,3,11,-0.7071067811865477,0.7071067811865474,44.9
2023-11-23 22:00:00,85.7,47.8,784.0,42.6,12.5,31.0,22,3,11,-0.5000000000000004,0.8660254037844384,43.3
2023-11-23 23:00:00,89.2,52.9,775.0,37.1,11.8,24.0,23,3,11,-0.25881904510252157,0.9659258262890681,47.8
2023-11-24 00:00:00,78.9,42.5,626.0,26.2,8.9,38.0,0,4,11,0.0,1.0,52.9
2023-11-24 01:00:00,81.7,47.5,833.0,34.2,10.6,28.0,1,4,11,0.25881904510252074,0.9659258262890683,42.5
2023-11-24 02:00:00,89.9,52.0,1108.0,44.6,13.1,17.0,2,4,11,0.49999999999999994,0.8660254037844387,47.5
2023-11-24 03:00:00,99.2,54.9,1230.0,48.7,17.2,19.0,3,4,11,0.7071067811865475,0.7071067811865476,52.0
2023-11-24 04:00:00,99.9,49.9,1050.0,40.3,24.9,49.0,4,4,11,0.8660254037844386,0.5000000000000001,54.9
2023-11-24 05:00:00,96.9,37.6,717.0,25.5,34.1,92.0,5,4,11,0.9659258262890683,0.25881904510252074,49.9
2023-11-24 06:00:00,91.0,35.7,463.0,13.7,39.0,127.0,6,4,11,1.0,6.123233995736766e-17,37.6
2023-11-24 07:00:00,78.7,36.6,389.0,8.5,35.8,144.0,7,4,11,0.9659258262890683,-0.25881904510252063,35.7
2023-11-24 08:00:00,69.6,35.4,393.0,6.3,28.3,152.0,8,4,11,0.8660254037844387,-0.4999999999999998,36.6
2023-11-24 09:00:00,63.1,33.2,408.0,5.5,22.4,156.0,9,4,11,0.7071067811865476,-0.7071067811865475,35.4
2023-11-24 10:00:00,58.1,31.3,406.0,5.8,20.3,156.0,10,4,11,0.49999999999999994,-0.8660254037844387,33.2
2023-11-24 11:00:00,56.6,31.4,414.0,7.6,19.8,152.0,11,4,11,0.258819045102521,-0.9659258262890682,31.3
2023-11-24 12:00:00,65.4,37.8,458.0,10.2,19.6,143.0,12,4,11,1.2246467991473532e-16,-1.0,31.4
2023-11-24 13:00:00,71.2,43.9,525.0,14.1,19.3,130.0,13,4,11,-0.2588190451025208,-0.9659258262890683,37.8
2023-11-24 14:00:00,76.4,48.4,618.0,19.3,18.9,111.0,14,4,11,-0.4999999999999997,-0.8660254037844388,43.9
2023-11-24 15:00:00,84.3,54.2,696.0,22.3,18.5,98.0,15,4,11,-0.7071067811865471,-0.7071067811865479,48.4
2023-11-24 16:00:00,94.8,61.7,748.0,21.2,18.0,93.0,16,4,11,-0.8660254037844384,-0.5000000000000004,54.2
2023-11-24 17:00:00,103.6,68.0,784.0,17.9,17.5,94.0,17,4,11,-0.9659258262890683,-0.25881904510252063,61.7
2023-11-24 18:00:00,107.8,71.2,795.0,14.5,17.0,96.0,18,4,11,-1.0,-1.8369701987210297e-16,68.0
2023-11-24 19:00:00,107.6,71.2,767.0,11.3,16.6,101.0,19,4,11,-0.9659258262890684,0.2588190451025203,71.2
2023-11-24 20:00:00,104.3,68.9,713.0,7.9,16.4,109.0,20,4,11,-0.8660254037844386,0.5000000000000001,71.2
2023-11-24 21:00:00,100.1,66.1,667.0,5.4,16.1,113.0,21,4,11,-0.7071067811865477,0.7071067811865474,68.9
2023-11-24 22:00:00,97.1,64.3,634.0,3.9,15.8,112.0,22,4,11,-0.5000000000000004,0.8660254037844384,66.1
2023-11-24 23:00:00,95.0,62.9,609.0,3.3,15.6,107.0,23,4,11,-0.25881904510252157,0.9659258262890681,64.3
2023-11-25 00:00:00,93.8,61.9,605.0,4.6,15.2,101.0,0,5,11,0.0,1.0,62.9
2023-11-25 01:00:00,91.7,60.8,653.0,10.1,15.1,93.0,1,5,11,0.25881904510252074,0.9659258262890683,61.9
2023-11-25 02:00:00,90.6,60.1,715.0,17.5,15.0,82.0,2,5,11,0.49999999999999994,0.8660254037844387,60.8
2023-11-25 03:00:00,89.4,59.5,739.0,21.5,15.2,79.0,3,5,11,0.7071067811865475,0.7071067811865476,60.1
2023-11-25 04:00:00,87.3,58.3,688.0,18.9,15.8,89.0,4,5,11,0.8660254037844386,0.5000000000000001,59.5
2023-11-25 05:00:00,81.7,54.6,599.0,13.0,16.7,107.0,5,5,11,0.9659258262890683,0.25881904510252074,58.3
2023-11-25 06:00:00,68.7,45.9,522.0,8.3,17.4,123.0,6,5,11,1.0,6.123233995736766e-17,54.6
2023-11-25 07:00:00,62.9,42.1,474.0,6.5,17.7,135.0,7,5,11,0.9659258262890683,-0.25881904510252063,45.9
2023-11-25 08:00:00,60.3,40.3,439.0,6.0,17.9,145.0,8,5,11,0.8660254037844387,-0.4999999999999998,42.1
2023-11-25 09:00:00,58.3,38.9,421.0,6.5,18.2,150.0,9,5,11,0.7071067811865476,-0.7071067811865475,40.3
2023-11-25 10:00:00,58.4,38.9,421.0,8.0,18.8,150.0,10,5,11,0.49999999999999994,-0.8660254037844387,38.9
2023-11-25 11:00:00,59.6,39.7,437.0,10.5,19.5,145.0,11,5,11,0.258819045102521,-0.9659258262890682,38.9
2023-11-25 12:00:00,69.2,46.1,471.0,14.3,19.2,134.0,12,5,11,1.2246467991473532e-16,-1.0,39.7
2023-11-25 13:00:00,77.1,51.7,519.0,16.7,18.8,123.0,13,5,11,-0.2588190451025208,-0.9659258262890683,46.1
2023-11-25 14:00:00,82.4,55.2,585.0,20.0,18.2,108.0,14,5,11,-0.4999999999999997,-0.8660254037844388,51.7
2023-11-25 15:00:00,88.5,59.1,628.0,21.5,17.5,97.0,15,5,11,-0.7071067811865471,-0.7071067811865479,55.2
2023-11-25 16:00:00,93.4,62.2,629.0,19.8,16.5,94.0,16,5,11,-0.8660254037844384,-0.5000000000000004,59.1
2023-11-25 17:00:00,95.9,63.8,607.0,16.4,15.4,96.0,17,5,11,-0.9659258262890683,-0.25881904510252063,62.2
2023-11-25 18:00:00,104.5,69.4,575.0,13.0,14.4,99.0,18,5,11,-1.0,-1.8369701987210297e-16,63.8
2023-11-25 19:00:00,106.6,70.5,531.0,10.1,13.7,102.0,19,5,11,-0.9659258262890684,0.2588190451025203,69.4
2023-11-25 20:00:00,99.7,65.9,477.0,7.2,13.2,106.0,20,5,11,-0.8660254037844386,0.5000000000000001,70.5
2023-11-25 21:00:00,101.3,66.8,434.0,5.3,12.6,109.0,21,5,11,-0.7071067811865477,0.7071067811865474,65.9
2023-11-25 22:00:00,98.7,65.0,398.0,3.8,11.8,110.0,22,5,11,-0.5000000000000004,0.8660254037844384,66.8
2023-11-25 23:00:00,115.9,74.5,373.0,3.1,11.0,109.0,23,5,11,-0.25881904510252157,0.9659258262890681,65.0
2023-11-26 00:00:00,110.1,71.9,386.0,5.7,9.5,102.0,0,6,11,0.0,1.0,74.5
2023-11-26 01:00:00,105.5,68.9,460.0,13.7,9.5,91.0,1,6,11,0.25881904510252074,0.9659258262890683,71.9
2023-11-26 02:00:00,105.7,68.9,558.0,24.4,9.5,77.0,2,6,11,0.49999999999999994,0.8660254037844387,68.9
2023-11-26 03:00:00,106.9,69.6,608.0,30.2,9.8,72.0,3,6,11,0.7071067811865475,0.7071067811865476,68.9
2023-11-26 04:00:00,104.1,67.5,565.0,26.3,10.7,83.0,4,6,11,0.8660254037844386,0.5000000000000001,69.6
2023-11-26 05:00:00,97.6,63.1,474.0,17.5,11.9,102.0,5,6,11,0.9659258262890683,0.25881904510252074,67.5
2023-11-26 06:00:00,88.0,56.7,398.0,10.3,12.8,118.0,6,6,11,1.0,6.123233995736766e-17,63.1
2023-11-26 07:00:00,83.8,53.3,358.0,6.9,13.0,127.0,7,6,11,0.9659258262890683,-0.25881904510252063,56.7
2023-11-26 08:00:00,79.4,50.4,334.0,5.3,12.9,132.0,8,6,11,0.8660254037844387,-0.4999999999999998,53.3
2023-11-26 09:00:00,76.1,48.5,329.0,5.5,12.7,133.0,9,6,11,0.7071067811865476,-0.7071067811865475,50.4
2023-11-26 10:00:00,73.3,46.9,348.0,8.3,12.6,128.0,10,6,11,0.49999999999999994,-0.8660254037844387,48.5
2023-11-26 11:00:00,71.5,45.6,387.0,13.0,12.4,118.0,11,6,11,0.258819045102521,-0.9659258262890682,46.9
2023-11-26 12:00:00,56.8,37.0,408.0,17.4,12.9,111.0,12,6,11,1.2246467991473532e-16,-1.0,45.6
2023-11-26 13:00:00,60.8,40.2,454.0,22.0,12.6,99.0,13,6,11,-0.2588190451025208,-0.9659258262890683,37.0
2023-11-26 14:00:00,61.9,41.1,515.0,28.0,12.0,82.0,14,6,11,-0.4999999999999997,-0.8660254037844388,40.2
2023-11-26 15:00:00,62.9,41.6,549.0,31.0,11.4,70.0,15,6,11,-0.7071067811865471,-0.7071067811865479,41.1
2023-11-26 16:00:00,63.8,42.1,529.0,28.0,10.5,68.0,16,6,11,-0.8660254037844384,-0.5000000000000004,41.6
2023-11-26 17:00:00,65.0,42.7,482.0,21.9,9.6,71.0,17,6,11,-0.9659258262890683,-0.25881904510252063,42.1
2023-11-26 18:00:00,64.0,42.0,439.0,16.7,8.7,73.0,18,6,11,-1.0,-1.8369701987210297e-16,42.7
2023-11-26 19:00:00,61.2,40.3,409.0,13.7,8.0,72.0,19,6,11,-0.9659258262890684,0.2588190451025203,42.0
2023-11-26 20:00:00,58.9,38.8,384.0,11.5,7.4,70.0,20,6,11,-0.8660254037844386,0.5000000000000001,40.3
2023-11-26 21:00:00,58.1,38.2,370.0,9.9,7.2,68.0,21,6,11,-0.7071067811865477,0.7071067811865474,38.8
2023-11-26 22:00:00,58.4,38.3,358.0,8.1,7.2,67.0,22,6,11,-0.5000000000000004,0.8660254037844384,38.2
2023-11-26 23:00:00,60.1,39.1,357.0,6.9,7.5,66.0,23,6,11,-0.25881904510252157,0.9659258262890681,38.3
2023-11-27 00:00:00,63.8,41.3,406.0,10.1,8.4,59.0,0,0,11,0.0,1.0,39.1
2023-11-27 01:00:00,67.8,43.8,551.0,20.6,10.5,50.0,1,0,11,0.25881904510252074,0.9659258262890683,41.3
2023-11-27 02:00:00,74.3,48.2,747.0,34.7,13.6,39.0,2,0,11,0.49999999999999994,0.8660254037844387,43.8
2023-11-27 03:00:00,81.7,53.3,865.0,41.9,17.1,40.0,3,0,11,0.7071067811865475,0.7071067811865476,48.2
2023-11-27 04:00:00,85.2,55.8,834.0,35.6,21.9,63.0,4,0,11,0.8660254037844386,0.5000000000000001,53.3
2023-11-27 05:00:00,86.1,56.1,725.0,22.4,27.1,98.0,5,0,11,0.9659258262890683,0.25881904510252074,55.8
2023-11-27 06:00:00,87.3,57.3,627.0,11.8,29.8,125.0,6,0,11,1.0,6.123233995736766e-17,56.1
2023-11-27 07:00:00,88.9,58.9,566.0,7.3,27.8,137.0,7,0,11,0.9659258262890683,-0.25881904510252063,57.3
2023-11-27 08:00:00,89.9,59.5,517.0,5.4,23.2,141.0,8,0,11,0.8660254037844387,-0.4999999999999998,58.9
2023-11-27 09:00:00,88.5,58.3,491.0,5.5,19.4,141.0,9,0,11,0.7071067811865476,-0.7071067811865475,59.5
2023-11-27 10:00:00,86.1,56.7,495.0,8.0,17.7,137.0,10,0,11,0.49999999999999994,-0.8660254037844387,58.3
2023-11-27 11:00:00,84.3,55.5,522.0,12.6,16.8,128.0,11,0,11,0.258819045102521,-0.9659258262890682,56.7
2023-11-27 12:00:00,89.2,59.1,579.0,17.5,16.5,117.0,12,0,11,1.2246467991473532e-16,-1.0,55.5
2023-11-27 13:00:00,92.7,61.9,637.0,22.9,16.5,104.0,13,0,11,-0.2588190451025208,-0.9659258262890683,59.1
2023-11-27 14:00:00,94.8,63.6,716.0,30.3,16.5,87.0,14,0,11,-0.4999999999999997,-0.8660254037844388,61.9
2023-11-27 15:00:00,94.3,63.3,775.0,35.4,16.4,73.0,15,0,11,-0.7071067811865471,-0.7071067811865479,63.6
2023-11-27 16:00:00,92.7,62.4,798.0,36.6,16.2,66.0,16,0,11,-0.8660254037844384,-0.5000000000000004,63.3
2023-11-27 17:00:00,90.8,61.2,800.0,35.4,15.9,64.0,17,0,11,-0.9659258262890683,-0.25881904510252063,62.4
2023-11-27 18:00:00,87.5,59.4,781.0,32.1,15.5,65.0,18,0,11,-1.0,-1.8369701987210297e-16,61.2
2023-11-27 19:00:00,82.2,55.9,730.0,25.4,15.0,73.0,19,0,11,-0.9659258262890684,0.2588190451025203,59.4
2023-11-27 20:00:00,75.9,51.7,657.0,16.6,14.5,84.0,20,0,11,-0.8660254037844386,0.5000000000000001,55.9
2023-11-27 21:00:00,70.5,48.1,601.0,9.9,14.1,92.0,21,0,11,-0.7071067811865477,0.7071067811865474,51.7
2023-11-27 22:00:00,66.6,45.5,563.0,6.2,13.8,94.0,22,0,11,-0.5000000000000004,0.8660254037844384,48.1
2023-11-27 23:00:00,64.3,43.9,541.0,4.6,13.6,92.0,23,0,11,-0.25881904510252157,0.9659258262890681,45.5
2023-11-28 00:00:00,64.0,43.7,573.0,7.2,13.9,88.0,0,1,11,0.0,1.0,43.9
2023-11-28 01:00:00,65.7,44.6,691.0,18.3,14.4,74.0,1,1,11,0.25881904510252074,0.9659258262890683,43.7
2023-11-28 02:00:00,70.5,47.8,849.0,33.1,15.1,56.0,2,1,11,0.49999999999999994,0.8660254037844387,44.6
2023-11-28 03:00:00,77.8,52.7,936.0,41.2,16.5,51.0,3,1,11,0.7071067811865475,0.7071067811865476,47.8
2023-11-28 04:00:00,82.7,56.0,886.0,35.9,19.2,73.0,4,1,11,0.8660254037844386,0.5000000000000001,52.7
2023-11-28 05:00:00,89.4,60.3,764.0,23.9,22.6,108.0,5,1,11,0.9659258262890683,0.25881904510252074,56.0
2023-11-28 06:00:00,104.3,70.1,656.0,13.9,24.7,136.0,6,1,11,1.0,6.123233995736766e-17,60.3
2023-11-28 07:00:00,117.3,78.0,585.0,9.1,24.6,149.0,7,1,11,0.9659258262890683,-0.25881904510252063,70.1
2023-11-28 08:00:00,112.7,74.0,527.0,6.5,23.2,155.0,8,1,11,0.8660254037844387,-0.4999999999999998,78.0
2023-11-28 09:00:00,99.2,64.7,493.0,5.6,22.0,156.0,9,1,11,0.7071067811865476,-0.7071067811865475,74.0
2023-11-28 10:00:00,90.1,58.8,488.0,6.6,21.3,153.0,10,1,11,0.49999999999999994,-0.8660254037844387,64.7
2023-11-28 11:00:00,88.9,58.7,508.0,9.3,20.7,145.0,11,1,11,0.258819045102521,-0.9659258262890682,58.8
2023-11-28 12:00:00,92.9,61.9,552.0,13.6,20.5,134.0,12,1,11,1.2246467991473532e-16,-1.0,58.7
2023-11-28 13:00:00,98.3,66.1,640.0,20.7,21.2,118.0,13,1,11,-0.2588190451025208,-0.9659258262890683,61.9
2023-11-28 14:00:00,102.4,69.2,751.0,29.3,22.3,98.0,14,1,11,-0.4999999999999997,-0.8660254037844388,66.1
2023-11-28 15:00:00,103.4,69.8,827.0,34.9,22.9,83.0,15,1,11,-0.7071067811865471,-0.7071067811865479,69.2
2023-11-28 16:00:00,102.4,69.2,840.0,35.4,22.6,76.0,16,1,11,-0.8660254037844384,-0.5000000000000004,69.8
2023-11-28 17:00:00,100.6,68.2,818.0,32.8,21.9,74.0,17,1,11,-0.9659258262890683,-0.25881904510252063,69.2
2023-11-28 18:00:00,98.7,66.8,782.0,29.0,21.0,75.0,18,1,11,-1.0,-1.8369701987210297e-16,68.2
2023-11-28 19:00:00,95.9,65.0,731.0,23.5,20.1,79.0,19,1,11,-0.9659258262890684,0.2588190451025203,66.8
2023-11-28 20:00:00,92.7,62.6,666.0,16.8,19.1,86.0,20,1,11,-0.8660254037844386,0.5000000000000001,65.0
2023-11-28 21:00:00,89.2,60.3,613.0,11.5,18.3,91.0,21,1,11,-0.7071067811865477,0.7071067811865474,62.6
2023-11-28 22:00:00,85.7,57.7,573.0,7.9,17.7,94.0,22,1,11,-0.5000000000000004,0.8660254037844384,60.3
2023-11-28 23:00:00,82.0,55.2,544.0,5.8,17.1,94.0,23,1,11,-0.25881904510252157,0.9659258262890681,57.7
2023-11-29 00:00:00,100.4,67.5,605.0,8.0,17.9,91.0,0,2,11,0.0,1.0,55.2
2023-11-29 01:00:00,98.5,66.1,719.0,19.3,18.0,79.0,1,2,11,0.25881904510252074,0.9659258262890683,67.5
2023-11-29 02:00:00,98.3,66.1,871.0,34.3,18.1,64.0,2,2,11,0.49999999999999994,0.8660254037844387,66.1
2023-11-29 03:00:00,98.3,65.9,946.0,42.4,18.6,61.0,3,2,11,0.7071067811865475,0.7071067811865476,66.1
2023-11-29 04:00:00,95.0,63.8,871.0,36.7,19.8,80.0,4,2,11,0.8660254037844386,0.5000000000000001,65.9
2023-11-29 05:00:00,87.8,58.6,719.0,24.0,21.3,111.0,5,2,11,0.9659258262890683,0.25881904510252074,63.8
2023-11-29 06:00:00,77.8,51.8,589.0,13.6,22.2,134.0,6,2,11,1.0,6.123233995736766e-17,58.6
2023-11-29 07:00:00,71.0,47.7,516.0,8.8,22.0,143.0,7,2,11,0.9659258262890683,-0.25881904510252063,51.8
2023-11-29 08:00:00,66.6,44.7,466.0,6.2,21.1,145.0,8,2,11,0.8660254037844387,-0.4999999999999998,47.7
2023-11-29 09:00:00,62.4,41.9,437.0,5.3,20.2,144.0,9,2,11,0.7071067811865476,-0.7071067811865475,44.7
2023-11-29 10:00:00,60.1,40.3,426.0,5.6,19.3,140.0,10,2,11,0.49999999999999994,-0.8660254037844387,41.9
2023-11-29 11:00:00,59.6,39.9,437.0,7.6,18.3,133.0,11,2,11,0.258819045102521,-0.9659258262890682,40.3
2023-11-29 12:00:00,56.7,38.1,461.0,11.5,17.1,120.0,12,2,11,1.2246467991473532e-16,-1.0,39.9
2023-11-29 13:00:00,66.4,44.9,603.0,23.9,18.2,100.0,13,2,11,-0.2588190451025208,-0.9659258262890683,38.1
2023-11-29 14:00:00,75.4,51.3,797.0,40.7,19.7,74.0,14,2,11,-0.4999999999999997,-0.8660254037844388,44.9
2023-11-29 15:00:00,81.0,55.3,931.0,51.5,20.8,54.0,15,2,11,-0.7071067811865471,-0.7071067811865479,51.3
2023-11-29 16:00:00,84.3,57.6,949.0,50.7,21.2,50.0,16,2,11,-0.8660254037844384,-0.5000000000000004,55.3
2023-11-29 17:00:00,86.6,59.1,908.0,43.9,21.2,52.0,17,2,11,-0.9659258262890683,-0.25881904510252063,57.6
2023-11-29 18:00:00,87.1,59.5,863.0,37.7,20.7,54.0,18,2,11,-1.0,-1.8369701987210297e-16,59.1
2023-11-29 19:00:00,85.7,58.7,836.0,34.6,19.3,50.0,19,2,11,-0.9659258262890684,0.2588190451025203,59.5
2023-11-29 20:00:00,83.1,56.9,807.0,32.2,17.3,46.0,20,2,11,-0.8660254037844386,0.5000000000000001,58.7
2023-11-29 21:00:00,79.4,54.2,769.0,29.4,15.6,43.0,21,2,11,-0.7071067811865477,0.7071067811865474,56.9
2023-11-29 22:00:00,74.3,50.8,691.0,24.1,14.5,45.0,22,2,11,-0.5000000000000004,0.8660254037844384,54.2
2023-11-29 23:00:00,68.9,46.9,604.0,18.5,13.6,49.0,23,2,11,-0.25881904510252157,0.9659258262890681,50.8
2023-11-30 00:00:00,65.9,44.9,695.0,26.5,12.4,34.0,0,3,11,0.0,1.0,46.9
2023-11-30 01:00:00,64.3,43.5,936.0,35.7,12.5,24.0,1,3,11,0.25881904510252074,0.9659258262890683,44.9
2023-11-30 02:00:00,68.0,46.2,1256.0,47.9,13.0,13.0,2,3,11,0.49999999999999994,0.8660254037844387,43.5
2023-11-30 03:00:00,77.5,53.0,1407.0,53.2,15.7,16.0,3,3,11,0.7071067811865475,0.7071067811865476,46.2
2023-11-30 04:00:00,83.6,57.0,1225.0,45.0,23.3,49.0,4,3,11,0.8660254037844386,0.5000000000000001,53.0
2023-11-30 05:00:00,83.6,56.6,873.0,29.9,33.2,97.0,5,3,11,0.9659258262890683,0.25881904510252074,57.0
2023-11-30 06:00:00,87.5,59.0,597.0,17.7,38.8,135.0,6,3,11,1.0,6.123233995736766e-17,56.6
2023-11-30 07:00:00,77.8,51.5,496.0,11.9,36.2,152.0,7,3,11,0.9659258262890683,-0.25881904510252063,59.0
2023-11-30 08:00:00,71.9,46.0,469.0,9.0,29.4,160.0,8,3,11,0.8660254037844387,-0.4999999999999998,51.5
2023-11-30 09:00:00,69.2,42.4,461.0,7.9,23.9,162.0,9,3,11,0.7071067811865476,-0.7071067811865475,46.0
2023-11-30 10:00:00,67.8,40.3,426.0,5.5,21.8,164.0,10,3,11,0.49999999999999994,-0.8660254037844387,42.4
2023-11-30 11:00:00,67.1,39.2,410.0,4.9,21.0,161.0,11,3,11,0.258819045102521,-0.9659258262890682,40.3
2023-11-30 12:00:00,72.4,40.5,476.0,13.3,17.7,138.0,12,3,11,1.2246467991473532e-16,-1.0,39.2
2023-11-30 13:00:00,78.9,46.1,790.0,42.6,18.4,103.0,13,3,11,-0.2588190451025208,-0.9659258262890683,40.5
2023-11-30 14:00:00,95.7,58.9,1225.0,82.6,19.3,55.0,14,3,11,-0.4999999999999997,-0.8660254037844388,46.1
2023-11-30 15:00:00,106.2,66.4,1566.0,110.4,20.2,20.0,15,3,11,-0.7071067811865471,-0.7071067811865479,58.9
2023-11-30 16:00:00,115.7,72.9,1743.0,114.5,21.2,10.0,16,3,11,-0.8660254037844384,-0.5000000000000004,66.4
2023-11-30 17:00:00,114.1,73.6,1825.0,106.4,22.2,14.0,17,3,11,-0.9659258262890683,-0.25881904510252063,72.9
2023-11-30 18:00:00,104.5,69.4,1810.0,97.3,22.4,17.0,18,3,11,-1.0,-1.8369701987210297e-16,73.6
2023-11-30 19:00:00,92.7,62.6,1662.0,91.6,21.1,16.0,19,3,11,-0.9659258262890684,0.2588190451025203,69.4
2023-11-30 20:00:00,81.5,55.6,1416.0,84.9,18.9,15.0,20,3,11,-0.8660254037844386,0.5000000000000001,62.6
2023-11-30 21:00:00,71.5,49.2,1176.0,75.9,17.4,17.0,21,3,11,-0.7071067811865477,0.7071067811865474,55.6
2023-11-30 22:00:00,63.1,43.7,952.0,61.5,17.2,26.0,22,3,11,-0.5000000000000004,0.8660254037844384,49.2
2023-11-30 23:00:00,56.2,39.0,733.0,44.8,17.7,38.0,23,3,11,-0.25881904510252157,0.9659258262890681,43.7
2023-12-01 00:00:00,61.5,41.4,950.0,55.1,15.3,14.0,0,4,12,0.0,1.0,39.0
2023-12-01 01:00:00,58.6,39.6,979.0,55.2,16.5,15.0,1,4,12,0.25881904510252074,0.9659258262890683,41.4
2023-12-01 02:00:00,58.4,39.9,1013.0,54.8,18.1,17.0,2,4,12,0.49999999999999994,0.8660254037844387,39.6
2023-12-01 03:00:00,58.2,40.3,986.0,50.8,19.7,29.0,3,4,12,0.7071067811865475,0.7071067811865476,39.9
2023-12-01 04:00:00,53.7,37.4,845.0,40.1,21.3,58.0,4,4,12,0.8660254037844386,0.5000000000000001,40.3
2023-12-01 05:00:00,51.6,36.0,644.0,25.9,22.8,96.0,5,4,12,0.9659258262890683,0.25881904510252074,37.4
2023-12-01 06:00:00,49.9,34.7,482.0,14.6,23.1,125.0,6,4,12,1.0,6.123233995736766e-17,36.0
2023-12-01 07:00:00,51.1,35.2,400.0,8.8,21.1,136.0,7,4,12,0.9659258262890683,-0.25881904510252063,34.7
2023-12-01 08:00:00,45.1,30.6,358.0,6.0,17.8,137.0,8,4,12,0.8660254037844387,-0.4999999999999998,35.2
2023-12-01 09:00:00,40.7,27.3,335.0,4.8,15.1,135.0,9,4,12,0.7071067811865476,-0.7071067811865475,30.6
2023-12-01 10:00:00,39.0,25.6,326.0,4.8,13.8,132.0,10,4,12,0.49999999999999994,-0.8660254037844387,27.3
2023-12-01 11:00:00,39.2,25.7,336.0,6.5,13.2,126.0,11,4,12,0.258819045102521,-0.9659258262890682,25.6
2023-12-01 12:00:00,39.5,25.5,364.0,9.6,12.8,117.0,12,4,12,1.2246467991473532e-16,-1.0,25.7
2023-12-01 13:00:00,44.0,29.4,418.0,14.7,13.2,105.0,13,4,12,-0.2588190451025208,-0.9659258262890683,25.5
2023-12-01 14:00:00,47.5,32.1,491.0,21.6,13.7,89.0,14,4,12,-0.4999999999999997,-0.8660254037844388,29.4
2023-12-01 15:00:00,49.4,33.4,541.0,26.1,13.9,76.0,15,4,12,-0.7071067811865471,-0.7071067811865479,32.1
2023-12-01 16:00:00,50.4,34.1,549.0,26.3,13.6,71.0,16,4,12,-0.8660254037844384,-0.5000000000000004,33.4
2023-12-01 17:00:00,51.6,34.8,534.0,24.0,12.9,70.0,17,4,12,-0.9659258262890683,-0.25881904510252063,34.1
2023-12-01 18:00:00,52.4,35.3,512.0,21.0,12.2,70.0,18,4,12,-1.0,-1.8369701987210297e-16,34.8
2023-12-01 19:00:00,51.5,34.7,481.0,17.1,11.3,71.0,19,4,12,-0.9659258262890684,0.2588190451025203,35.3
2023-12-01 20:00:00,49.8,33.5,443.0,12.4,10.2,73.0,20,4,12,-0.8660254037844386,0.5000000000000001,34.7
2023-12-01 21:00:00,49.5,33.3,417.0,8.9,9.6,74.0,21,4,12,-0.7071067811865477,0.7071067811865474,33.5
2023-12-01 22:00:00,51.0,34.2,403.0,6.7,9.5,73.0,22,4,12,-0.5000000000000004,0.8660254037844384,33.3
2023-12-01 23:00:00,53.4,35.9,402.0,5.7,9.8,71.0,23,4,12,-0.25881904510252157,0.9659258262890681,34.2
2023-12-02 00:00:00,56.9,38.3,443.0,7.0,10.5,70.0,0,5,12,0.0,1.0,35.9
2023-12-02 01:00:00,61.0,41.1,533.0,14.0,11.3,62.0,1,5,12,0.25881904510252074,0.9659258262890683,38.3
2023-12-02 02:00:00,66.8,44.9,653.0,23.3,12.4,53.0,2,5,12,0.49999999999999994,0.8660254037844387,41.1
2023-12-02 03:00:00,73.3,49.4,719.0,28.1,14.0,52.0,3,5,12,0.7071067811865475,0.7071067811865476,44.9
2023-12-02 04:00:00,77.8,52.3,681.0,24.0,16.7,69.0,4,5,12,0.8660254037844386,0.5000000000000001,49.4
2023-12-02 05:00:00,84.8,56.5,587.0,15.4,19.9,94.0,5,5,12,0.9659258262890683,0.25881904510252074,52.3
2023-12-02 06:00:00,88.0,58.1,500.0,8.6,21.4,114.0,6,5,12,1.0,6.123233995736766e-17,56.5
2023-12-02 07:00:00,67.8,44.6,433.0,5.9,19.9,123.0,7,5,12,0.9659258262890683,-0.25881904510252063,58.1
2023-12-02 08:00:00,54.9,36.1,373.0,4.9,16.9,126.0,8,5,12,0.8660254037844387,-0.4999999999999998,44.6
2023-12-02 09:00:00,49.1,32.2,335.0,4.8,14.4,126.0,9,5,12,0.7071067811865476,-0.7071067811865475,36.1
2023-12-02 10:00:00,46.4,30.4,326.0,5.4,13.3,124.0,10,5,12,0.49999999999999994,-0.8660254037844387,32.2
2023-12-02 11:00:00,46.9,30.6,340.0,6.9,12.9,119.0,11,5,12,0.258819045102521,-0.9659258262890682,30.4
2023-12-02 12:00:00,46.1,30.2,377.0,9.6,12.6,109.0,12,5,12,1.2246467991473532e-16,-1.0,30.6
2023-12-02 13:00:00,53.2,35.4,439.0,14.1,13.0,99.0,13,5,12,-0.2588190451025208,-0.9659258262890683,30.2
2023-12-02 14:00:00,58.2,39.1,525.0,20.2,13.6,84.0,14,5,12,-0.4999999999999997,-0.8660254037844388,35.4
2023-12-02 15:00:00,62.2,41.8,589.0,23.7,14.0,75.0,15,5,12,-0.7071067811865471,-0.7071067811865479,39.1
2023-12-02 16:00:00,65.9,44.4,610.0,22.4,14.0,74.0,16,5,12,-0.8660254037844384,-0.5000000000000004,41.8
2023-12-02 17:00:00,69.6,46.9,608.0,18.6,13.7,79.0,17,5,12,-0.9659258262890683,-0.25881904510252063,44.4
2023-12-02 18:00:00,72.4,48.9,599.0,14.8,13.8,83.0,18,5,12,-1.0,-1.8369701987210297e-16,46.9
2023-12-02 19:00:00,74.3,50.1,584.0,11.6,14.4,87.0,19,5,12,-0.9659258262890684,0.2588190451025203,48.9
2023-12-02 20:00:00,74.7,50.5,562.0,8.4,15.2,91.0,20,5,12,-0.8660254037844386,0.5000000000000001,50.1
2023-12-02 21:00:00,74.3,50.3,545.0,6.2,16.0,93.0,21,5,12,-0.7071067811865477,0.7071067811865474,50.5
2023-12-02 22:00:00,73.1,49.5,532.0,4.8,16.5,92.0,22,5,12,-0.5000000000000004,0.8660254037844384,50.3
2023-12-02 23:00:00,71.5,48.5,525.0,4.3,17.0,90.0,23,5,12,-0.25881904510252157,0.9659258262890681,49.5
2023-12-03 00:00:00,74.0,50.3,551.0,5.9,17.9,88.0,0,6,12,0.0,1.0,48.5
2023-12-03 01:00:00,74.5,50.6,624.0,12.7,18.5,81.0,1,6,12,0.25881904510252074,0.9659258262890683,50.3
2023-12-03 02:00:00,76.1,51.8,720.0,21.7,19.3,73.0,2,6,12,0.49999999999999994,0.8660254037844387,50.6
2023-12-03 03:00:00,77.8,52.9,760.0,26.3,19.9,71.0,3,6,12,0.7071067811865475,0.7071067811865476,51.8
2023-12-03 04:00:00,77.5,52.7,691.0,22.2,20.5,84.0,4,6,12,0.8660254037844386,0.5000000000000001,52.9
2023-12-03 05:00:00,70.1,47.5,564.0,13.8,20.9,103.0,5,6,12,0.9659258262890683,0.25881904510252074,52.7
2023-12-03 06:00:00,52.5,35.2,459.0,7.2,20.5,118.0,6,6,12,1.0,6.123233995736766e-17,47.5
2023-12-03 07:00:00,42.5,28.1,402.0,4.9,18.6,123.0,7,6,12,0.9659258262890683,-0.25881904510252063,35.2
2023-12-03 08:00:00,38.3,25.2,365.0,4.4,16.0,123.0,8,6,12,0.8660254037844387,-0.4999999999999998,28.1
2023-12-03 09:00:00,36.2,23.7,345.0,4.7,14.0,121.0,9,6,12,0.7071067811865476,-0.7071067811865475,25.2
2023-12-03 10:00:00,35.9,23.5,340.0,5.3,13.4,119.0,10,6,12,0.49999999999999994,-0.8660254037844387,23.7
2023-12-03 11:00:00,36.8,24.1,352.0,6.7,13.5,115.0,11,6,12,0.258819045102521,-0.9659258262890682,23.5
2023-12-03 12:00:00,36.4,23.7,386.0,10.0,13.4,108.0,12,6,12,1.2246467991473532e-16,-1.0,24.1
2023-12-03 13:00:00,42.4,28.1,464.0,17.6,13.7,93.0,13,6,12,-0.2588190451025208,-0.9659258262890683,23.7
2023-12-03 14:00:00,46.7,31.2,570.0,28.0,14.2,73.0,14,6,12,-0.4999999999999997,-0.8660254037844388,28.1
2023-12-03 15:00:00,48.9,32.7,644.0,34.7,14.5,58.0,15,6,12,-0.7071067811865471,-0.7071067811865479,31.2
2023-12-03 16:00:00,50.9,34.0,658.0,34.7,14.6,53.0,16,6,12,-0.8660254037844384,-0.5000000000000004,32.7
2023-12-03 17:00:00,53.4,35.7,640.0,30.9,14.5,54.0,17,6,12,-0.9659258262890683,-0.25881904510252063,34.0
2023-12-03 18:00:00,56.1,37.5,612.0,26.4,14.4,57.0,18,6,12,-1.0,-1.8369701987210297e-16,35.7
2023-12-03 19:00:00,58.1,38.8,576.0,21.2,14.3,62.0,19,6,12,-0.9659258262890684,0.2588190451025203,37.5
2023-12-03 20:00:00,59.3,39.5,531.0,15.3,14.2,69.0,20,6,12,-0.8660254037844386,0.5000000000000001,38.8
2023-12-03 21:00:00,60.1,40.0,496.0,10.7,14.2,75.0,21,6,12,-0.7071067811865477,0.7071067811865474,39.5
2023-12-03 22:00:00,60.8,40.5,467.0,7.5,14.4,79.0,22,6,12,-0.5000000000000004,0.8660254037844384,40.0
2023-12-03 23:00:00,61.2,40.9,449.0,5.6,14.7,80.0,23,6,12,-0.25881904510252157,0.9659258262890681,40.5
2023-12-04 00:00:00,60.5,40.4,468.0,7.9,14.8,77.0,0,0,12,0.0,1.0,40.9
2023-12-04 01:00:00,62.2,41.3,582.0,18.1,15.7,67.0,1,0,12,0.25881904510252074,0.9659258262890683,40.4
2023-12-04 02:00:00,66.6,44.4,735.0,31.8,17.0,54.0,2,0,12,0.49999999999999994,0.8660254037844387,41.3
2023-12-04 03:00:00,72.6,48.7,815.0,39.0,18.7,51.0,3,0,12,0.7071067811865475,0.7071067811865476,44.4
2023-12-04 04:00:00,76.8,51.7,753.0,33.5,21.6,70.0,4,0,12,0.8660254037844386,0.5000000000000001,48.7
2023-12-04 05:00:00,78.5,52.4,618.0,21.5,25.0,99.0,5,0,12,0.9659258262890683,0.25881904510252074,51.7
2023-12-04 06:00:00,68.9,45.9,502.0,11.8,26.5,121.0,6,0,12,1.0,6.123233995736766e-17,52.4
2023-12-04 07:00:00,54.6,35.6,436.0,7.7,24.5,129.0,7,0,12,0.9659258262890683,-0.25881904510252063,45.9
2023-12-04 08:00:00,49.4,31.8,388.0,5.9,20.6,130.0,8,0,12,0.8660254037844387,-0.4999999999999998,35.6
2023-12-04 09:00:00,47.4,30.0,360.0,5.3,17.7,129.0,9,0,12,0.7071067811865476,-0.7071067811865475,31.8
2023-12-04 10:00:00,47.0,29.5,348.0,5.3,16.8,127.0,10,0,12,0.49999999999999994,-0.8660254037844387,30.0
2023-12-04 11:00:00,47.4,29.5,355.0,6.5,16.8,123.0,11,0,12,0.258819045102521,-0.9659258262890682,29.5
2023-12-04 12:00:00,46.2,29.3,384.0,9.8,17.3,114.0,12,0,12,1.2246467991473532e-16,-1.0,29.5
2023-12-04 13:00:00,52.5,34.2,455.0,16.3,18.0,101.0,13,0,12,-0.2588190451025208,-0.9659258262890683,29.3
2023-12-04 14:00:00,55.5,36.6,553.0,25.1,18.9,82.0,14,0,12,-0.4999999999999997,-0.8660254037844388,34.2
2023-12-04 15:00:00,56.6,37.3,625.0,31.3,19.5,67.0,15,0,12,-0.7071067811865471,-0.7071067811865479,36.6
2023-12-04 16:00:00,56.9,37.5,651.0,32.8,19.7,59.0,16,0,12,-0.8660254037844384,-0.5000000000000004,37.3
2023-12-04 17:00:00,58.1,38.2,650.0,31.6,19.6,56.0,17,0,12,-0.9659258262890683,-0.25881904510252063,37.5
2023-12-04 18:00:00,59.4,39.0,635.0,29.0,19.1,55.0,18,0,12,-1.0,-1.8369701987210297e-16,38.2
2023-12-04 19:00:00,59.3,38.8,601.0,24.5,17.9,59.0,19,0,12,-0.9659258262890684,0.2588190451025203,39.0
2023-12-04 20:00:00,57.3,37.4,551.0,18.5,16.2,65.0,20,0,12,-0.8660254037844386,0.5000000000000001,38.8
2023-12-04 21:00:00,54.5,35.3,507.0,13.6,14.6,71.0,21,0,12,-0.7071067811865477,0.7071067811865474,37.4
2023-12-04 22:00:00,51.0,32.8,462.0,9.7,12.9,75.0,22,0,12,-0.5000000000000004,0.8660254037844384,35.3
2023-12-04 23:00:00,47.5,30.5,423.0,6.9,11.2,78.0,23,0,12,-0.25881904510252157,0.9659258262890681,32.8
2023-12-05 00:00:00,43.2,27.4,431.0,9.0,9.7,74.0,0,1,12,0.0,1.0,30.5
2023-12-05 01:00:00,41.6,26.3,546.0,19.7,9.6,61.0,1,1,12,0.25881904510252074,0.9659258262890683,27.4
2023-12-05 02:00:00,43.5,27.6,700.0,34.0,9.6,45.0,2,1,12,0.49999999999999994,0.8660254037844387,26.3
2023-12-05 03:00:00,48.5,31.1,781.0,41.4,10.8,41.0,3,1,12,0.7071067811865475,0.7071067811865476,27.6
2023-12-05 04:00:00,52.2,33.5,721.0,35.2,14.4,61.0,4,1,12,0.8660254037844386,0.5000000000000001,31.1
2023-12-05 05:00:00,54.1,34.2,589.0,22.0,19.2,93.0,5,1,12,0.9659258262890683,0.25881904510252074,33.5
2023-12-05 06:00:00,55.2,34.8,476.0,11.5,22.2,118.0,6,1,12,1.0,6.123233995736766e-17,34.2
2023-12-05 07:00:00,48.1,30.4,414.0,7.2,21.9,127.0,7,1,12,0.9659258262890683,-0.25881904510252063,34.8
2023-12-05 08:00:00,41.9,26.6,372.0,5.6,19.9,127.0,8,1,12,0.8660254037844387,-0.4999999999999998,30.4
2023-12-05 09:00:00,37.5,24.0,345.0,5.1,18.1,126.0,9,1,12,0.7071067811865476,-0.7071067811865475,26.6
2023-12-05 10:00:00,34.0,21.9,329.0,5.1,17.2,125.0,10,1,12,0.49999999999999994,-0.8660254037844387,24.0
2023-12-05 11:00:00,32.2,21.0,328.0,6.2,16.6,122.0,11,1,12,0.258819045102521,-0.9659258262890682,21.9
2023-12-05 12:00:00,37.5,24.4,359.0,9.7,17.1,113.0,12,1,12,1.2246467991473532e-16,-1.0,21.0
2023-12-05 13:00:00,40.9,27.1,446.0,18.7,17.4,96.0,13,1,12,-0.2588190451025208,-0.9659258262890683,24.4
2023-12-05 14:00:00,43.8,29.3,564.0,30.9,17.7,73.0,14,1,12,-0.4999999999999997,-0.8660254037844388,27.1
2023-12-05 15:00:00,44.5,29.8,641.0,38.5,17.7,56.0,15,1,12,-0.7071067811865471,-0.7071067811865479,29.3
2023-12-05 16:00:00,43.7,29.3,639.0,37.3,17.3,52.0,16,1,12,-0.8660254037844384,-0.5000000000000004,29.8
2023-12-05 17:00:00,43.5,29.0,596.0,31.5,16.5,54.0,17,1,12,-0.9659258262890683,-0.25881904510252063,29.3
2023-12-05 18:00:00,44.6,29.5,554.0,25.8,15.6,58.0,18,1,12,-1.0,-1.8369701987210297e-16,29.0
2023-12-05 19:00:00,45.6,30.0,526.0,21.4,14.3,62.0,19,1,12,-0.9659258262890684,0.2588190451025203,29.5
2023-12-05 20:00:00,46.1,30.2,500.0,17.1,12.8,67.0,20,1,12,-0.8660254037844386,0.5000000000000001,30.0
2023-12-05 21:00:00,45.6,29.6,477.0,13.5,11.6,71.0,21,1,12,-0.7071067811865477,0.7071067811865474,30.2
2023-12-05 22:00:00,44.5,28.8,448.0,9.8,11.0,75.0,22,1,12,-0.5000000000000004,0.8660254037844384,29.6
2023-12-05 23:00:00,43.7,28.1,424.0,6.9,10.8,79.0,23,1,12,-0.25881904510252157,0.9659258262890681,28.8
2023-12-06 00:00:00,41.9,27.0,432.0,8.4,10.5,75.0,0,2,12,0.0,1.0,28.1
2023-12-06 01:00:00,43.0,27.7,536.0,17.3,11.2,66.0,1,2,12,0.25881904510252074,0.9659258262890683,27.0
2023-12-06 02:00:00,46.9,30.5,674.0,29.3,12.2,54.0,2,2,12,0.49999999999999994,0.8660254037844387,27.7
2023-12-06 03:00:00,52.2,34.1,742.0,35.4,13.6,52.0,3,2,12,0.7071067811865475,0.7071067811865476,30.5
2023-12-06 04:00:00,55.6,36.8,673.0,30.0,16.0,68.0,4,2,12,0.8660254037844386,0.5000000000000001,34.1
2023-12-06 05:00:00,51.7,34.2,533.0,18.8,18.7,92.0,5,2,12,0.9659258262890683,0.25881904510252074,36.8
2023-12-06 06:00:00,37.8,25.5,418.0,9.9,20.1,112.0,6,2,12,1.0,6.123233995736766e-17,34.2
2023-12-06 07:00:00,30.6,20.8,364.0,6.4,18.8,121.0,7,2,12,0.9659258262890683,-0.25881904510252063,25.5
2023-12-06 08:00:00,27.9,18.9,334.0,5.3,16.0,125.0,8,2,12,0.8660254037844387,-0.4999999999999998,20.8
2023-12-06 09:00:00,26.4,17.8,317.0,5.2,13.9,126.0,9,2,12,0.7071067811865476,-0.7071067811865475,18.9
2023-12-06 10:00:00,25.8,17.2,306.0,5.6,13.3,125.0,10,2,12,0.49999999999999994,-0.8660254037844387,17.8
2023-12-06 11:00:00,25.8,17.2,308.0,7.0,13.4,121.0,11,2,12,0.258819045102521,-0.9659258262890682,17.2
2023-12-06 12:00:00,26.2,17.6,323.0,9.8,13.0,113.0,12,2,12,1.2246467991473532e-16,-1.0,17.2
2023-12-06 13:00:00,31.3,21.4,382.0,15.4,12.9,100.0,13,2,12,-0.2588190451025208,-0.9659258262890683,17.6
2023-12-06 14:00:00,33.8,23.1,464.0,23.1,12.8,82.0,14,2,12,-0.4999999999999997,-0.8660254037844388,21.4
2023-12-06 15:00:00,34.5,23.6,522.0,28.1,12.4,68.0,15,2,12,-0.7071067811865471,-0.7071067811865479,23.1
2023-12-06 16:00:00,34.6,23.7,537.0,28.3,11.6,62.0,16,2,12,-0.8660254037844384,-0.5000000000000004,23.6
2023-12-06 17:00:00,34.9,24.0,528.0,26.0,10.5,61.0,17,2,12,-0.9659258262890683,-0.25881904510252063,23.7
2023-12-06 18:00:00,35.0,24.0,511.0,22.6,9.5,63.0,18,2,12,-1.0,-1.8369701987210297e-16,24.0
2023-12-06 19:00:00,34.8,23.8,485.0,18.1,8.8,68.0,19,2,12,-0.9659258262890684,0.2588190451025203,24.0
2023-12-06 20:00:00,34.9,23.8,451.0,12.6,8.2,76.0,20,2,12,-0.8660254037844386,0.5000000000000001,23.8
2023-12-06 21:00:00,36.0,24.4,425.0,8.5,7.9,82.0,21,2,12,-0.7071067811865477,0.7071067811865474,23.8
2023-12-06 22:00:00,37.5,25.5,407.0,6.0,8.1,84.0,22,2,12,-0.5000000000000004,0.8660254037844384,24.4
2023-12-06 23:00:00,39.3,26.7,397.0,4.7,8.7,85.0,23,2,12,-0.25881904510252157,0.9659258262890681,25.5
2023-12-07 00:00:00,41.8,28.3,420.0,6.3,9.5,84.0,0,3,12,0.0,1.0,26.7
2023-12-07 01:00:00,43.9,29.8,494.0,13.2,10.2,76.0,1,3,12,0.25881904510252074,0.9659258262890683,28.3
2023-12-07 02:00:00,47.1,32.0,593.0,22.3,11.2,66.0,2,3,12,0.49999999999999994,0.8660254037844387,29.8
2023-12-07 03:00:00,51.0,34.8,643.0,27.2,12.7,64.0,3,3,12,0.7071067811865475,0.7071067811865476,32.0
2023-12-07 04:00:00,53.6,36.6,600.0,23.6,15.3,78.0,4,3,12,0.8660254037844386,0.5000000000000001,34.8
2023-12-07 05:00:00,52.0,35.5,510.0,15.6,18.5,101.0,5,3,12,0.9659258262890683,0.25881904510252074,36.6
2023-12-07 06:00:00,45.2,30.9,432.0,9.2,20.5,119.0,6,3,12,1.0,6.123233995736766e-17,35.5
2023-12-07 07:00:00,35.5,24.1,388.0,6.5,20.3,129.0,7,3,12,0.9659258262890683,-0.25881904510252063,30.9
2023-12-07 08:00:00,32.4,21.9,357.0,5.5,19.0,135.0,8,3,12,0.8660254037844387,-0.4999999999999998,24.1
2023-12-07 09:00:00,30.7,20.8,339.0,5.4,18.0,137.0,9,3,12,0.7071067811865476,-0.7071067811865475,21.9
2023-12-07 10:00:00,29.4,19.8,329.0,5.5,17.9,137.0,10,3,12,0.49999999999999994,-0.8660254037844387,20.8
2023-12-07 11:00:00,29.3,19.8,332.0,6.6,18.0,133.0,11,3,12,0.258819045102521,-0.9659258262890682,19.8
2023-12-07 12:00:00,31.7,21.3,368.0,10.9,17.7,122.0,12,3,12,1.2246467991473532e-16,-1.0,19.8
2023-12-07 13:00:00,39.8,27.1,473.0,21.3,17.7,103.0,13,3,12,-0.2588190451025208,-0.9659258262890683,21.3
2023-12-07 14:00:00,45.8,31.3,617.0,35.5,17.5,77.0,14,3,12,-0.4999999999999997,-0.8660254037844388,27.1
2023-12-07 15:00:00,48.2,33.1,715.0,44.7,17.2,57.0,15,3,12,-0.7071067811865471,-0.7071067811865479,31.3
2023-12-07 16:00:00,48.7,33.4,724.0,44.5,16.5,50.0,16,3,12,-0.8660254037844384,-0.5000000000000004,33.1
2023-12-07 17:00:00,48.8,33.5,686.0,39.4,15.6,50.0,17,3,12,-0.9659258262890683,-0.25881904510252063,33.4
2023-12-07 18:00:00,49.0,33.6,644.0,33.9,14.5,51.0,18,3,12,-1.0,-1.8369701987210297e-16,33.5
2023-12-07 19:00:00,48.3,33.2,608.0,29.2,13.1,52.0,19,3,12,-0.9659258262890684,0.2588190451025203,33.6
2023-12-07 20:00:00,46.6,32.0,566.0,24.0,11.6,54.0,20,3,12,-0.8660254037844386,0.5000000000000001,33.2
2023-12-07 21:00:00,44.6,30.6,528.0,19.6,10.4,56.0,21,3,12,-0.7071067811865477,0.7071067811865474,32.0
2023-12-07 22:00:00,42.5,29.2,475.0,14.9,9.7,58.0,22,3,12,-0.5000000000000004,0.8660254037844384,30.6
2023-12-07 23:00:00,40.3,27.6,425.0,11.0,9.4,59.0,23,3,12,-0.25881904510252157,0.9659258262890681,29.2
2023-12-08 00:00:00,38.4,26.3,442.0,12.1,9.6,54.0,0,4,12,0.0,1.0,27.6
2023-12-08 01:00:00,38.1,26.1,602.0,22.8,10.0,42.0,1,4,12,0.25881904510252074,0.9659258262890683,26.3
2023-12-08 02:00:00,41.4,28.4,817.0,37.2,10.8,26.0,2,4,12,0.49999999999999994,0.8660254037844387,26.1
2023-12-08 03:00:00,49.0,33.8,937.0,45.4,13.0,24.0,3,4,12,0.7071067811865475,0.7071067811865476,28.4
2023-12-08 04:00:00,52.3,36.1,873.0,41.7,17.9,48.0,4,4,12,0.8660254037844386,0.5000000000000001,33.8
2023-12-08 05:00:00,53.7,37.0,713.0,31.8,24.2,85.0,5,4,12,0.9659258262890683,0.25881904510252074,36.1
2023-12-08 06:00:00,45.8,31.5,576.0,23.1,29.5,117.0,6,4,12,1.0,6.123233995736766e-17,37.0
2023-12-08 07:00:00,34.5,23.6,500.0,17.8,33.1,138.0,7,4,12,0.9659258262890683,-0.25881904510252063,31.5
2023-12-08 08:00:00,32.4,22.1,447.0,13.6,35.7,154.0,8,4,12,0.8660254037844387,-0.4999999999999998,23.6
2023-12-08 09:00:00,33.5,22.7,415.0,11.2,36.7,165.0,9,4,12,0.7071067811865476,-0.7071067811865475,22.1
2023-12-08 10:00:00,34.9,23.5,405.0,10.5,35.7,171.0,10,4,12,0.49999999999999994,-0.8660254037844387,22.7
2023-12-08 11:00:00,37.1,24.6,417.0,11.6,33.1,172.0,11,4,12,0.258819045102521,-0.9659258262890682,23.5
2023-12-08 12:00:00,32.4,21.4,446.0,14.7,30.3,161.0,12,4,12,1.2246467991473532e-16,-1.0,24.6
2023-12-08 13:00:00,38.4,25.3,539.0,24.3,26.9,135.0,13,4,12,-0.2588190451025208,-0.9659258262890683,21.4
2023-12-08 14:00:00,45.6,29.9,666.0,37.5,22.2,99.0,14,4,12,-0.4999999999999997,-0.8660254037844388,25.3
2023-12-08 15:00:00,47.1,30.4,755.0,47.6,18.4,70.0,15,4,12,-0.7071067811865471,-0.7071067811865479,29.9
2023-12-08 16:00:00,46.2,29.2,774.0,52.0,16.4,54.0,16,4,12,-0.8660254037844384,-0.5000000000000004,30.4
2023-12-08 17:00:00,44.9,27.6,755.0,53.3,15.2,45.0,17,4,12,-0.9659258262890683,-0.25881904510252063,29.2
2023-12-08 18:00:00,44.2,26.4,724.0,52.8,14.2,39.0,18,4,12,-1.0,-1.8369701987210297e-16,27.6
2023-12-08 19:00:00,43.8,25.4,686.0,50.4,13.1,36.0,19,4,12,-0.9659258262890684,0.2588190451025203,26.4
2023-12-08 20:00:00,43.4,24.3,636.0,46.1,12.0,37.0,20,4,12,-0.8660254037844386,0.5000000000000001,25.4
2023-12-08 21:00:00,42.6,22.6,582.0,41.4,11.3,38.0,21,4,12,-0.7071067811865477,0.7071067811865474,24.3
2023-12-08 22:00:00,41.7,20.8,502.0,35.1,10.7,41.0,22,4,12,-0.5000000000000004,0.8660254037844384,22.6
2023-12-08 23:00:00,41.3,19.4,419.0,28.5,10.4,44.0,23,4,12,-0.25881904510252157,0.9659258262890681,20.8
2023-12-09 00:00:00,42.8,18.2,346.0,21.9,8.9,51.0,0,5,12,0.0,1.0,19.4
2023-12-09 01:00:00,45.5,18.7,518.0,33.4,10.1,39.0,1,5,12,0.25881904510252074,0.9659258262890683,18.2
2023-12-09 02:00:00,52.0,22.2,747.0,48.7,11.8,24.0,2,5,12,0.49999999999999994,0.8660254037844387,18.7
2023-12-09 03:00:00,63.8,29.7,863.0,56.0,12.9,21.0,3,5,12,0.7071067811865475,0.7071067811865476,22.2
2023-12-09 04:00:00,70.3,34.9,754.0,47.5,12.9,40.0,4,5,12,0.8660254037844386,0.5000000000000001,29.7
2023-12-09 05:00:00,66.1,26.2,532.0,31.0,12.4,70.0,5,5,12,0.9659258262890683,0.25881904510252074,34.9
2023-12-09 06:00:00,64.3,20.4,357.0,17.7,12.3,96.0,6,5,12,1.0,6.123233995736766e-17,26.2
2023-12-09 07:00:00,61.5,18.3,296.0,11.9,13.0,113.0,7,5,12,0.9659258262890683,-0.25881904510252063,20.4
2023-12-09 08:00:00,60.5,18.2,284.0,9.4,14.0,126.0,8,5,12,0.8660254037844387,-0.4999999999999998,18.3
2023-12-09 09:00:00,59.6,18.4,283.0,8.7,15.0,134.0,9,5,12,0.7071067811865476,-0.7071067811865475,18.2
2023-12-09 10:00:00,59.3,18.7,279.0,8.9,16.1,137.0,10,5,12,0.49999999999999994,-0.8660254037844387,18.4
2023-12-09 11:00:00,58.7,18.9,287.0,10.8,17.2,135.0,11,5,12,0.258819045102521,-0.9659258262890682,18.7
2023-12-09 12:00:00,57.6,18.5,312.0,15.1,16.8,120.0,12,5,12,1.2246467991473532e-16,-1.0,18.9
2023-12-09 13:00:00,56.5,19.1,390.0,25.2,15.2,96.0,13,5,12,-0.2588190451025208,-0.9659258262890683,18.5
2023-12-09 14:00:00,54.6,21.1,501.0,39.4,13.0,62.0,14,5,12,-0.4999999999999997,-0.8660254037844388,19.1
2023-12-09 15:00:00,53.4,22.5,606.0,51.5,11.6,35.0,15,5,12,-0.7071067811865471,-0.7071067811865479,21.1
2023-12-09 16:00:00,51.6,23.2,690.0,59.6,11.6,20.0,16,5,12,-0.8660254037844384,-0.5000000000000004,22.5
2023-12-09 17:00:00,52.7,25.0,767.0,65.6,12.4,11.0,17,5,12,-0.9659258262890683,-0.25881904510252063,23.2
2023-12-09 18:00:00,57.2,28.8,848.0,69.1,13.3,6.0,18,5,12,-1.0,-1.8369701987210297e-16,25.0
2023-12-09 19:00:00,62.4,33.4,955.0,69.7,14.2,4.0,19,5,12,-0.9659258262890684,0.2588190451025203,28.8
2023-12-09 20:00:00,66.1,38.2,1065.0,67.8,15.1,5.0,20,5,12,-0.8660254037844386,0.5000000000000001,33.4
2023-12-09 21:00:00,67.3,41.2,1116.0,64.6,15.7,7.0,21,5,12,-0.7071067811865477,0.7071067811865474,38.2
2023-12-09 22:00:00,66.4,42.0,1045.0,59.5,15.6,9.0,22,5,12,-0.5000000000000004,0.8660254037844384,41.2
2023-12-09 23:00:00,65.4,41.4,915.0,53.0,15.3,12.0,23,5,12,-0.25881904510252157,0.9659258262890681,42.0
2023-12-10 00:00:00,64.7,40.7,938.0,47.7,13.7,11.0,0,6,12,0.0,1.0,41.4
2023-12-10 01:00:00,66.4,41.6,1040.0,50.4,14.0,9.0,1,6,12,0.25881904510252074,0.9659258262890683,40.7
2023-12-10 02:00:00,71.9,45.3,1171.0,53.8,14.8,7.0,2,6,12,0.49999999999999994,0.8660254037844387,41.6
2023-12-10 03:00:00,81.3,51.7,1199.0,52.9,18.9,17.0,3,6,12,0.7071067811865475,0.7071067811865476,45.3
2023-12-10 04:00:00,88.5,55.3,1024.0,43.9,29.3,47.0,4,6,12,0.8660254037844386,0.5000000000000001,51.7
2023-12-10 05:00:00,86.6,51.6,747.0,30.8,42.9,88.0,5,6,12,0.9659258262890683,0.25881904510252074,55.3
2023-12-10 06:00:00,75.0,39.2,532.0,20.5,53.4,122.0,6,6,12,1.0,6.123233995736766e-17,51.6
2023-12-10 07:00:00,74.0,37.0,451.0,15.9,58.4,141.0,7,6,12,0.9659258262890683,-0.25881904510252063,39.2
2023-12-10 08:00:00,73.8,37.4,433.0,14.2,60.4,152.0,8,6,12,0.8660254037844387,-0.4999999999999998,37.0
2023-12-10 09:00:00,74.7,38.4,431.0,13.7,60.2,161.0,9,6,12,0.7071067811865476,-0.7071067811865475,37.4
2023-12-10 10:00:00,75.9,39.3,427.0,13.6,57.5,171.0,10,6,12,0.49999999999999994,-0.8660254037844387,38.4
2023-12-10 11:00:00,76.1,39.3,439.0,14.7,52.7,179.0,11,6,12,0.258819045102521,-0.9659258262890682,39.3
2023-12-10 12:00:00,68.9,35.4,474.0,17.7,47.1,181.0,12,6,12,1.2246467991473532e-16,-1.0,39.3
2023-12-10 13:00:00,70.3,36.8,578.0,27.6,42.2,157.0,13,6,12,-0.2588190451025208,-0.9659258262890683,35.4
2023-12-10 14:00:00,71.7,38.6,718.0,41.2,35.3,123.0,14,6,12,-0.4999999999999997,-0.8660254037844388,36.8
2023-12-10 15:00:00,70.3,38.2,805.0,50.4,29.1,95.0,15,6,12,-0.7071067811865471,-0.7071067811865479,38.6
2023-12-10 16:00:00,64.7,34.7,788.0,51.0,24.5,80.0,16,6,12,-0.8660254037844384,-0.5000000000000004,38.2
2023-12-10 17:00:00,59.4,31.5,717.0,47.1,20.6,72.0,17,6,12,-0.9659258262890683,-0.25881904510252063,34.7
2023-12-10 18:00:00,56.1,30.2,654.0,43.5,17.6,65.0,18,6,12,-1.0,-1.8369701987210297e-16,31.5
2023-12-10 19:00:00,54.5,29.7,626.0,42.0,15.7,57.0,19,6,12,-0.9659258262890684,0.2588190451025203,30.2
2023-12-10 20:00:00,52.9,29.2,607.0,40.7,14.7,50.0,20,6,12,-0.8660254037844386,0.5000000000000001,29.7
2023-12-10 21:00:00,51.0,28.2,578.0,38.4,14.0,46.0,21,6,12,-0.7071067811865477,0.7071067811865474,29.2
2023-12-10 22:00:00,48.0,26.5,506.0,32.7,13.5,47.0,22,6,12,-0.5000000000000004,0.8660254037844384,28.2
2023-12-10 23:00:00,44.5,24.5,424.0,25.9,13.2,49.0,23,6,12,-0.25881904510252157,0.9659258262890681,26.5
2023-12-11 00:00:00,42.6,24.0,453.0,26.2,13.5,46.0,0,0,12,0.0,1.0,24.5
2023-12-11 01:00:00,44.4,25.1,635.0,36.2,14.5,35.0,1,0,12,0.25881904510252074,0.9659258262890683,24.0
2023-12-11 02:00:00,51.8,29.8,876.0,49.3,15.8,22.0,2,0,12,0.49999999999999994,0.8660254037844387,25.1
2023-12-11 03:00:00,62.9,37.6,989.0,55.2,16.5,20.0,3,0,12,0.7071067811865475,0.7071067811865476,29.8
2023-12-11 04:00:00,61.5,36.0,848.0,46.9,16.3,42.0,4,0,12,0.8660254037844386,0.5000000000000001,37.6
2023-12-11 05:00:00,48.5,24.8,578.0,31.2,15.4,77.0,5,0,12,0.9659258262890683,0.25881904510252074,36.0
2023-12-11 06:00:00,41.7,19.3,364.0,18.4,14.2,103.0,6,0,12,1.0,6.123233995736766e-17,24.8
2023-12-11 07:00:00,38.4,16.9,282.0,12.1,12.3,114.0,7,0,12,0.9659258262890683,-0.25881904510252063,19.3
2023-12-11 08:00:00,39.2,16.2,255.0,8.5,10.0,117.0,8,0,12,0.8660254037844387,-0.4999999999999998,16.9
2023-12-11 09:00:00,41.2,15.5,242.0,6.8,8.2,115.0,9,0,12,0.7071067811865476,-0.7071067811865475,16.2
2023-12-11 10:00:00,43.3,14.7,222.0,6.0,7.3,109.0,10,0,12,0.49999999999999994,-0.8660254037844387,15.5
2023-12-11 11:00:00,43.4,14.2,215.0,7.0,6.8,98.0,11,0,12,0.258819045102521,-0.9659258262890682,14.7
2023-12-11 12:00:00,40.4,13.7,248.0,12.2,6.7,79.0,12,0,12,1.2246467991473532e-16,-1.0,14.2
2023-12-11 13:00:00,38.6,14.7,337.0,23.0,6.8,63.0,13,0,12,-0.2588190451025208,-0.9659258262890683,13.7
2023-12-11 14:00:00,40.0,17.4,461.0,38.0,6.9,41.0,14,0,12,-0.4999999999999997,-0.8660254037844388,14.7
2023-12-11 15:00:00,42.5,19.6,568.0,50.5,7.2,23.0,15,0,12,-0.7071067811865471,-0.7071067811865479,17.4
2023-12-11 16:00:00,44.8,21.6,645.0,58.1,8.0,14.0,16,0,12,-0.8660254037844384,-0.5000000000000004,19.6
2023-12-11 17:00:00,47.4,23.5,705.0,63.3,9.0,10.0,17,0,12,-0.9659258262890683,-0.25881904510252063,21.6
2023-12-11 18:00:00,50.6,25.7,738.0,66.1,9.7,8.0,18,0,12,-1.0,-1.8369701987210297e-16,23.5
2023-12-11 19:00:00,53.3,27.4,734.0,66.5,9.8,8.0,19,0,12,-0.9659258262890684,0.2588190451025203,25.7
2023-12-11 20:00:00,53.8,27.5,701.0,64.6,9.5,11.0,20,0,12,-0.8660254037844386,0.5000000000000001,27.4
2023-12-11 21:00:00,52.7,26.5,659.0,61.0,9.4,14.0,21,0,12,-0.7071067811865477,0.7071067811865474,27.5
2023-12-11 22:00:00,51.8,25.7,583.0,54.2,9.4,18.0,22,0,12,-0.5000000000000004,0.8660254037844384,26.5
2023-12-11 23:00:00,51.8,25.6,497.0,45.8,9.4,21.0,23,0,12,-0.25881904510252157,0.9659258262890681,25.7
2023-12-12 00:00:00,51.0,25.2,433.0,34.0,9.5,30.0,0,1,12,0.0,1.0,25.6
2023-12-12 01:00:00,52.7,26.9,656.0,38.8,10.3,21.0,1,1,12,0.25881904510252074,0.9659258262890683,25.2
2023-12-12 02:00:00,59.0,31.8,953.0,45.1,11.5,9.0,2,1,12,0.49999999999999994,0.8660254037844387,26.9
2023-12-12 03:00:00,71.0,41.3,1111.0,48.3,13.3,10.0,3,1,12,0.7071067811865475,0.7071067811865476,31.8
2023-12-12 04:00:00,72.6,42.1,994.0,45.8,16.4,34.0,4,1,12,0.8660254037844386,0.5000000000000001,41.3
2023-12-12 05:00:00,64.3,32.1,737.0,40.1,20.1,71.0,5,1,12,0.9659258262890683,0.25881904510252074,42.1
2023-12-12 06:00:00,61.9,29.5,526.0,33.8,23.0,104.0,6,1,12,1.0,6.123233995736766e-17,32.1
2023-12-12 07:00:00,61.0,26.0,430.0,26.5,24.3,128.0,7,1,12,0.9659258262890683,-0.25881904510252063,29.5
2023-12-12 08:00:00,62.2,25.9,380.0,18.7,24.8,149.0,8,1,12,0.8660254037844387,-0.4999999999999998,26.0
2023-12-12 09:00:00,63.1,26.7,353.0,13.7,25.7,162.0,9,1,12,0.7071067811865476,-0.7071067811865475,25.9
2023-12-12 10:00:00,64.3,27.5,328.0,11.7,27.7,170.0,10,1,12,0.49999999999999994,-0.8660254037844387,26.7
2023-12-12 11:00:00,65.4,28.2,325.0,12.6,30.0,171.0,11,1,12,0.258819045102521,-0.9659258262890682,27.5
2023-12-12 12:00:00,75.2,33.8,388.0,20.0,45.8,161.0,12,1,12,1.2246467991473532e-16,-1.0,28.2
2023-12-12 13:00:00,72.4,33.8,520.0,34.5,44.7,126.0,13,1,12,-0.2588190451025208,-0.9659258262890683,33.8
2023-12-12 14:00:00,71.7,37.3,701.0,54.3,43.2,79.0,14,1,12,-0.4999999999999997,-0.8660254037844388,33.8
2023-12-12 15:00:00,70.3,38.8,828.0,67.9,41.3,43.0,15,1,12,-0.7071067811865471,-0.7071067811865479,37.3
2023-12-12 16:00:00,68.5,39.6,858.0,70.3,39.2,30.0,16,1,12,-0.8660254037844384,-0.5000000000000004,38.8
2023-12-12 17:00:00,66.6,40.5,834.0,66.5,36.9,30.0,17,1,12,-0.9659258262890683,-0.25881904510252063,39.6
2023-12-12 18:00:00,66.4,41.9,786.0,59.4,34.1,33.0,18,1,12,-1.0,-1.8369701987210297e-16,40.5
2023-12-12 19:00:00,64.5,40.9,710.0,48.2,30.6,39.0,19,1,12,-0.9659258262890684,0.2588190451025203,41.9
2023-12-12 20:00:00,61.9,39.2,610.0,33.8,26.6,49.0,20,1,12,-0.8660254037844386,0.5000000000000001,40.9
2023-12-12 21:00:00,59.5,37.4,529.0,22.1,23.1,57.0,21,1,12,-0.7071067811865477,0.7071067811865474,39.2
2023-12-12 22:00:00,57.7,35.7,474.0,14.8,20.2,62.0,22,1,12,-0.5000000000000004,0.8660254037844384,37.4
2023-12-12 23:00:00,57.3,35.2,438.0,10.1,17.7,65.0,23,1,12,-0.25881904510252157,0.9659258262890681,35.7
2023-12-13 00:00:00,58.3,36.8,469.0,13.1,16.6,53.0,0,2,12,0.0,1.0,35.2
2023-12-13 01:00:00,60.5,37.5,543.0,19.0,16.1,51.0,1,2,12,0.25881904510252074,0.9659258262890683,36.8
2023-12-13 02:00:00,65.0,40.2,642.0,26.9,15.5,48.0,2,2,12,0.49999999999999994,0.8660254037844387,37.5
2023-12-13 03:00:00,70.8,44.1,698.0,31.0,16.2,52.0,3,2,12,0.7071067811865475,0.7071067811865476,40.2
2023-12-13 04:00:00,76.4,48.3,674.0,27.8,19.7,68.0,4,2,12,0.8660254037844386,0.5000000000000001,44.1
2023-12-13 05:00:00,78.9,49.4,607.0,20.7,24.4,91.0,5,2,12,0.9659258262890683,0.25881904510252074,48.3
2023-12-13 06:00:00,66.6,40.0,535.0,14.7,27.8,110.0,6,2,12,1.0,6.123233995736766e-17,49.4
2023-12-13 07:00:00,47.8,27.0,460.0,11.1,28.3,122.0,7,2,12,0.9659258262890683,-0.25881904510252063,40.0
2023-12-13 08:00:00,43.0,24.0,380.0,8.6,27.5,131.0,8,2,12,0.8660254037844387,-0.4999999999999998,27.0
2023-12-13 09:00:00,41.4,23.2,327.0,7.4,26.6,135.0,9,2,12,0.7071067811865476,-0.7071067811865475,24.0
2023-12-13 10:00:00,40.9,22.9,306.0,7.1,26.3,136.0,10,2,12,0.49999999999999994,-0.8660254037844387,23.2
2023-12-13 11:00:00,40.4,22.6,312.0,8.2,26.1,133.0,11,2,12,0.258819045102521,-0.9659258262890682,22.9
2023-12-13 12:00:00,47.3,23.1,359.0,12.1,24.7,124.0,12,2,12,1.2246467991473532e-16,-1.0,22.6
2023-12-13 13:00:00,52.2,27.1,453.0,20.3,24.2,107.0,13,2,12,-0.2588190451025208,-0.9659258262890683,23.1
2023-12-13 14:00:00,59.5,32.4,581.0,31.4,23.5,84.0,14,2,12,-0.4999999999999997,-0.8660254037844388,27.1
2023-12-13 15:00:00,64.3,34.9,667.0,37.8,22.8,67.0,15,2,12,-0.7071067811865471,-0.7071067811865479,32.4
2023-12-13 16:00:00,67.3,36.0,670.0,35.3,22.3,63.0,16,2,12,-0.8660254037844384,-0.5000000000000004,34.9
2023-12-13 17:00:00,70.3,36.7,632.0,28.1,21.8,65.0,17,2,12,-0.9659258262890683,-0.25881904510252063,36.0
2023-12-13 18:00:00,73.6,37.3,599.0,21.9,21.3,67.0,18,2,12,-1.0,-1.8369701987210297e-16,36.7
2023-12-13 19:00:00,75.9,37.7,590.0,18.6,20.5,67.0,19,2,12,-0.9659258262890684,0.2588190451025203,37.3
2023-12-13 20:00:00,77.3,37.8,587.0,16.2,19.7,66.0,20,2,12,-0.8660254037844386,0.5000000000000001,37.7
2023-12-13 21:00:00,77.8,38.0,582.0,14.1,19.0,66.0,21,2,12,-0.7071067811865477,0.7071067811865474,37.8
2023-12-13 22:00:00,77.3,37.8,562.0,11.3,18.5,68.0,22,2,12,-0.5000000000000004,0.8660254037844384,38.0
2023-12-13 23:00:00,76.4,37.4,541.0,8.8,18.1,71.0,23,2,12,-0.25881904510252157,0.9659258262890681,37.8
2023-12-14 00:00:00,75.0,36.8,559.0,9.7,17.7,68.0,0,3,12,0.0,1.0,37.4
2023-12-14 01:00:00,75.0,36.8,651.0,17.7,17.8,61.0,1,3,12,0.25881904510252074,0.9659258262890683,36.8
2023-12-14 02:00:00,76.6,38.6,774.0,28.5,18.1,51.0,2,3,12,0.49999999999999994,0.8660254037844387,36.8
2023-12-14 03:00:00,79.9,42.3,838.0,34.4,19.2,51.0,3,3,12,0.7071067811865475,0.7071067811865476,38.6
2023-12-14 04:00:00,81.7,44.8,794.0,31.0,21.8,67.0,4,3,12,0.8660254037844386,0.5000000000000001,42.3
2023-12-14 05:00:00,80.8,46.2,692.0,22.9,25.2,93.0,5,3,12,0.9659258262890683,0.25881904510252074,44.8
2023-12-14 06:00:00,65.9,38.8,588.0,15.8,27.5,114.0,6,3,12,1.0,6.123233995736766e-17,46.2
2023-12-14 07:00:00,38.8,25.1,490.0,11.7,27.8,127.0,7,3,12,0.9659258262890683,-0.25881904510252063,38.8
2023-12-14 08:00:00,30.7,22.2,391.0,8.7,27.2,137.0,8,3,12,0.8660254037844387,-0.4999999999999998,25.1
2023-12-14 09:00:00,29.7,22.2,324.0,7.3,26.6,142.0,9,3,12,0.7071067811865476,-0.7071067811865475,22.2
2023-12-14 10:00:00,28.5,22.3,287.0,5.6,26.7,146.0,10,3,12,0.49999999999999994,-0.8660254037844387,22.2
2023-12-14 11:00:00,28.1,22.1,283.0,5.6,26.9,146.0,11,3,12,0.258819045102521,-0.9659258262890682,22.3
2023-12-14 12:00:00,42.1,21.9,361.0,12.9,26.0,135.0,12,3,12,1.2246467991473532e-16,-1.0,22.1
2023-12-14 13:00:00,49.4,27.2,594.0,34.9,25.1,102.0,13,3,12,-0.2588190451025208,-0.9659258262890683,21.9
2023-12-14 14:00:00,61.7,36.6,910.0,65.0,23.8,56.0,14,3,12,-0.4999999999999997,-0.8660254037844388,27.2
2023-12-14 15:00:00,70.5,40.7,1113.0,84.7,22.6,24.0,15,3,12,-0.7071067811865471,-0.7071067811865479,36.6
2023-12-14 16:00:00,73.8,43.2,1104.0,85.5,21.7,17.0,16,3,12,-0.8660254037844384,-0.5000000000000004,40.7
2023-12-14 17:00:00,73.1,43.4,981.0,76.1,20.9,24.0,17,3,12,-0.9659258262890683,-0.25881904510252063,43.2
2023-12-14 18:00:00,69.2,40.9,844.0,63.9,20.4,34.0,18,3,12,-1.0,-1.8369701987210297e-16,43.4
2023-12-14 19:00:00,63.3,36.6,710.0,49.2,20.3,45.0,19,3,12,-0.9659258262890684,0.2588190451025203,40.9
2023-12-14 20:00:00,58.1,33.1,562.0,31.6,20.4,59.0,20,3,12,-0.8660254037844386,0.5000000000000001,36.6
2023-12-14 21:00:00,54.7,30.5,448.0,18.2,20.4,68.0,21,3,12,-0.7071067811865477,0.7071067811865474,33.1
2023-12-14 22:00:00,52.9,28.8,376.0,11.0,20.2,71.0,22,3,12,-0.5000000000000004,0.8660254037844384,30.5
2023-12-14 23:00:00,51.8,27.9,338.0,7.8,19.9,69.0,23,3,12,-0.25881904510252157,0.9659258262890681,28.8
2023-12-15 00:00:00,54.1,27.9,388.0,11.2,18.1,58.0,0,4,12,0.0,1.0,27.9
2023-12-15 01:00:00,54.9,28.7,510.0,21.2,18.3,47.0,1,4,12,0.25881904510252074,0.9659258262890683,27.9
2023-12-15 02:00:00,59.5,31.1,674.0,34.6,18.6,34.0,2,4,12,0.49999999999999994,0.8660254037844387,28.7
2023-12-15 03:00:00,66.8,35.0,768.0,42.1,19.8,32.0,3,4,12,0.7071067811865475,0.7071067811865476,31.1
2023-12-15 04:00:00,70.5,38.0,730.0,38.4,22.6,53.0,4,4,12,0.8660254037844386,0.5000000000000001,35.0
2023-12-15 05:00:00,70.5,38.5,623.0,28.8,26.2,86.0,5,4,12,0.9659258262890683,0.25881904510252074,38.0
2023-12-15 06:00:00,58.2,32.1,519.0,20.4,28.9,114.0,6,4,12,1.0,6.123233995736766e-17,38.5
2023-12-15 07:00:00,40.9,23.8,435.0,15.1,29.9,132.0,7,4,12,0.9659258262890683,-0.25881904510252063,32.1
2023-12-15 08:00:00,34.3,20.9,354.0,10.9,30.1,145.0,8,4,12,0.8660254037844387,-0.4999999999999998,23.8
2023-12-15 09:00:00,34.1,21.7,304.0,8.7,30.1,154.0,9,4,12,0.7071067811865476,-0.7071067811865475,20.9
2023-12-15 10:00:00,36.1,22.2,284.0,7.6,30.5,161.0,10,4,12,0.49999999999999994,-0.8660254037844387,21.7
2023-12-15 11:00:00,37.7,22.6,295.0,8.5,30.8,165.0,11,4,12,0.258819045102521,-0.9659258262890682,22.2
2023-12-15 12:00:00,42.1,27.0,363.0,14.8,29.1,152.0,12,4,12,1.2246467991473532e-16,-1.0,22.6
2023-12-15 13:00:00,46.4,29.9,503.0,28.6,29.5,129.0,13,4,12,-0.2588190451025208,-0.9659258262890683,27.0
2023-12-15 14:00:00,55.5,36.3,702.0,48.0,30.1,98.0,14,4,12,-0.4999999999999997,-0.8660254037844388,29.9
2023-12-15 15:00:00,62.9,41.3,892.0,65.8,30.1,69.0,15,4,12,-0.7071067811865471,-0.7071067811865479,36.3
2023-12-15 16:00:00,71.9,47.7,1075.0,81.4,29.4,47.0,16,4,12,-0.8660254037844384,-0.5000000000000004,41.3
2023-12-15 17:00:00,79.2,52.9,1250.0,95.3,28.2,29.0,17,4,12,-0.9659258262890683,-0.25881904510252063,47.7
2023-12-15 18:00:00,84.8,56.7,1342.0,102.0,26.4,16.0,18,4,12,-1.0,-1.8369701987210297e-16,52.9
2023-12-15 19:00:00,88.0,59.0,1305.0,97.6,23.7,11.0,19,4,12,-0.9659258262890684,0.2588190451025203,56.7
2023-12-15 20:00:00,84.5,56.6,1186.0,85.9,20.4,11.0,20,4,12,-0.8660254037844386,0.5000000000000001,59.0
2023-12-15 21:00:00,78.0,51.8,1046.0,72.5,17.7,15.0,21,4,12,-0.7071067811865477,0.7071067811865474,56.6
2023-12-15 22:00:00,70.3,46.3,866.0,56.1,16.0,24.0,22,4,12,-0.5000000000000004,0.8660254037844384,51.8
2023-12-15 23:00:00,61.9,40.2,665.0,38.0,14.9,35.0,23,4,12,-0.25881904510252157,0.9659258262890681,46.3
2023-12-16 00:00:00,62.9,40.7,667.0,37.1,15.4,28.0,0,5,12,0.0,1.0,40.2
2023-12-16 01:00:00,58.6,37.5,826.0,40.7,15.3,19.0,1,5,12,0.25881904510252074,0.9659258262890683,40.7
2023-12-16 02:00:00,61.5,39.5,1036.0,45.5,15.2,8.0,2,5,12,0.49999999999999994,0.8660254037844387,37.5
2023-12-16 03:00:00,69.8,45.8,1130.0,46.7,16.0,12.0,3,5,12,0.7071067811865475,0.7071067811865476,39.5
2023-12-16 04:00:00,77.5,50.9,1001.0,41.6,18.6,43.0,4,5,12,0.8660254037844386,0.5000000000000001,45.8
2023-12-16 05:00:00,73.8,47.4,756.0,33.0,22.0,88.0,5,5,12,0.9659258262890683,0.25881904510252074,50.9
2023-12-16 06:00:00,55.3,33.9,553.0,25.0,24.5,124.0,6,5,12,1.0,6.123233995736766e-17,47.4
2023-12-16 07:00:00,48.0,28.8,452.0,18.2,25.4,144.0,7,5,12,0.9659258262890683,-0.25881904510252063,33.9
2023-12-16 08:00:00,46.3,27.4,392.0,12.0,25.3,155.0,8,5,12,0.8660254037844387,-0.4999999999999998,28.8
2023-12-16 09:00:00,47.3,26.8,353.0,8.1,24.5,160.0,9,5,12,0.7071067811865476,-0.7071067811865475,27.4
2023-12-16 10:00:00,48.9,26.5,318.0,6.3,22.7,160.0,10,5,12,0.49999999999999994,-0.8660254037844387,26.8
2023-12-16 11:00:00,51.1,26.4,303.0,6.9,20.3,154.0,11,5,12,0.258819045102521,-0.9659258262890682,26.5
2023-12-16 12:00:00,65.4,34.8,401.0,14.1,20.8,153.0,12,5,12,1.2246467991473532e-16,-1.0,26.4
2023-12-16 13:00:00,66.6,36.8,500.0,24.7,18.6,128.0,13,5,12,-0.2588190451025208,-0.9659258262890683,34.8
2023-12-16 14:00:00,69.8,40.2,637.0,39.5,15.5,93.0,14,5,12,-0.4999999999999997,-0.8660254037844388,36.8
2023-12-16 15:00:00,67.5,39.1,739.0,51.1,13.1,64.0,15,5,12,-0.7071067811865471,-0.7071067811865479,40.2
2023-12-16 16:00:00,65.2,37.4,779.0,56.9,12.1,49.0,16,5,12,-0.8660254037844384,-0.5000000000000004,39.1
2023-12-16 17:00:00,65.0,37.0,784.0,59.6,11.8,40.0,17,5,12,-0.9659258262890683,-0.25881904510252063,37.4
2023-12-16 18:00:00,67.3,38.4,766.0,59.7,11.3,35.0,18,5,12,-1.0,-1.8369701987210297e-16,37.0
2023-12-16 19:00:00,69.2,39.5,723.0,56.7,10.4,33.0,19,5,12,-0.9659258262890684,0.2588190451025203,38.4
2023-12-16 20:00:00,65.4,37.1,657.0,51.0,9.3,33.0,20,5,12,-0.8660254037844386,0.5000000000000001,39.5
2023-12-16 21:00:00,60.1,33.6,589.0,45.0,8.5,34.0,21,5,12,-0.7071067811865477,0.7071067811865474,37.1
2023-12-16 22:00:00,57.2,31.4,504.0,38.0,7.9,34.0,22,5,12,-0.5000000000000004,0.8660254037844384,33.6
2023-12-16 23:00:00,55.8,29.8,417.0,30.6,7.5,35.0,23,5,12,-0.25881904510252157,0.9659258262890681,31.4
2023-12-17 00:00:00,57.5,31.3,470.0,31.6,7.2,31.0,0,6,12,0.0,1.0,29.8
2023-12-17 01:00:00,56.5,31.3,628.0,35.0,8.2,21.0,1,6,12,0.25881904510252074,0.9659258262890683,31.3
2023-12-17 02:00:00,60.8,34.9,842.0,39.4,9.8,8.0,2,6,12,0.49999999999999994,0.8660254037844387,31.3
2023-12-17 03:00:00,69.8,42.1,973.0,41.1,12.5,10.0,3,6,12,0.7071067811865475,0.7071067811865476,34.9
2023-12-17 04:00:00,82.4,49.7,948.0,37.8,17.2,39.0,4,6,12,0.8660254037844386,0.5000000000000001,42.1
2023-12-17 05:00:00,91.0,50.3,841.0,31.8,23.0,82.0,5,6,12,0.9659258262890683,0.25881904510252074,49.7
2023-12-17 06:00:00,100.1,53.4,734.0,25.9,28.4,119.0,6,6,12,1.0,6.123233995736766e-17,50.3
2023-12-17 07:00:00,99.9,50.8,645.0,20.4,33.1,143.0,7,6,12,0.9659258262890683,-0.25881904510252063,53.4
2023-12-17 08:00:00,97.1,48.7,557.0,15.0,37.2,160.0,8,6,12,0.8660254037844387,-0.4999999999999998,50.8
2023-12-17 09:00:00,91.3,44.8,495.0,11.6,39.7,170.0,9,6,12,0.7071067811865476,-0.7071067811865475,48.7
2023-12-17 10:00:00,85.0,41.3,463.0,10.3,39.6,175.0,10,6,12,0.49999999999999994,-0.8660254037844387,44.8
2023-12-17 11:00:00,84.8,41.9,459.0,11.1,37.8,173.0,11,6,12,0.258819045102521,-0.9659258262890682,41.3
2023-12-17 12:00:00,89.6,44.9,477.0,14.8,35.9,157.0,12,6,12,1.2246467991473532e-16,-1.0,41.9
2023-12-17 13:00:00,88.7,47.7,563.0,22.2,33.4,131.0,13,6,12,-0.2588190451025208,-0.9659258262890683,44.9
2023-12-17 14:00:00,87.3,49.8,677.0,32.1,29.8,96.0,14,6,12,-0.4999999999999997,-0.8660254037844388,47.7
2023-12-17 15:00:00,77.8,45.4,729.0,37.0,25.8,71.0,15,6,12,-0.7071067811865471,-0.7071067811865479,49.8
2023-12-17 16:00:00,62.4,35.7,661.0,32.2,20.9,66.0,16,6,12,-0.8660254037844384,-0.5000000000000004,45.4
2023-12-17 17:00:00,50.2,28.0,530.0,22.4,15.5,71.0,17,6,12,-0.9659258262890683,-0.25881904510252063,35.7
2023-12-17 18:00:00,46.2,26.0,424.0,14.4,11.6,75.0,18,6,12,-1.0,-1.8369701987210297e-16,28.0
2023-12-17 19:00:00,44.0,25.6,378.0,10.8,10.2,75.0,19,6,12,-0.9659258262890684,0.2588190451025203,26.0
2023-12-17 20:00:00,38.6,23.4,357.0,9.1,10.3,75.0,20,6,12,-0.8660254037844386,0.5000000000000001,25.6
2023-12-17 21:00:00,31.8,20.0,336.0,7.8,10.6,75.0,21,6,12,-0.7071067811865477,0.7071067811865474,23.4
2023-12-17 22:00:00,25.8,16.5,299.0,6.2,10.7,75.0,22,6,12,-0.5000000000000004,0.8660254037844384,20.0
2023-12-17 23:00:00,22.1,14.2,263.0,5.1,11.0,74.0,23,6,12,-0.25881904510252157,0.9659258262890681,16.5
2023-12-18 00:00:00,20.4,13.0,257.0,5.9,11.5,72.0,0,0,12,0.0,1.0,14.2
2023-12-18 01:00:00,20.8,13.0,299.0,10.6,12.0,66.0,1,0,12,0.25881904510252074,0.9659258262890683,13.0
2023-12-18 02:00:00,26.0,16.1,371.0,17.1,12.8,59.0,2,0,12,0.49999999999999994,0.8660254037844387,13.0
2023-12-18 03:00:00,36.8,22.8,452.0,20.7,14.6,61.0,3,0,12,0.7071067811865475,0.7071067811865476,16.1
2023-12-18 04:00:00,50.1,31.2,560.0,18.4,18.8,81.0,4,0,12,0.8660254037844386,0.5000000000000001,22.8
2023-12-18 05:00:00,76.6,47.5,678.0,13.1,24.1,110.0,5,0,12,0.9659258262890683,0.25881904510252074,31.2
2023-12-18 06:00:00,106.9,64.7,728.0,8.7,27.1,131.0,6,0,12,1.0,6.123233995736766e-17,47.5
2023-12-18 07:00:00,85.0,48.3,650.0,6.5,25.9,136.0,7,0,12,0.9659258262890683,-0.25881904510252063,64.7
2023-12-18 08:00:00,62.4,34.7,505.0,5.1,22.4,134.0,8,0,12,0.8660254037844387,-0.4999999999999998,48.3
2023-12-18 09:00:00,53.2,29.8,399.0,4.7,19.6,130.0,9,0,12,0.7071067811865476,-0.7071067811865475,34.7
2023-12-18 10:00:00,48.5,27.6,373.0,5.1,18.7,129.0,10,0,12,0.49999999999999994,-0.8660254037844387,29.8
2023-12-18 11:00:00,46.2,26.6,385.0,6.5,18.5,126.0,11,0,12,0.258819045102521,-0.9659258262890682,27.6
2023-12-18 12:00:00,49.8,28.8,434.0,9.7,19.4,121.0,12,0,12,1.2246467991473532e-16,-1.0,26.6
2023-12-18 13:00:00,52.2,31.4,487.0,14.8,18.5,107.0,13,0,12,-0.2588190451025208,-0.9659258262890683,28.8
2023-12-18 14:00:00,55.4,34.1,560.0,21.7,17.3,88.0,14,0,12,-0.4999999999999997,-0.8660254037844388,31.4
2023-12-18 15:00:00,56.5,34.8,612.0,25.9,16.3,75.0,15,0,12,-0.7071067811865471,-0.7071067811865479,34.1
2023-12-18 16:00:00,56.8,35.0,622.0,25.1,15.7,71.0,16,0,12,-0.8660254037844384,-0.5000000000000004,34.8
2023-12-18 17:00:00,58.4,36.1,611.0,21.6,15.4,73.0,17,0,12,-0.9659258262890683,-0.25881904510252063,35.0
2023-12-18 18:00:00,61.7,38.4,604.0,17.8,15.6,77.0,18,0,12,-1.0,-1.8369701987210297e-16,36.1
2023-12-18 19:00:00,65.4,41.1,611.0,13.9,16.5,84.0,19,0,12,-0.9659258262890684,0.2588190451025203,38.4
2023-12-18 20:00:00,68.2,43.4,621.0,9.7,17.9,94.0,20,0,12,-0.8660254037844386,0.5000000000000001,41.1
2023-12-18 21:00:00,69.4,44.6,625.0,6.6,19.1,101.0,21,0,12,-0.7071067811865477,0.7071067811865474,43.4
2023-12-18 22:00:00,68.7,44.2,612.0,4.7,19.8,104.0,22,0,12,-0.5000000000000004,0.8660254037844384,44.6
2023-12-18 23:00:00,67.1,43.3,594.0,4.0,20.4,104.0,23,0,12,-0.25881904510252157,0.9659258262890681,44.2
2023-12-19 00:00:00,68.2,44.1,614.0,5.0,21.5,106.0,0,1,12,0.0,1.0,43.3
2023-12-19 01:00:00,67.5,43.4,656.0,10.3,21.7,99.0,1,1,12,0.25881904510252074,0.9659258262890683,44.1
2023-12-19 02:00:00,68.2,43.9,711.0,17.5,22.1,89.0,2,1,12,0.49999999999999994,0.8660254037844387,43.4
2023-12-19 03:00:00,69.6,44.9,730.0,21.6,22.4,85.0,3,1,12,0.7071067811865475,0.7071067811865476,43.9
2023-12-19 04:00:00,69.2,44.7,684.0,19.6,22.8,91.0,4,1,12,0.8660254037844386,0.5000000000000001,44.9
2023-12-19 05:00:00,65.7,41.6,601.0,14.4,23.3,103.0,5,1,12,0.9659258262890683,0.25881904510252074,44.7
2023-12-19 06:00:00,54.8,33.8,520.0,10.0,23.3,114.0,6,1,12,1.0,6.123233995736766e-17,41.6
2023-12-19 07:00:00,43.5,26.4,446.0,7.6,22.5,122.0,7,1,12,0.9659258262890683,-0.25881904510252063,33.8
2023-12-19 08:00:00,36.4,21.8,373.0,6.0,21.3,130.0,8,1,12,0.8660254037844387,-0.4999999999999998,26.4
2023-12-19 09:00:00,33.4,20.0,324.0,5.5,20.4,134.0,9,1,12,0.7071067811865476,-0.7071067811865475,21.8
2023-12-19 10:00:00,31.9,19.3,306.0,5.7,20.2,136.0,10,1,12,0.49999999999999994,-0.8660254037844387,20.0
2023-12-19 11:00:00,31.2,19.0,313.0,7.0,20.3,135.0,11,1,12,0.258819045102521,-0.9659258262890682,19.3
2023-12-19 12:00:00,36.0,22.0,341.0,11.1,20.4,127.0,12,1,12,1.2246467991473532e-16,-1.0,19.0
2023-12-19 13:00:00,42.6,27.1,428.0,19.9,20.0,110.0,13,1,12,-0.2588190451025208,-0.9659258262890683,22.0
2023-12-19 14:00:00,47.5,30.7,545.0,31.8,19.5,86.0,14,1,12,-0.4999999999999997,-0.8660254037844388,27.1
2023-12-19 15:00:00,49.9,32.4,621.0,38.8,18.9,69.0,15,1,12,-0.7071067811865471,-0.7071067811865479,30.7
2023-12-19 16:00:00,50.4,32.6,616.0,36.7,18.2,65.0,16,1,12,-0.8660254037844384,-0.5000000000000004,32.4
2023-12-19 17:00:00,50.4,32.4,569.0,29.8,17.3,68.0,17,1,12,-0.9659258262890683,-0.25881904510252063,32.6
2023-12-19 18:00:00,50.5,32.2,523.0,23.1,16.4,72.0,18,1,12,-1.0,-1.8369701987210297e-16,32.4
2023-12-19 19:00:00,50.2,31.8,490.0,18.2,15.3,76.0,19,1,12,-0.9659258262890684,0.2588190451025203,32.2
2023-12-19 20:00:00,49.1,31.0,459.0,13.5,14.0,80.0,20,1,12,-0.8660254037844386,0.5000000000000001,31.8
2023-12-19 21:00:00,48.2,30.3,436.0,9.9,13.3,84.0,21,1,12,-0.7071067811865477,0.7071067811865474,31.0
2023-12-19 22:00:00,47.7,29.9,420.0,7.2,13.2,87.0,22,1,12,-0.5000000000000004,0.8660254037844384,30.3
2023-12-19 23:00:00,48.1,30.2,412.0,5.6,13.7,90.0,23,1,12,-0.25881904510252157,0.9659258262890681,29.9
2023-12-20 00:00:00,47.7,29.9,417.0,6.9,13.6,87.0,0,2,12,0.0,1.0,30.2
2023-12-20 01:00:00,49.2,31.0,489.0,13.6,14.4,80.0,1,2,12,0.25881904510252074,0.9659258262890683,29.9
2023-12-20 02:00:00,52.6,33.3,586.0,22.6,15.7,72.0,2,2,12,0.49999999999999994,0.8660254037844387,31.0
2023-12-20 03:00:00,56.8,36.4,640.0,27.6,17.2,70.0,3,2,12,0.7071067811865475,0.7071067811865476,33.3
2023-12-20 04:00:00,59.3,38.3,612.0,24.8,19.3,80.0,4,2,12,0.8660254037844386,0.5000000000000001,36.4
2023-12-20 05:00:00,56.7,36.6,541.0,18.1,21.8,97.0,5,2,12,0.9659258262890683,0.25881904510252074,38.3
2023-12-20 06:00:00,45.5,29.2,476.0,12.4,23.6,113.0,6,2,12,1.0,6.123233995736766e-17,36.6
2023-12-20 07:00:00,35.5,23.0,432.0,9.4,24.3,126.0,7,2,12,0.9659258262890683,-0.25881904510252063,29.2
2023-12-20 08:00:00,30.9,20.1,394.0,7.5,24.5,138.0,8,2,12,0.8660254037844387,-0.4999999999999998,23.0
2023-12-20 09:00:00,28.8,18.9,371.0,6.9,24.5,145.0,9,2,12,0.7071067811865476,-0.7071067811865475,20.1
2023-12-20 10:00:00,27.9,18.4,360.0,7.1,24.6,147.0,10,2,12,0.49999999999999994,-0.8660254037844387,18.9
2023-12-20 11:00:00,27.8,18.4,364.0,8.6,24.7,144.0,11,2,12,0.258819045102521,-0.9659258262890682,18.4
2023-12-20 12:00:00,28.7,19.0,397.0,12.7,24.3,135.0,12,2,12,1.2246467991473532e-16,-1.0,18.4
2023-12-20 13:00:00,36.6,24.6,490.0,22.2,23.3,114.0,13,2,12,-0.2588190451025208,-0.9659258262890683,19.0
2023-12-20 14:00:00,41.3,28.1,612.0,34.2,22.0,87.0,14,2,12,-0.4999999999999997,-0.8660254037844388,24.6
2023-12-20 15:00:00,41.8,28.3,689.0,41.6,20.8,67.0,15,2,12,-0.7071067811865471,-0.7071067811865479,28.1
2023-12-20 16:00:00,40.9,27.7,682.0,40.2,20.0,60.0,16,2,12,-0.8660254037844384,-0.5000000000000004,28.3
2023-12-20 17:00:00,40.5,27.4,630.0,34.2,19.2,60.0,17,2,12,-0.9659258262890683,-0.25881904510252063,27.7
2023-12-20 18:00:00,41.0,27.6,577.0,28.2,18.4,61.0,18,2,12,-1.0,-1.8369701987210297e-16,27.4
2023-12-20 19:00:00,41.4,27.8,538.0,23.6,17.3,62.0,19,2,12,-0.9659258262890684,0.2588190451025203,27.6
2023-12-20 20:00:00,41.3,27.6,498.0,19.2,16.0,65.0,20,2,12,-0.8660254037844386,0.5000000000000001,27.8
2023-12-20 21:00:00,40.9,27.3,462.0,15.4,15.1,68.0,21,2,12,-0.7071067811865477,0.7071067811865474,27.6
2023-12-20 22:00:00,39.7,26.5,421.0,11.7,14.6,71.0,22,2,12,-0.5000000000000004,0.8660254037844384,27.3
2023-12-20 23:00:00,38.1,25.3,384.0,8.8,14.3,75.0,23,2,12,-0.25881904510252157,0.9659258262890681,26.5
2023-12-21 00:00:00,32.0,21.4,385.0,10.1,13.2,69.0,0,3,12,0.0,1.0,25.3
2023-12-21 01:00:00,30.7,20.5,468.0,18.6,13.5,61.0,1,3,12,0.25881904510252074,0.9659258262890683,21.4
2023-12-21 02:00:00,31.8,21.4,580.0,30.1,14.0,50.0,2,3,12,0.49999999999999994,0.8660254037844387,20.5
2023-12-21 03:00:00,35.7,24.2,649.0,36.7,15.0,49.0,3,3,12,0.7071067811865475,0.7071067811865476,21.4
2023-12-21 04:00:00,40.3,27.4,638.0,33.8,16.8,65.0,4,3,12,0.8660254037844386,0.5000000000000001,24.2
2023-12-21 05:00:00,41.9,28.4,583.0,26.0,19.3,91.0,5,3,12,0.9659258262890683,0.25881904510252074,27.4
2023-12-21 06:00:00,38.4,25.9,525.0,19.0,21.8,113.0,6,3,12,1.0,6.123233995736766e-17,28.4
2023-12-21 07:00:00,27.8,18.8,468.0,14.5,24.7,129.0,7,3,12,0.9659258262890683,-0.25881904510252063,25.9
2023-12-21 08:00:00,23.0,15.6,408.0,10.9,27.8,142.0,8,3,12,0.8660254037844387,-0.4999999999999998,18.8
2023-12-21 09:00:00,22.0,14.9,369.0,9.1,29.9,150.0,9,3,12,0.7071067811865476,-0.7071067811865475,15.6
2023-12-21 10:00:00,21.8,14.8,352.0,8.7,30.5,152.0,10,3,12,0.49999999999999994,-0.8660254037844387,14.9
2023-12-21 11:00:00,22.0,14.9,356.0,10.1,30.2,149.0,11,3,12,0.258819045102521,-0.9659258262890682,14.8
2023-12-21 12:00:00,20.5,13.9,403.0,16.1,31.3,143.0,12,3,12,1.2246467991473532e-16,-1.0,14.9
2023-12-21 13:00:00,29.1,20.0,545.0,30.5,29.8,116.0,13,3,12,-0.2588190451025208,-0.9659258262890683,13.9
2023-12-21 14:00:00,38.8,26.8,736.0,49.9,27.7,79.0,14,3,12,-0.4999999999999997,-0.8660254037844388,20.0
2023-12-21 15:00:00,39.7,27.5,850.0,60.8,25.6,53.0,15,3,12,-0.7071067811865471,-0.7071067811865479,26.8
2023-12-21 16:00:00,40.0,27.7,814.0,55.4,23.7,49.0,16,3,12,-0.8660254037844384,-0.5000000000000004,27.5
2023-12-21 17:00:00,41.0,28.2,701.0,41.5,21.7,56.0,17,3,12,-0.9659258262890683,-0.25881904510252063,27.7
2023-12-21 18:00:00,41.9,28.8,600.0,29.4,19.9,63.0,18,3,12,-1.0,-1.8369701987210297e-16,28.2
2023-12-21 19:00:00,42.4,29.0,541.0,22.8,18.1,66.0,19,3,12,-0.9659258262890684,0.2588190451025203,28.8
2023-12-21 20:00:00,42.0,28.7,494.0,17.9,16.4,68.0,20,3,12,-0.8660254037844386,0.5000000000000001,29.0
2023-12-21 21:00:00,40.7,27.8,454.0,14.2,15.0,71.0,21,3,12,-0.7071067811865477,0.7071067811865474,28.7
2023-12-21 22:00:00,38.8,26.4,409.0,10.5,14.0,75.0,22,3,12,-0.5000000000000004,0.8660254037844384,27.8
2023-12-21 23:00:00,36.6,24.9,370.0,8.0,13.3,79.0,23,3,12,-0.25881904510252157,0.9659258262890681,26.4
2023-12-22 00:00:00,35.6,24.2,382.0,9.5,12.5,74.0,0,4,12,0.0,1.0,24.9
2023-12-22 01:00:00,34.8,23.7,470.0,18.5,12.8,65.0,1,4,12,0.25881904510252074,0.9659258262890683,24.2
2023-12-22 02:00:00,36.7,25.0,588.0,30.6,13.2,54.0,2,4,12,0.49999999999999994,0.8660254037844387,23.7
2023-12-22 03:00:00,41.6,28.5,663.0,37.6,13.9,52.0,3,4,12,0.7071067811865475,0.7071067811865476,25.0
2023-12-22 04:00:00,46.7,32.0,657.0,34.7,14.8,67.0,4,4,12,0.8660254037844386,0.5000000000000001,28.5
2023-12-22 05:00:00,46.6,31.9,607.0,26.5,15.9,92.0,5,4,12,0.9659258262890683,0.25881904510252074,32.0
2023-12-22 06:00:00,44.8,30.7,547.0,19.2,17.6,113.0,6,4,12,1.0,6.123233995736766e-17,31.9
2023-12-22 07:00:00,32.2,22.1,478.0,14.2,20.6,127.0,7,4,12,0.9659258262890683,-0.25881904510252063,30.7
2023-12-22 08:00:00,23.0,15.8,400.0,10.0,24.1,139.0,8,4,12,0.8660254037844387,-0.4999999999999998,22.1
2023-12-22 09:00:00,20.2,13.8,348.0,7.7,26.5,145.0,9,4,12,0.7071067811865476,-0.7071067811865475,15.8
2023-12-22 10:00:00,19.8,13.5,323.0,6.4,26.9,148.0,10,4,12,0.49999999999999994,-0.8660254037844387,13.8
2023-12-22 11:00:00,20.4,13.8,323.0,6.9,26.2,145.0,11,4,12,0.258819045102521,-0.9659258262890682,13.5
2023-12-22 12:00:00,15.0,10.2,400.0,14.7,28.1,143.0,12,4,12,1.2246467991473532e-16,-1.0,13.8
2023-12-22 13:00:00,24.0,16.6,695.0,37.3,27.4,108.0,13,4,12,-0.2588190451025208,-0.9659258262890683,10.2
2023-12-22 14:00:00,39.5,27.5,1092.0,67.9,26.2,60.0,14,4,12,-0.4999999999999997,-0.8660254037844388,16.6
2023-12-22 15:00:00,43.4,30.4,1326.0,86.9,24.2,26.0,15,4,12,-0.7071067811865471,-0.7071067811865479,27.5
2023-12-22 16:00:00,40.2,28.1,1245.0,84.0,20.8,19.0,16,4,12,-0.8660254037844384,-0.5000000000000004,30.4
2023-12-22 17:00:00,36.1,25.3,1000.0,69.5,16.7,27.0,17,4,12,-0.9659258262890683,-0.25881904510252063,28.1
2023-12-22 18:00:00,32.9,23.1,775.0,54.3,13.2,37.0,18,4,12,-1.0,-1.8369701987210297e-16,25.3
2023-12-22 19:00:00,29.8,20.8,629.0,40.7,10.9,47.0,19,4,12,-0.9659258262890684,0.2588190451025203,23.1
2023-12-22 20:00:00,26.7,18.6,504.0,26.4,9.3,60.0,20,4,12,-0.8660254037844386,0.5000000000000001,20.8
2023-12-22 21:00:00,24.2,16.8,406.0,15.5,8.3,70.0,21,4,12,-0.7071067811865477,0.7071067811865474,18.6
2023-12-22 22:00:00,22.3,15.3,337.0,9.6,7.9,74.0,22,4,12,-0.5000000000000004,0.8660254037844384,16.8
2023-12-22 23:00:00,21.0,14.3,295.0,7.1,8.2,76.0,23,4,12,-0.25881904510252157,0.9659258262890681,15.3
2023-12-23 00:00:00,21.7,15.1,406.0,18.2,7.7,48.0,0,5,12,0.0,1.0,14.3
2023-12-23 01:00:00,19.8,13.7,476.0,25.0,8.2,43.0,1,5,12,0.25881904510252074,0.9659258262890683,15.1
2023-12-23 02:00:00,21.4,14.7,570.0,34.1,9.1,36.0,2,5,12,0.49999999999999994,0.8660254037844387,13.7
2023-12-23 03:00:00,26.1,17.9,612.0,38.2,10.5,38.0,3,5,12,0.7071067811865475,0.7071067811865476,14.7
2023-12-23 04:00:00,29.9,20.4,555.0,32.7,12.8,55.0,4,5,12,0.8660254037844386,0.5000000000000001,17.9
2023-12-23 05:00:00,31.9,21.5,447.0,22.3,15.6,79.0,5,5,12,0.9659258262890683,0.25881904510252074,20.4
2023-12-23 06:00:00,32.9,21.9,358.0,13.8,18.1,99.0,6,5,12,1.0,6.123233995736766e-17,21.5
2023-12-23 07:00:00,29.1,19.0,313.0,9.5,20.3,110.0,7,5,12,0.9659258262890683,-0.25881904510252063,21.9
2023-12-23 08:00:00,26.4,17.2,286.0,7.1,22.2,117.0,8,5,12,0.8660254037844387,-0.4999999999999998,19.0
2023-12-23 09:00:00,25.0,16.3,277.0,6.0,23.3,121.0,9,5,12,0.7071067811865476,-0.7071067811865475,17.2
2023-12-23 10:00:00,24.4,15.9,284.0,6.4,23.1,123.0,10,5,12,0.49999999999999994,-0.8660254037844387,16.3
2023-12-23 11:00:00,24.2,15.9,309.0,8.2,22.2,122.0,11,5,12,0.258819045102521,-0.9659258262890682,15.9
2023-12-23 12:00:00,35.5,23.7,352.0,10.8,21.8,118.0,12,5,12,1.2246467991473532e-16,-1.0,15.9
2023-12-23 13:00:00,43.4,29.7,414.0,14.0,21.0,110.0,13,5,12,-0.2588190451025208,-0.9659258262890683,23.7
2023-12-23 14:00:00,48.4,33.6,500.0,18.3,19.9,99.0,14,5,12,-0.4999999999999997,-0.8660254037844388,29.7
2023-12-23 15:00:00,51.8,36.1,565.0,20.5,19.5,92.0,15,5,12,-0.7071067811865471,-0.7071067811865479,33.6
2023-12-23 16:00:00,54.4,37.8,587.0,19.0,20.5,93.0,16,5,12,-0.8660254037844384,-0.5000000000000004,36.1
2023-12-23 17:00:00,55.9,38.9,589.0,15.4,22.2,98.0,17,5,12,-0.9659258262890683,-0.25881904510252063,37.8
2023-12-23 18:00:00,57.0,39.7,586.0,12.0,23.6,103.0,18,5,12,-1.0,-1.8369701987210297e-16,38.9
2023-12-23 19:00:00,57.9,40.2,585.0,9.4,24.7,106.0,19,5,12,-0.9659258262890684,0.2588190451025203,39.7
2023-12-23 20:00:00,58.2,40.3,579.0,6.9,25.6,109.0,20,5,12,-0.8660254037844386,0.5000000000000001,40.2
2023-12-23 21:00:00,58.1,40.2,573.0,5.2,25.6,110.0,21,5,12,-0.7071067811865477,0.7071067811865474,40.3
2023-12-23 22:00:00,57.6,39.8,559.0,4.1,24.2,108.0,22,5,12,-0.5000000000000004,0.8660254037844384,40.2
2023-12-23 23:00:00,57.3,39.6,544.0,3.7,22.1,104.0,23,5,12,-0.25881904510252157,0.9659258262890681,39.8
2023-12-24 00:00:00,54.8,37.8,541.0,5.1,21.2,98.0,0,6,12,0.0,1.0,39.6
2023-12-24 01:00:00,54.8,37.8,591.0,9.9,20.3,92.0,1,6,12,0.25881904510252074,0.9659258262890683,37.8
2023-12-24 02:00:00,56.9,39.3,658.0,16.3,19.2,84.0,2,6,12,0.49999999999999994,0.8660254037844387,37.8
2023-12-24 03:00:00,60.5,41.8,705.0,19.9,18.5,83.0,3,6,12,0.7071067811865475,0.7071067811865476,39.3
2023-12-24 04:00:00,62.6,43.3,715.0,18.0,18.8,96.0,4,6,12,0.8660254037844386,0.5000000000000001,41.8
2023-12-24 05:00:00,65.4,45.3,703.0,13.4,19.5,118.0,5,6,12,0.9659258262890683,0.25881904510252074,43.3
2023-12-24 06:00:00,68.7,47.4,679.0,9.5,20.5,136.0,6,6,12,1.0,6.123233995736766e-17,45.3
2023-12-24 07:00:00,64.3,44.2,632.0,7.6,21.7,149.0,7,6,12,0.9659258262890683,-0.25881904510252063,47.4
2023-12-24 08:00:00,56.3,38.6,572.0,6.5,23.0,160.0,8,6,12,0.8660254037844387,-0.4999999999999998,44.2
2023-12-24 09:00:00,51.1,35.0,539.0,6.4,24.0,166.0,9,6,12,0.7071067811865476,-0.7071067811865475,38.6
2023-12-24 10:00:00,50.9,34.8,546.0,7.4,24.4,167.0,10,6,12,0.49999999999999994,-0.8660254037844387,35.0
2023-12-24 11:00:00,54.4,37.3,580.0,9.4,24.4,163.0,11,6,12,0.258819045102521,-0.9659258262890682,34.8
2023-12-24 12:00:00,70.8,48.3,601.0,12.0,24.0,152.0,12,6,12,1.2246467991473532e-16,-1.0,37.3
2023-12-24 13:00:00,82.9,56.9,685.0,14.6,23.3,141.0,13,6,12,-0.2588190451025208,-0.9659258262890683,48.3
2023-12-24 14:00:00,90.3,62.2,799.0,18.2,22.3,126.0,14,6,12,-0.4999999999999997,-0.8660254037844388,56.9
2023-12-24 15:00:00,93.4,64.3,875.0,19.9,21.4,116.0,15,6,12,-0.7071067811865471,-0.7071067811865479,62.2
2023-12-24 16:00:00,93.6,64.5,882.0,18.2,20.8,115.0,16,6,12,-0.8660254037844384,-0.5000000000000004,64.3
2023-12-24 17:00:00,91.0,62.9,851.0,14.7,20.3,119.0,17,6,12,-0.9659258262890683,-0.25881904510252063,64.5
2023-12-24 18:00:00,85.2,58.8,799.0,11.6,19.7,121.0,18,6,12,-1.0,-1.8369701987210297e-16,62.9
2023-12-24 19:00:00,76.4,52.6,723.0,9.4,18.8,119.0,19,6,12,-0.9659258262890684,0.2588190451025203,58.8
2023-12-24 20:00:00,66.4,45.6,626.0,7.6,17.7,115.0,20,6,12,-0.8660254037844386,0.5000000000000001,52.6
2023-12-24 21:00:00,56.6,38.9,541.0,6.3,16.7,111.0,21,6,12,-0.7071067811865477,0.7071067811865474,45.6
2023-12-24 22:00:00,48.2,33.1,471.0,5.0,15.7,107.0,22,6,12,-0.5000000000000004,0.8660254037844384,38.9
2023-12-24 23:00:00,41.8,28.5,414.0,4.1,14.8,102.0,23,6,12,-0.25881904510252157,0.9659258262890681,33.1
2023-12-25 00:00:00,37.4,25.5,397.0,5.7,14.2,96.0,0,0,12,0.0,1.0,28.5
2023-12-25 01:00:00,34.5,23.4,438.0,12.0,14.0,86.0,1,0,12,0.25881904510252074,0.9659258262890683,25.5
2023-12-25 02:00:00,33.9,23.1,496.0,20.5,13.9,74.0,2,0,12,0.49999999999999994,0.8660254037844387,23.4
2023-12-25 03:00:00,35.7,24.3,539.0,25.6,14.5,70.0,3,0,12,0.7071067811865475,0.7071067811865476,23.1
2023-12-25 04:00:00,38.5,26.3,558.0,24.1,16.1,82.0,4,0,12,0.8660254037844386,0.5000000000000001,24.3
2023-12-25 05:00:00,42.3,28.7,563.0,19.1,18.3,102.0,5,0,12,0.9659258262890683,0.25881904510252074,26.3
2023-12-25 06:00:00,57.7,39.0,558.0,14.7,21.1,122.0,6,0,12,1.0,6.123233995736766e-17,28.7
2023-12-25 07:00:00,70.8,47.5,537.0,11.7,24.8,141.0,7,0,12,0.9659258262890683,-0.25881904510252063,39.0
2023-12-25 08:00:00,70.5,46.8,507.0,9.3,29.1,159.0,8,0,12,0.8660254037844387,-0.4999999999999998,47.5
2023-12-25 09:00:00,67.5,44.6,490.0,8.4,32.2,171.0,9,0,12,0.7071067811865476,-0.7071067811865475,46.8
2023-12-25 10:00:00,65.9,43.4,453.0,6.6,33.2,176.0,10,0,12,0.49999999999999994,-0.8660254037844387,44.6
2023-12-25 11:00:00,66.4,43.7,430.0,6.3,33.0,175.0,11,0,12,0.258819045102521,-0.9659258262890682,43.4
2023-12-25 12:00:00,54.9,36.4,498.0,15.3,32.1,159.0,12,0,12,1.2246467991473532e-16,-1.0,43.7
2023-12-25 13:00:00,68.5,46.0,845.0,44.9,32.8,120.0,13,0,12,-0.2588190451025208,-0.9659258262890683,36.4
2023-12-25 14:00:00,94.1,63.8,1319.0,85.0,33.8,68.0,14,0,12,-0.4999999999999997,-0.8660254037844388,46.0
2023-12-25 15:00:00,109.7,74.5,1635.0,109.6,34.3,32.0,15,0,12,-0.7071067811865471,-0.7071067811865479,63.8
2023-12-25 16:00:00,119.2,80.8,1648.0,104.8,34.0,30.0,16,0,12,-0.8660254037844384,-0.5000000000000004,74.5
2023-12-25 17:00:00,126.7,85.9,1504.0,84.4,33.2,45.0,17,0,12,-0.9659258262890683,-0.25881904510252063,80.8
2023-12-25 18:00:00,129.0,87.3,1353.0,64.5,31.8,59.0,18,0,12,-1.0,-1.8369701987210297e-16,85.9
2023-12-25 19:00:00,126.7,85.9,1238.0,49.3,29.7,67.0,19,0,12,-0.9659258262890684,0.2588190451025203,87.3
2023-12-25 20:00:00,121.1,82.0,1115.0,34.4,27.0,74.0,20,0,12,-0.8660254037844386,0.5000000000000001,85.9
2023-12-25 21:00:00,113.2,76.6,1008.0,23.2,24.4,77.0,21,0,12,-0.7071067811865477,0.7071067811865474,82.0
2023-12-25 22:00:00,105.0,71.0,897.0,16.4,21.7,74.0,22,0,12,-0.5000000000000004,0.8660254037844384,76.6
2023-12-25 23:00:00,96.6,65.2,801.0,13.3,19.1,68.0,23,0,12,-0.25881904510252157,0.9659258262890681,71.0
2023-12-26 00:00:00,89.4,60.3,808.0,13.4,17.7,64.0,0,1,12,0.0,1.0,65.2
2023-12-26 01:00:00,82.7,55.6,1025.0,23.4,16.4,44.0,1,1,12,0.25881904510252074,0.9659258262890683,60.3
2023-12-26 02:00:00,81.5,54.8,1316.0,37.1,15.0,19.0,2,1,12,0.49999999999999994,0.8660254037844387,55.6
2023-12-26 03:00:00,87.8,59.6,1481.0,46.3,16.1,15.0,3,1,12,0.7071067811865475,0.7071067811865476,54.8
2023-12-26 04:00:00,99.4,67.8,1407.0,47.4,22.4,52.0,4,1,12,0.8660254037844386,0.5000000000000001,59.6
2023-12-26 05:00:00,105.9,71.9,1206.0,43.9,31.3,111.0,5,1,12,0.9659258262890683,0.25881904510252074,67.8
2023-12-26 06:00:00,110.6,74.7,1013.0,38.4,37.2,159.0,6,1,12,1.0,6.123233995736766e-17,71.9
2023-12-26 07:00:00,96.9,65.2,861.0,29.8,37.7,185.0,7,1,12,0.9659258262890683,-0.25881904510252063,74.7
2023-12-26 08:00:00,72.6,48.9,717.0,19.1,35.3,201.0,8,1,12,0.8660254037844387,-0.4999999999999998,65.2
2023-12-26 09:00:00,59.1,39.7,614.0,11.8,32.3,207.0,9,1,12,0.7071067811865476,-0.7071067811865475,48.9
2023-12-26 10:00:00,51.3,34.3,562.0,9.8,29.1,203.0,10,1,12,0.49999999999999994,-0.8660254037844387,39.7
2023-12-26 11:00:00,47.7,31.7,551.0,11.2,25.2,191.0,11,1,12,0.258819045102521,-0.9659258262890682,34.3
2023-12-26 12:00:00,34.8,22.6,542.0,15.3,19.3,170.0,12,1,12,1.2246467991473532e-16,-1.0,31.7
2023-12-26 13:00:00,38.9,25.0,644.0,25.5,17.5,142.0,13,1,12,-0.2588190451025208,-0.9659258262890683,22.6
2023-12-26 14:00:00,48.2,31.0,784.0,39.6,15.0,104.0,14,1,12,-0.4999999999999997,-0.8660254037844388,25.0
2023-12-26 15:00:00,52.0,33.2,891.0,50.8,13.2,73.0,15,1,12,-0.7071067811865471,-0.7071067811865479,31.0
2023-12-26 16:00:00,53.7,34.0,936.0,57.0,12.7,57.0,16,1,12,-0.8660254037844384,-0.5000000000000004,33.2
2023-12-26 17:00:00,54.9,34.7,948.0,60.2,12.8,48.0,17,1,12,-0.9659258262890683,-0.25881904510252063,34.0
2023-12-26 18:00:00,56.3,35.6,935.0,60.5,12.7,42.0,18,1,12,-1.0,-1.8369701987210297e-16,34.7
2023-12-26 19:00:00,56.5,35.7,893.0,56.6,12.0,40.0,19,1,12,-0.9659258262890684,0.2588190451025203,35.6
2023-12-26 20:00:00,54.8,34.6,827.0,49.6,11.2,41.0,20,1,12,-0.8660254037844386,0.5000000000000001,35.7
2023-12-26 21:00:00,52.2,32.9,764.0,42.9,10.5,41.0,21,1,12,-0.7071067811865477,0.7071067811865474,34.6
2023-12-26 22:00:00,48.8,30.9,690.0,36.3,9.8,39.0,22,1,12,-0.5000000000000004,0.8660254037844384,32.9
2023-12-26 23:00:00,43.7,27.9,619.0,29.9,9.2,36.0,23,1,12,-0.25881904510252157,0.9659258262890681,30.9
2023-12-27 00:00:00,43.3,28.3,616.0,28.1,9.5,36.0,0,2,12,0.0,1.0,27.9
2023-12-27 01:00:00,39.0,25.8,785.0,35.4,9.5,25.0,1,2,12,0.25881904510252074,0.9659258262890683,28.3
2023-12-27 02:00:00,38.3,25.6,1012.0,45.1,9.9,11.0,2,2,12,0.49999999999999994,0.8660254037844387,25.8
2023-12-27 03:00:00,43.7,29.3,1144.0,49.4,12.0,14.0,3,2,12,0.7071067811865475,0.7071067811865476,25.6
2023-12-27 04:00:00,44.7,29.9,1093.0,43.4,17.5,47.0,4,2,12,0.8660254037844386,0.5000000000000001,29.3
2023-12-27 05:00:00,51.8,35.0,947.0,32.1,24.8,96.0,5,2,12,0.9659258262890683,0.25881904510252074,29.9
2023-12-27 06:00:00,70.3,48.1,812.0,22.1,31.0,137.0,6,2,12,1.0,6.123233995736766e-17,35.0
2023-12-27 07:00:00,71.0,48.4,723.0,15.6,35.8,161.0,7,2,12,0.9659258262890683,-0.25881904510252063,48.1
2023-12-27 08:00:00,63.3,42.4,647.0,10.5,39.4,177.0,8,2,12,0.8660254037844387,-0.4999999999999998,48.4
2023-12-27 09:00:00,57.9,37.4,588.0,7.5,40.3,184.0,9,2,12,0.7071067811865476,-0.7071067811865475,42.4
2023-12-27 10:00:00,54.7,34.5,544.0,7.0,36.4,178.0,10,2,12,0.49999999999999994,-0.8660254037844387,37.4
2023-12-27 11:00:00,51.9,32.9,519.0,8.6,29.7,163.0,11,2,12,0.258819045102521,-0.9659258262890682,34.5
2023-12-27 12:00:00,44.4,28.9,512.0,11.6,23.0,150.0,12,2,12,1.2246467991473532e-16,-1.0,32.9
2023-12-27 13:00:00,52.2,35.0,575.0,15.6,22.3,138.0,13,2,12,-0.2588190451025208,-0.9659258262890683,28.9
2023-12-27 14:00:00,60.5,40.9,661.0,20.8,21.5,121.0,14,2,12,-0.4999999999999997,-0.8660254037844388,35.0
2023-12-27 15:00:00,69.2,46.7,718.0,23.7,21.4,109.0,15,2,12,-0.7071067811865471,-0.7071067811865479,40.9
2023-12-27 16:00:00,77.3,52.0,719.0,22.0,22.9,107.0,16,2,12,-0.8660254037844384,-0.5000000000000004,46.7
2023-12-27 17:00:00,82.9,55.5,691.0,17.8,25.2,111.0,17,2,12,-0.9659258262890683,-0.25881904510252063,52.0
2023-12-27 18:00:00,85.4,57.0,660.0,13.8,26.9,115.0,18,2,12,-1.0,-1.8369701987210297e-16,55.5
2023-12-27 19:00:00,85.7,56.9,629.0,10.7,27.4,118.0,19,2,12,-0.9659258262890684,0.2588190451025203,57.0
2023-12-27 20:00:00,84.8,56.3,595.0,7.9,27.3,121.0,20,2,12,-0.8660254037844386,0.5000000000000001,56.9
2023-12-27 21:00:00,83.8,55.8,570.0,5.8,27.0,123.0,21,2,12,-0.7071067811865477,0.7071067811865474,56.3
2023-12-27 22:00:00,83.1,55.2,555.0,4.3,26.5,124.0,22,2,12,-0.5000000000000004,0.8660254037844384,55.8
2023-12-27 23:00:00,81.7,54.4,549.0,3.5,25.9,124.0,23,2,12,-0.25881904510252157,0.9659258262890681,55.2
2023-12-28 00:00:00,81.5,54.2,567.0,5.1,26.2,120.0,0,3,12,0.0,1.0,54.4
2023-12-28 01:00:00,81.0,53.9,627.0,11.7,26.1,112.0,1,3,12,0.25881904510252074,0.9659258262890683,54.2
2023-12-28 02:00:00,81.7,54.5,708.0,20.6,26.0,101.0,2,3,12,0.49999999999999994,0.8660254037844387,53.9
2023-12-28 03:00:00,83.6,55.9,752.0,25.8,25.6,97.0,3,3,12,0.7071067811865475,0.7071067811865476,54.5
2023-12-28 04:00:00,83.4,55.9,730.0,23.8,24.8,107.0,4,3,12,0.8660254037844386,0.5000000000000001,55.9
2023-12-28 05:00:00,81.5,54.4,670.0,18.0,23.7,123.0,5,3,12,0.9659258262890683,0.25881904510252074,55.9
2023-12-28 06:00:00,72.6,48.0,605.0,13.0,22.9,137.0,6,3,12,1.0,6.123233995736766e-17,54.4
2023-12-28 07:00:00,62.2,40.0,535.0,10.0,22.6,145.0,7,3,12,0.9659258262890683,-0.25881904510252063,48.0
2023-12-28 08:00:00,57.3,36.3,458.0,7.8,22.6,151.0,8,3,12,0.8660254037844387,-0.4999999999999998,40.0
2023-12-28 09:00:00,53.3,33.3,406.0,6.9,22.5,153.0,9,3,12,0.7071067811865476,-0.7071067811865475,36.3
2023-12-28 10:00:00,50.1,31.1,382.0,6.8,22.2,152.0,10,3,12,0.49999999999999994,-0.8660254037844387,33.3
2023-12-28 11:00:00,48.1,29.7,382.0,8.1,21.7,147.0,11,3,12,0.258819045102521,-0.9659258262890682,31.1
2023-12-28 12:00:00,51.7,32.2,403.0,12.3,20.3,137.0,12,3,12,1.2246467991473532e-16,-1.0,29.7
2023-12-28 13:00:00,60.8,39.0,527.0,24.0,19.8,115.0,13,3,12,-0.2588190451025208,-0.9659258262890683,32.2
2023-12-28 14:00:00,69.2,44.9,695.0,39.8,19.0,85.0,14,3,12,-0.4999999999999997,-0.8660254037844388,39.0
2023-12-28 15:00:00,71.9,46.9,798.0,48.7,18.1,65.0,15,3,12,-0.7071067811865471,-0.7071067811865479,44.9
2023-12-28 16:00:00,70.5,46.1,776.0,44.4,17.1,64.0,16,3,12,-0.8660254037844384,-0.5000000000000004,46.9
2023-12-28 17:00:00,68.2,44.6,689.0,33.3,16.1,72.0,17,3,12,-0.9659258262890683,-0.25881904510252063,46.1
2023-12-28 18:00:00,66.4,43.5,611.0,23.7,15.1,79.0,18,3,12,-1.0,-1.8369701987210297e-16,44.6
2023-12-28 19:00:00,64.7,42.5,568.0,18.6,14.1,82.0,19,3,12,-0.9659258262890684,0.2588190451025203,43.5
2023-12-28 20:00:00,62.2,40.7,533.0,14.9,13.2,84.0,20,3,12,-0.8660254037844386,0.5000000000000001,42.5
2023-12-28 21:00:00,59.0,38.6,503.0,12.1,12.6,86.0,21,3,12,-0.7071067811865477,0.7071067811865474,40.7
2023-12-28 22:00:00,56.2,36.8,464.0,8.8,12.4,88.0,22,3,12,-0.5000000000000004,0.8660254037844384,38.6
2023-12-28 23:00:00,53.8,35.2,429.0,6.3,12.6,90.0,23,3,12,-0.25881904510252157,0.9659258262890681,36.8
2023-12-29 00:00:00,52.7,34.5,446.0,9.2,11.9,78.0,0,4,12,0.0,1.0,35.2
2023-12-29 01:00:00,51.9,34.0,548.0,19.3,12.5,68.0,1,4,12,0.25881904510252074,0.9659258262890683,34.5
2023-12-29 02:00:00,53.8,35.4,686.0,33.0,13.5,55.0,2,4,12,0.49999999999999994,0.8660254037844387,34.0
2023-12-29 03:00:00,58.1,38.5,765.0,40.7,14.8,53.0,3,4,12,0.7071067811865475,0.7071067811865476,35.4
2023-12-29 04:00:00,60.3,40.2,735.0,37.1,16.6,72.0,4,4,12,0.8660254037844386,0.5000000000000001,38.5
2023-12-29 05:00:00,59.5,39.7,647.0,27.7,18.6,102.0,5,4,12,0.9659258262890683,0.25881904510252074,40.2
2023-12-29 06:00:00,44.6,29.7,554.0,19.3,20.5,126.0,6,4,12,1.0,6.123233995736766e-17,39.7
2023-12-29 07:00:00,28.8,19.2,464.0,14.0,22.2,139.0,7,4,12,0.9659258262890683,-0.25881904510252063,29.7
2023-12-29 08:00:00,23.1,15.1,371.0,9.8,23.6,146.0,8,4,12,0.8660254037844387,-0.4999999999999998,19.2
2023-12-29 09:00:00,22.2,14.4,307.0,7.4,24.3,149.0,9,4,12,0.7071067811865476,-0.7071067811865475,15.1
2023-12-29 10:00:00,21.1,13.7,279.0,6.3,23.7,149.0,10,4,12,0.49999999999999994,-0.8660254037844387,14.4
2023-12-29 11:00:00,20.7,13.5,280.0,7.1,22.3,146.0,11,4,12,0.258819045102521,-0.9659258262890682,13.7
2023-12-29 12:00:00,25.6,16.4,324.0,12.2,21.2,139.0,12,4,12,1.2246467991473532e-16,-1.0,13.5
2023-12-29 13:00:00,31.2,20.8,431.0,22.2,20.4,119.0,13,4,12,-0.2588190451025208,-0.9659258262890683,16.4
2023-12-29 14:00:00,38.3,26.0,575.0,35.6,19.1,91.0,14,4,12,-0.4999999999999997,-0.8660254037844388,20.8
2023-12-29 15:00:00,39.6,27.0,663.0,42.9,17.7,72.0,15,4,12,-0.7071067811865471,-0.7071067811865479,26.0
2023-12-29 16:00:00,39.6,27.0,640.0,38.4,15.9,71.0,16,4,12,-0.8660254037844384,-0.5000000000000004,27.0
2023-12-29 17:00:00,39.9,27.0,559.0,27.9,13.9,78.0,17,4,12,-0.9659258262890683,-0.25881904510252063,27.0
2023-12-29 18:00:00,40.9,27.4,492.0,18.8,12.3,86.0,18,4,12,-1.0,-1.8369701987210297e-16,27.0
2023-12-29 19:00:00,42.3,28.2,462.0,13.8,11.2,91.0,19,4,12,-0.9659258262890684,0.2588190451025203,27.4
2023-12-29 20:00:00,43.5,28.9,446.0,10.2,10.4,97.0,20,4,12,-0.8660254037844386,0.5000000000000001,28.2
2023-12-29 21:00:00,44.5,29.6,436.0,7.6,10.1,101.0,21,4,12,-0.7071067811865477,0.7071067811865474,28.9
2023-12-29 22:00:00,45.3,30.3,426.0,5.4,10.5,103.0,22,4,12,-0.5000000000000004,0.8660254037844384,29.6
2023-12-29 23:00:00,45.8,30.7,424.0,4.1,11.4,103.0,23,4,12,-0.25881904510252157,0.9659258262890681,30.3
2023-12-30 00:00:00,44.1,29.7,430.0,5.5,11.7,100.0,0,5,12,0.0,1.0,30.7
2023-12-30 01:00:00,44.4,30.0,493.0,11.9,12.2,92.0,1,5,12,0.25881904510252074,0.9659258262890683,29.7
2023-12-30 02:00:00,46.0,31.2,576.0,20.5,13.0,82.0,2,5,12,0.49999999999999994,0.8660254037844387,30.0
2023-12-30 03:00:00,48.7,33.2,620.0,25.4,13.7,79.0,3,5,12,0.7071067811865475,0.7071067811865476,31.2
2023-12-30 04:00:00,50.5,34.5,589.0,22.9,14.3,91.0,4,5,12,0.8660254037844386,0.5000000000000001,33.2
2023-12-30 05:00:00,50.1,34.0,519.0,16.6,14.8,110.0,5,5,12,0.9659258262890683,0.25881904510252074,34.5
2023-12-30 06:00:00,42.7,28.6,452.0,11.3,15.2,125.0,6,5,12,1.0,6.123233995736766e-17,34.0
2023-12-30 07:00:00,34.2,22.3,399.0,8.5,15.5,132.0,7,5,12,0.9659258262890683,-0.25881904510252063,28.6
2023-12-30 08:00:00,30.7,19.2,350.0,6.8,15.8,135.0,8,5,12,0.8660254037844387,-0.4999999999999998,22.3
2023-12-30 09:00:00,30.2,18.2,321.0,6.2,16.1,135.0,9,5,12,0.7071067811865476,-0.7071067811865475,19.2
2023-12-30 10:00:00,31.0,18.1,310.0,5.8,16.5,135.0,10,5,12,0.49999999999999994,-0.8660254037844387,18.2
2023-12-30 11:00:00,32.8,19.1,320.0,6.6,17.0,133.0,11,5,12,0.258819045102521,-0.9659258262890682,18.1
2023-12-30 12:00:00,37.4,22.2,381.0,11.2,15.6,124.0,12,5,12,1.2246467991473532e-16,-1.0,19.1
2023-12-30 13:00:00,47.4,30.3,486.0,20.4,15.1,107.0,13,5,12,-0.2588190451025208,-0.9659258262890683,22.2
2023-12-30 14:00:00,54.6,36.0,629.0,32.8,14.3,84.0,14,5,12,-0.4999999999999997,-0.8660254037844388,30.3
2023-12-30 15:00:00,59.0,39.3,719.0,39.5,13.6,70.0,15,5,12,-0.7071067811865471,-0.7071067811865479,36.0
2023-12-30 16:00:00,61.9,41.2,706.0,35.1,13.0,72.0,16,5,12,-0.8660254037844384,-0.5000000000000004,39.3
2023-12-30 17:00:00,64.3,42.8,640.0,24.9,12.4,83.0,17,5,12,-0.9659258262890683,-0.25881904510252063,41.2
2023-12-30 18:00:00,66.4,44.2,581.0,16.4,12.0,92.0,18,5,12,-1.0,-1.8369701987210297e-16,42.8
2023-12-30 19:00:00,67.8,44.8,550.0,12.2,11.9,96.0,19,5,12,-0.9659258262890684,0.2588190451025203,44.2
2023-12-30 20:00:00,68.2,45.1,527.0,9.6,11.9,99.0,20,5,12,-0.8660254037844386,0.5000000000000001,44.8
2023-12-30 21:00:00,68.2,45.1,512.0,7.8,12.1,101.0,21,5,12,-0.7071067811865477,0.7071067811865474,45.1
2023-12-30 22:00:00,68.2,45.1,498.0,5.8,12.5,103.0,22,5,12,-0.5000000000000004,0.8660254037844384,45.1
2023-12-30 23:00:00,68.5,45.2,491.0,4.5,13.0,105.0,23,5,12,-0.25881904510252157,0.9659258262890681,45.1
2023-12-31 00:00:00,67.8,44.7,503.0,6.3,13.2,99.0,0,6,12,0.0,1.0,45.2
2023-12-31 01:00:00,68.9,45.4,584.0,13.9,13.8,91.0,1,6,12,0.25881904510252074,0.9659258262890683,44.7
2023-12-31 02:00:00,71.2,47.0,693.0,24.2,14.7,81.0,2,6,12,0.49999999999999994,0.8660254037844387,45.4
2023-12-31 03:00:00,74.7,49.5,757.0,30.0,15.8,79.0,3,6,12,0.7071067811865475,0.7071067811865476,47.0
2023-12-31 04:00:00,76.6,50.9,735.0,27.2,17.0,94.0,4,6,12,0.8660254037844386,0.5000000000000001,49.5
2023-12-31 05:00:00,75.9,49.9,668.0,20.0,18.3,117.0,5,6,12,0.9659258262890683,0.25881904510252074,50.9
2023-12-31 06:00:00,70.1,44.8,599.0,13.8,20.0,136.0,6,6,12,1.0,6.123233995736766e-17,49.9
2023-12-31 07:00:00,59.8,37.1,535.0,10.3,22.4,145.0,7,6,12,0.9659258262890683,-0.25881904510252063,44.8
2023-12-31 08:00:00,51.5,31.1,470.0,7.8,25.2,150.0,8,6,12,0.8660254037844387,-0.4999999999999998,37.1
2023-12-31 09:00:00,46.9,28.0,427.0,6.6,26.8,151.0,9,6,12,0.7071067811865476,-0.7071067811865475,31.1
2023-12-31 10:00:00,45.8,27.1,411.0,6.8,26.5,148.0,10,6,12,0.49999999999999994,-0.8660254037844387,28.0
2023-12-31 11:00:00,46.2,27.4,418.0,8.3,25.0,142.0,11,6,12,0.258819045102521,-0.9659258262890682,27.1
2023-12-31 12:00:00,46.9,28.2,444.0,11.8,25.4,134.0,12,6,12,1.2246467991473532e-16,-1.0,27.4
2023-12-31 13:00:00,53.3,34.0,523.0,18.6,24.7,118.0,13,6,12,-0.2588190451025208,-0.9659258262890683,28.2
2023-12-31 14:00:00,58.6,38.2,631.0,27.6,23.6,96.0,14,6,12,-0.4999999999999997,-0.8660254037844388,34.0
2023-12-31 15:00:00,60.8,39.9,703.0,32.9,22.6,81.0,15,6,12,-0.7071067811865471,-0.7071067811865479,38.2
2023-12-31 16:00:00,62.9,41.3,704.0,30.8,21.7,78.0,16,6,12,-0.8660254037844384,-0.5000000000000004,39.9
2023-12-31 17:00:00,65.0,42.7,669.0,25.0,20.9,82.0,17,6,12,-0.9659258262890683,-0.25881904510252063,41.3
2023-12-31 18:00:00,67.1,44.1,636.0,19.4,20.3,87.0,18,6,12,-1.0,-1.8369701987210297e-16,42.7
2023-12-31 19:00:00,68.5,45.2,615.0,15.4,19.9,91.0,19,6,12,-0.9659258262890684,0.2588190451025203,44.1
2023-12-31 20:00:00,69.2,45.8,597.0,11.8,19.6,95.0,20,6,12,-0.8660254037844386,0.5000000000000001,45.2
2023-12-31 21:00:00,69.6,46.2,586.0,9.0,19.5,98.0,21,6,12,-0.7071067811865477,0.7071067811865474,45.8
2023-12-31 22:00:00,69.8,46.6,578.0,6.4,19.7,101.0,22,6,12,-0.5000000000000004,0.8660254037844384,46.2
2023-12-31 23:00:00,70.3,47.0,578.0,4.7,20.0,103.0,23,6,12,-0.25881904510252157,0.9659258262890681,46.6
2024-01-01 00:00:00,68.9,46.2,598.0,6.7,19.9,97.0,0,0,1,0.0,1.0,47.0
2024-01-01 01:00:00,70.1,47.1,689.0,14.8,20.4,89.0,1,0,1,0.25881904510252074,0.9659258262890683,46.2
2024-01-01 02:00:00,72.6,49.1,812.0,25.8,21.2,78.0,2,0,1,0.49999999999999994,0.8660254037844387,47.1
2024-01-01 03:00:00,76.1,51.8,887.0,31.8,22.2,77.0,3,0,1,0.7071067811865475,0.7071067811865476,49.1
2024-01-01 04:00:00,77.5,53.0,872.0,28.3,23.6,95.0,4,0,1,0.8660254037844386,0.5000000000000001,51.8
2024-01-01 05:00:00,75.4,51.7,807.0,20.0,25.2,122.0,5,0,1,0.9659258262890683,0.25881904510252074,53.0
2024-01-01 06:00:00,71.5,48.9,738.0,13.0,26.2,144.0,6,0,1,1.0,6.123233995736766e-17,51.7
2024-01-01 07:00:00,65.7,44.2,669.0,9.6,26.3,154.0,7,0,1,0.9659258262890683,-0.25881904510252063,48.9
2024-01-01 08:00:00,57.0,37.3,594.0,7.6,25.8,159.0,8,0,1,0.8660254037844387,-0.4999999999999998,44.2
2024-01-01 09:00:00,51.6,32.7,541.0,6.9,25.4,159.0,9,0,1,0.7071067811865476,-0.7071067811865475,37.3
2024-01-01 10:00:00,48.7,30.5,515.0,7.0,25.3,156.0,10,0,1,0.49999999999999994,-0.8660254037844387,32.7
2024-01-01 11:00:00,47.4,29.7,510.0,8.3,25.3,150.0,11,0,1,0.258819045102521,-0.9659258262890682,30.5
2024-01-01 12:00:00,34.0,21.4,521.0,12.2,24.8,142.0,12,0,1,1.2246467991473532e-16,-1.0,29.7
2024-01-01 13:00:00,35.7,23.8,615.0,20.6,23.4,124.0,13,0,1,-0.2588190451025208,-0.9659258262890683,21.4
2024-01-01 14:00:00,35.9,24.6,743.0,31.9,21.4,99.0,14,0,1,-0.4999999999999997,-0.8660254037844388,23.8
2024-01-01 15:00:00,34.8,24.3,830.0,38.4,19.9,82.0,15,0,1,-0.7071067811865471,-0.7071067811865479,24.6
2024-01-01 16:00:00,34.9,24.4,836.0,35.6,19.2,81.0,16,0,1,-0.8660254037844384,-0.5000000000000004,24.3
2024-01-01 17:00:00,37.1,26.0,800.0,27.9,18.9,89.0,17,0,1,-0.9659258262890683,-0.25881904510252063,24.4
2024-01-01 18:00:00,39.9,27.9,766.0,21.0,18.8,96.0,18,0,1,-1.0,-1.8369701987210297e-16,26.0
2024-01-01 19:00:00,42.3,29.4,746.0,16.7,18.7,99.0,19,0,1,-0.9659258262890684,0.2588190451025203,27.9
2024-01-01 20:00:00,43.4,30.2,727.0,13.2,18.7,102.0,20,0,1,-0.8660254037844386,0.5000000000000001,29.4
2024-01-01 21:00:00,44.0,30.6,713.0,10.5,18.9,104.0,21,0,1,-0.7071067811865477,0.7071067811865474,30.2
2024-01-01 22:00:00,44.5,30.9,693.0,7.4,19.1,107.0,22,0,1,-0.5000000000000004,0.8660254037844384,30.6
2024-01-01 23:00:00,45.2,31.3,678.0,5.1,19.5,109.0,23,0,1,-0.25881904510252157,0.9659258262890681,30.9
2024-01-02 00:00:00,42.1,29.2,693.0,8.2,18.4,97.0,0,1,1,0.0,1.0,31.3
2024-01-02 01:00:00,44.1,30.6,811.0,19.0,19.1,84.0,1,1,1,0.25881904510252074,0.9659258262890683,29.2
2024-01-02 02:00:00,48.8,33.8,971.0,33.6,20.1,67.0,2,1,1,0.49999999999999994,0.8660254037844387,30.6
2024-01-02 03:00:00,56.1,38.9,1067.0,41.9,21.5,63.0,3,1,1,0.7071067811865475,0.7071067811865476,33.8
2024-01-02 04:00:00,62.2,43.2,1044.0,38.0,23.4,83.0,4,1,1,0.8660254037844386,0.5000000000000001,38.9
2024-01-02 05:00:00,65.9,45.6,957.0,27.9,25.7,117.0,5,1,1,0.9659258262890683,0.25881904510252074,43.2
2024-01-02 06:00:00,68.9,47.0,863.0,19.1,27.7,145.0,6,1,1,1.0,6.123233995736766e-17,45.6
2024-01-02 07:00:00,64.0,42.4,768.0,13.9,29.4,163.0,7,1,1,0.9659258262890683,-0.25881904510252063,47.0
2024-01-02 08:00:00,57.6,37.4,666.0,10.1,30.9,176.0,8,1,1,0.8660254037844387,-0.4999999999999998,42.4
2024-01-02 09:00:00,54.6,34.9,597.0,8.4,32.1,184.0,9,1,1,0.7071067811865476,-0.7071067811865475,37.4
2024-01-02 10:00:00,52.7,33.3,540.0,5.3,33.1,191.0,10,1,1,0.49999999999999994,-0.8660254037844387,34.9
2024-01-02 11:00:00,52.3,32.6,516.0,4.3,33.8,193.0,11,1,1,0.258819045102521,-0.9659258262890682,33.3
2024-01-02 12:00:00,56.0,33.9,584.0,15.2,30.9,176.0,12,1,1,1.2246467991473532e-16,-1.0,32.6
2024-01-02 13:00:00,59.0,36.4,843.0,42.9,31.5,135.0,13,1,1,-0.2588190451025208,-0.9659258262890683,33.9
2024-01-02 14:00:00,76.6,50.1,1199.0,80.8,32.3,78.0,14,1,1,-0.4999999999999997,-0.8660254037844388,36.4
2024-01-02 15:00:00,86.4,58.1,1454.0,106.7,32.5,36.0,15,1,1,-0.7071067811865471,-0.7071067811865479,50.1
2024-01-02 16:00:00,92.0,62.6,1528.0,110.6,31.7,21.0,16,1,1,-0.8660254037844384,-0.5000000000000004,58.1
2024-01-02 17:00:00,93.6,64.5,1500.0,102.6,30.2,20.0,17,1,1,-0.9659258262890683,-0.25881904510252063,62.6
2024-01-02 18:00:00,90.1,62.4,1412.0,90.6,28.3,24.0,18,1,1,-1.0,-1.8369701987210297e-16,64.5
2024-01-02 19:00:00,84.8,58.7,1246.0,75.3,25.8,30.0,19,1,1,-0.9659258262890684,0.2588190451025203,62.4
2024-01-02 20:00:00,79.4,54.8,1019.0,56.1,22.8,41.0,20,1,1,-0.8660254037844386,0.5000000000000001,58.7
2024-01-02 21:00:00,73.8,50.9,827.0,39.3,20.4,52.0,21,1,1,-0.7071067811865477,0.7071067811865474,54.8
2024-01-02 22:00:00,68.7,46.9,687.0,25.2,18.8,66.0,22,1,1,-0.5000000000000004,0.8660254037844384,50.9
2024-01-02 23:00:00,63.6,43.0,582.0,13.6,17.8,80.0,23,1,1,-0.25881904510252157,0.9659258262890681,46.9
2024-01-03 00:00:00,60.3,40.2,578.0,11.9,16.9,80.0,0,2,1,0.0,1.0,43.0
2024-01-03 01:00:00,58.2,38.6,682.0,21.8,17.4,72.0,1,2,1,0.25881904510252074,0.9659258262890683,40.2
2024-01-03 02:00:00,60.1,39.8,820.0,35.1,18.2,61.0,2,2,1,0.49999999999999994,0.8660254037844387,38.6
2024-01-03 03:00:00,65.7,43.5,891.0,42.2,19.3,60.0,3,2,1,0.7071067811865475,0.7071067811865476,39.8
2024-01-03 04:00:00,69.4,46.0,833.0,37.3,21.2,77.0,4,2,1,0.8660254037844386,0.5000000000000001,43.5
2024-01-03 05:00:00,71.9,47.4,707.0,26.3,23.4,105.0,5,2,1,0.9659258262890683,0.25881904510252074,46.0
2024-01-03 06:00:00,66.8,42.3,599.0,17.0,25.1,129.0,6,2,1,1.0,6.123233995736766e-17,47.4
2024-01-03 07:00:00,58.7,35.4,537.0,12.1,25.7,147.0,7,2,1,0.9659258262890683,-0.25881904510252063,42.3
2024-01-03 08:00:00,56.3,32.8,492.0,9.0,25.8,162.0,8,2,1,0.8660254037844387,-0.4999999999999998,35.4
2024-01-03 09:00:00,56.3,32.0,461.0,7.5,25.7,170.0,9,2,1,0.7071067811865476,-0.7071067811865475,32.8
2024-01-03 10:00:00,55.3,30.5,436.0,7.1,25.7,170.0,10,2,1,0.49999999999999994,-0.8660254037844387,32.0
2024-01-03 11:00:00,54.6,29.6,426.0,8.3,25.6,164.0,11,2,1,0.258819045102521,-0.9659258262890682,30.5
2024-01-03 12:00:00,62.6,33.9,492.0,13.9,25.6,158.0,12,2,1,1.2246467991473532e-16,-1.0,29.6
2024-01-03 13:00:00,62.2,36.0,593.0,25.7,24.9,130.0,13,2,1,-0.2588190451025208,-0.9659258262890683,33.9
2024-01-03 14:00:00,64.7,39.8,727.0,41.4,23.8,92.0,14,2,1,-0.4999999999999997,-0.8660254037844388,36.0
2024-01-03 15:00:00,63.8,40.3,794.0,50.0,22.4,65.0,15,2,1,-0.7071067811865471,-0.7071067811865479,39.8
2024-01-03 16:00:00,61.9,39.3,733.0,44.6,20.5,61.0,16,2,1,-0.8660254037844384,-0.5000000000000004,40.3
2024-01-03 17:00:00,60.1,38.2,604.0,32.0,18.1,69.0,17,2,1,-0.9659258262890683,-0.25881904510252063,39.3
2024-01-03 18:00:00,59.5,37.5,495.0,21.3,15.9,77.0,18,2,1,-1.0,-1.8369701987210297e-16,38.2
2024-01-03 19:00:00,58.7,36.7,435.0,15.7,13.8,80.0,19,2,1,-0.9659258262890684,0.2588190451025203,37.5
2024-01-03 20:00:00,56.7,35.3,394.0,12.0,11.7,83.0,20,2,1,-0.8660254037844386,0.5000000000000001,36.7
2024-01-03 21:00:00,54.7,34.0,364.0,9.2,10.1,85.0,21,2,1,-0.7071067811865477,0.7071067811865474,35.3
2024-01-03 22:00:00,53.3,33.2,337.0,6.6,9.1,87.0,22,2,1,-0.5000000000000004,0.8660254037844384,34.0
2024-01-03 23:00:00,52.6,32.9,321.0,5.0,8.5,89.0,23,2,1,-0.25881904510252157,0.9659258262890681,33.2
2024-01-04 00:00:00,53.0,33.2,336.0,6.2,8.5,88.0,0,3,1,0.0,1.0,32.9
2024-01-04 01:00:00,54.0,34.1,414.0,12.8,8.8,81.0,1,3,1,0.25881904510252074,0.9659258262890683,33.2
2024-01-04 02:00:00,56.8,36.3,519.0,21.7,9.2,73.0,2,3,1,0.49999999999999994,0.8660254037844387,34.1
2024-01-04 03:00:00,60.5,39.1,588.0,26.7,10.2,72.0,3,3,1,0.7071067811865475,0.7071067811865476,36.3
2024-01-04 04:00:00,62.4,40.4,588.0,24.2,12.0,85.0,4,3,1,0.8660254037844386,0.5000000000000001,39.1
2024-01-04 05:00:00,62.4,40.4,551.0,17.8,14.3,106.0,5,3,1,0.9659258262890683,0.25881904510252074,40.4
2024-01-04 06:00:00,56.5,36.3,510.0,12.4,16.7,125.0,6,3,1,1.0,6.123233995736766e-17,40.4
2024-01-04 07:00:00,46.8,29.7,468.0,9.6,19.3,139.0,7,3,1,0.9659258262890683,-0.25881904510252063,36.3
2024-01-04 08:00:00,40.3,25.1,422.0,7.9,21.9,151.0,8,3,1,0.8660254037844387,-0.4999999999999998,29.7
2024-01-04 09:00:00,38.2,23.4,394.0,7.4,23.8,158.0,9,3,1,0.7071067811865476,-0.7071067811865475,25.1
2024-01-04 10:00:00,38.6,23.2,384.0,7.7,24.6,160.0,10,3,1,0.49999999999999994,-0.8660254037844387,23.4
2024-01-04 11:00:00,40.2,23.7,392.0,9.3,24.6,157.0,11,3,1,0.258819045102521,-0.9659258262890682,23.2
2024-01-04 12:00:00,68.7,40.6,463.0,14.3,24.2,150.0,12,3,1,1.2246467991473532e-16,-1.0,23.7
2024-01-04 13:00:00,77.8,48.2,547.0,21.4,22.8,132.0,13,3,1,-0.2588190451025208,-0.9659258262890683,40.6
2024-01-04 14:00:00,85.4,54.0,662.0,30.9,20.7,106.0,14,3,1,-0.4999999999999997,-0.8660254037844388,48.2
2024-01-04 15:00:00,88.9,56.2,737.0,36.2,18.9,88.0,15,3,1,-0.7071067811865471,-0.7071067811865479,54.0
2024-01-04 16:00:00,91.0,57.2,734.0,33.6,17.6,83.0,16,3,1,-0.8660254037844384,-0.5000000000000004,56.2
2024-01-04 17:00:00,92.9,58.2,691.0,26.8,16.5,85.0,17,3,1,-0.9659258262890683,-0.25881904510252063,57.2
2024-01-04 18:00:00,94.5,59.0,649.0,20.6,15.4,88.0,18,3,1,-1.0,-1.8369701987210297e-16,58.2
2024-01-04 19:00:00,94.8,58.9,620.0,16.4,14.1,90.0,19,3,1,-0.9659258262890684,0.2588190451025203,59.0
2024-01-04 20:00:00,94.3,58.1,593.0,12.7,12.7,92.0,20,3,1,-0.8660254037844386,0.5000000000000001,58.9
2024-01-04 21:00:00,93.4,57.0,568.0,9.8,11.7,94.0,21,3,1,-0.7071067811865477,0.7071067811865474,58.1
2024-01-04 22:00:00,92.4,56.0,537.0,7.1,11.3,96.0,22,3,1,-0.5000000000000004,0.8660254037844384,57.0
2024-01-04 23:00:00,91.3,55.1,510.0,5.1,11.2,97.0,23,3,1,-0.25881904510252157,0.9659258262890681,56.0
2024-01-05 00:00:00,90.1,54.2,523.0,6.9,11.5,93.0,0,4,1,0.0,1.0,55.1
2024-01-05 01:00:00,90.3,54.2,612.0,15.7,11.8,82.0,1,4,1,0.25881904510252074,0.9659258262890683,54.2
2024-01-05 02:00:00,92.7,56.0,731.0,27.6,12.3,68.0,2,4,1,0.49999999999999994,0.8660254037844387,54.2
2024-01-05 03:00:00,97.3,59.4,800.0,34.5,13.3,63.0,3,4,1,0.7071067811865475,0.7071067811865476,56.0
2024-01-05 04:00:00,99.0,60.8,774.0,31.5,14.7,77.0,4,4,1,0.8660254037844386,0.5000000000000001,59.4
2024-01-05 05:00:00,98.3,59.8,697.0,23.6,16.6,100.0,5,4,1,0.9659258262890683,0.25881904510252074,60.8
2024-01-05 06:00:00,87.5,52.0,619.0,16.8,19.3,120.0,6,4,1,1.0,6.123233995736766e-17,59.8
2024-01-05 07:00:00,76.1,43.8,545.0,13.3,23.8,132.0,7,4,1,0.9659258262890683,-0.25881904510252063,52.0
2024-01-05 08:00:00,72.2,40.3,469.0,11.0,29.2,141.0,8,4,1,0.8660254037844387,-0.4999999999999998,43.8
2024-01-05 09:00:00,73.8,39.9,422.0,10.1,32.6,147.0,9,4,1,0.7071067811865476,-0.7071067811865475,40.3
2024-01-05 10:00:00,75.4,40.2,410.0,10.0,32.7,151.0,10,4,1,0.49999999999999994,-0.8660254037844387,39.9
2024-01-05 11:00:00,76.4,40.9,428.0,11.4,30.9,151.0,11,4,1,0.258819045102521,-0.9659258262890682,40.2
2024-01-05 12:00:00,84.3,46.4,509.0,16.8,30.4,143.0,12,4,1,1.2246467991473532e-16,-1.0,40.9
2024-01-05 13:00:00,89.4,52.7,669.0,31.3,28.6,117.0,13,4,1,-0.2588190451025208,-0.9659258262890683,46.4
2024-01-05 14:00:00,98.0,60.5,884.0,50.6,26.1,83.0,14,4,1,-0.4999999999999997,-0.8660254037844388,52.7
2024-01-05 15:00:00,99.2,62.4,1009.0,60.3,23.5,60.0,15,4,1,-0.7071067811865471,-0.7071067811865479,60.5
2024-01-05 16:00:00,99.4,62.9,959.0,51.2,21.0,62.0,16,4,1,-0.8660254037844384,-0.5000000000000004,62.4
2024-01-05 17:00:00,98.7,62.2,818.0,32.5,18.4,76.0,17,4,1,-0.9659258262890683,-0.25881904510252063,62.9
2024-01-05 18:00:00,96.6,60.8,702.0,17.5,16.4,88.0,18,4,1,-1.0,-1.8369701987210297e-16,62.2
2024-01-05 19:00:00,93.4,58.6,652.0,11.5,15.3,93.0,19,4,1,-0.9659258262890684,0.2588190451025203,60.8
2024-01-05 20:00:00,89.4,56.0,625.0,9.1,14.7,96.0,20,4,1,-0.8660254037844386,0.5000000000000001,58.6
2024-01-05 21:00:00,85.9,53.8,608.0,7.5,14.4,98.0,21,4,1,-0.7071067811865477,0.7071067811865474,56.0
2024-01-05 22:00:00,82.7,51.9,590.0,5.3,14.3,101.0,22,4,1,-0.5000000000000004,0.8660254037844384,53.8
2024-01-05 23:00:00,80.3,50.8,582.0,4.0,14.5,102.0,23,4,1,-0.25881904510252157,0.9659258262890681,51.9
2024-01-06 00:00:00,80.1,50.3,579.0,5.8,14.2,98.0,0,5,1,0.0,1.0,50.8
2024-01-06 01:00:00,79.2,49.7,648.0,12.6,14.5,91.0,1,5,1,0.25881904510252074,0.9659258262890683,50.3
2024-01-06 02:00:00,80.3,50.6,742.0,21.8,15.0,82.0,2,5,1,0.49999999999999994,0.8660254037844387,49.7
2024-01-06 03:00:00,83.4,52.9,794.0,26.9,15.7,80.0,3,5,1,0.7071067811865475,0.7071067811865476,50.6
2024-01-06 04:00:00,84.5,53.7,769.0,24.1,16.9,92.0,4,5,1,0.8660254037844386,0.5000000000000001,52.9
2024-01-06 05:00:00,85.7,53.8,703.0,17.2,18.4,111.0,5,5,1,0.9659258262890683,0.25881904510252074,53.7
2024-01-06 06:00:00,78.7,48.1,639.0,11.5,19.8,127.0,6,5,1,1.0,6.123233995736766e-17,53.8
2024-01-06 07:00:00,71.7,42.6,584.0,8.7,20.9,138.0,7,5,1,0.9659258262890683,-0.25881904510252063,48.1
2024-01-06 08:00:00,68.0,39.8,530.0,7.2,21.8,145.0,8,5,1,0.8660254037844387,-0.4999999999999998,42.6
2024-01-06 09:00:00,65.7,38.2,496.0,6.7,22.4,149.0,9,5,1,0.7071067811865476,-0.7071067811865475,39.8
2024-01-06 10:00:00,63.8,37.1,485.0,7.2,22.6,148.0,10,5,1,0.49999999999999994,-0.8660254037844387,38.2
2024-01-06 11:00:00,62.2,36.3,493.0,8.9,22.4,142.0,11,5,1,0.258819045102521,-0.9659258262890682,37.1
2024-01-06 12:00:00,57.5,34.2,534.0,11.8,21.8,131.0,12,5,1,1.2246467991473532e-16,-1.0,36.3
2024-01-06 13:00:00,66.4,41.2,598.0,17.1,21.6,117.0,13,5,1,-0.2588190451025208,-0.9659258262890683,34.2
2024-01-06 14:00:00,72.6,45.6,685.0,24.2,21.2,97.0,14,5,1,-0.4999999999999997,-0.8660254037844388,41.2
2024-01-06 15:00:00,75.9,47.8,741.0,28.1,20.8,83.0,15,5,1,-0.7071067811865471,-0.7071067811865479,45.6
2024-01-06 16:00:00,77.3,48.8,739.0,26.2,20.4,79.0,16,5,1,-0.8660254037844384,-0.5000000000000004,47.8
2024-01-06 17:00:00,78.2,49.4,706.0,21.1,19.9,81.0,17,5,1,-0.9659258262890683,-0.25881904510252063,48.8
2024-01-06 18:00:00,78.9,49.7,675.0,16.2,19.5,84.0,18,5,1,-1.0,-1.8369701987210297e-16,49.4
2024-01-06 19:00:00,78.9,49.6,653.0,12.4,19.1,89.0,19,5,1,-0.9659258262890684,0.2588190451025203,49.7
2024-01-06 20:00:00,77.8,48.9,633.0,8.8,18.7,96.0,20,5,1,-0.8660254037844386,0.5000000000000001,49.6
2024-01-06 21:00:00,76.6,48.4,622.0,6.2,18.3,101.0,21,5,1,-0.7071067811865477,0.7071067811865474,48.9
2024-01-06 22:00:00,75.9,48.3,620.0,4.3,17.9,104.0,22,5,1,-0.5000000000000004,0.8660254037844384,48.4
2024-01-06 23:00:00,75.9,48.8,628.0,3.4,17.6,106.0,23,5,1,-0.25881904510252157,0.9659258262890681,48.3
2024-01-07 00:00:00,76.1,49.2,655.0,4.6,17.3,104.0,0,6,1,0.0,1.0,48.8
2024-01-07 01:00:00,77.5,50.5,727.0,10.4,17.6,97.0,1,6,1,0.25881904510252074,0.9659258262890683,49.2
2024-01-07 02:00:00,80.3,52.9,825.0,18.3,18.2,88.0,2,6,1,0.49999999999999994,0.8660254037844387,50.5
2024-01-07 03:00:00,84.1,55.6,884.0,22.7,18.9,86.0,3,6,1,0.7071067811865475,0.7071067811865476,52.9
2024-01-07 04:00:00,85.0,56.6,873.0,20.3,20.1,98.0,4,6,1,0.8660254037844386,0.5000000000000001,55.6
2024-01-07 05:00:00,85.7,56.9,824.0,14.4,21.5,117.0,5,6,1,0.9659258262890683,0.25881904510252074,56.6
2024-01-07 06:00:00,78.5,51.5,765.0,9.6,22.5,132.0,6,6,1,1.0,6.123233995736766e-17,56.9
2024-01-07 07:00:00,68.7,44.0,695.0,7.4,22.7,140.0,7,6,1,0.9659258262890683,-0.25881904510252063,51.5
2024-01-07 08:00:00,60.3,38.0,614.0,6.4,22.4,145.0,8,6,1,0.8660254037844387,-0.4999999999999998,44.0
2024-01-07 09:00:00,54.5,34.0,557.0,6.2,22.1,146.0,9,6,1,0.7071067811865476,-0.7071067811865475,38.0
2024-01-07 10:00:00,51.0,31.9,531.0,6.7,22.0,145.0,10,6,1,0.49999999999999994,-0.8660254037844387,34.0
2024-01-07 11:00:00,49.4,31.0,529.0,8.2,22.0,140.0,11,6,1,0.258819045102521,-0.9659258262890682,31.9
2024-01-07 12:00:00,40.7,26.6,558.0,11.1,22.5,132.0,12,6,1,1.2246467991473532e-16,-1.0,31.0
2024-01-07 13:00:00,46.9,31.5,623.0,16.2,22.5,120.0,13,6,1,-0.2588190451025208,-0.9659258262890683,26.6
2024-01-07 14:00:00,51.0,34.7,712.0,23.1,22.5,104.0,14,6,1,-0.4999999999999997,-0.8660254037844388,31.5
2024-01-07 15:00:00,53.6,36.4,775.0,27.1,22.4,93.0,15,6,1,-0.7071067811865471,-0.7071067811865479,34.7
2024-01-07 16:00:00,55.4,37.7,785.0,25.5,22.1,92.0,16,6,1,-0.8660254037844384,-0.5000000000000004,36.4
2024-01-07 17:00:00,57.9,39.2,769.0,20.9,21.8,95.0,17,6,1,-0.9659258262890683,-0.25881904510252063,37.7
2024-01-07 18:00:00,60.8,41.3,754.0,16.6,21.5,99.0,18,6,1,-1.0,-1.8369701987210297e-16,39.2
2024-01-07 19:00:00,63.8,43.2,750.0,13.5,21.5,102.0,19,6,1,-0.9659258262890684,0.2588190451025203,41.3
2024-01-07 20:00:00,66.1,44.7,748.0,10.7,21.5,106.0,20,6,1,-0.8660254037844386,0.5000000000000001,43.2
2024-01-07 21:00:00,68.0,45.8,750.0,8.4,21.6,109.0,21,6,1,-0.7071067811865477,0.7071067811865474,44.7
2024-01-07 22:00:00,69.2,46.7,750.0,6.1,21.6,112.0,22,6,1,-0.5000000000000004,0.8660254037844384,45.8
2024-01-07 23:00:00,70.3,47.4,755.0,4.3,21.7,115.0,23,6,1,-0.25881904510252157,0.9659258262890681,46.7
2024-01-08 00:00:00,70.5,47.5,777.0,5.4,21.8,114.0,0,0,1,0.0,1.0,47.4
2024-01-08 01:00:00,71.9,48.3,853.0,12.2,22.1,105.0,1,0,1,0.25881904510252074,0.9659258262890683,47.5
2024-01-08 02:00:00,74.0,49.8,955.0,21.5,22.5,94.0,2,0,1,0.49999999999999994,0.8660254037844387,48.3
2024-01-08 03:00:00,77.8,52.4,1014.0,27.5,22.9,91.0,3,0,1,0.7071067811865475,0.7071067811865476,49.8
2024-01-08 04:00:00,80.8,54.5,1001.0,27.3,23.3,102.0,4,0,1,0.8660254037844386,0.5000000000000001,52.4
2024-01-08 05:00:00,80.6,54.0,945.0,23.7,23.7,121.0,5,0,1,0.9659258262890683,0.25881904510252074,54.5
2024-01-08 06:00:00,73.1,48.4,863.0,19.7,23.9,137.0,6,0,1,1.0,6.123233995736766e-17,54.0
2024-01-08 07:00:00,54.4,35.0,738.0,15.4,23.7,146.0,7,0,1,0.9659258262890683,-0.25881904510252063,48.4
2024-01-08 08:00:00,44.0,27.4,588.0,10.6,23.3,153.0,8,0,1,0.8660254037844387,-0.4999999999999998,35.0
2024-01-08 09:00:00,44.1,27.2,484.0,7.6,22.6,156.0,9,0,1,0.7071067811865476,-0.7071067811865475,27.4
2024-01-08 10:00:00,44.8,27.4,428.0,4.8,21.3,158.0,10,0,1,0.49999999999999994,-0.8660254037844387,27.2
2024-01-08 11:00:00,44.7,27.0,417.0,3.9,19.7,157.0,11,0,1,0.258819045102521,-0.9659258262890682,27.4
2024-01-08 12:00:00,51.5,30.9,528.0,13.0,20.3,144.0,12,0,1,1.2246467991473532e-16,-1.0,27.0
2024-01-08 13:00:00,55.3,33.8,963.0,40.6,21.3,108.0,13,0,1,-0.2588190451025208,-0.9659258262890683,30.9
2024-01-08 14:00:00,75.7,48.7,1550.0,78.0,22.7,59.0,14,0,1,-0.4999999999999997,-0.8660254037844388,33.8
2024-01-08 15:00:00,89.4,58.9,1892.0,101.1,23.5,25.0,15,0,1,-0.7071067811865471,-0.7071067811865479,48.7
2024-01-08 16:00:00,91.5,61.9,1760.0,97.7,23.5,20.0,16,0,1,-0.8660254037844384,-0.5000000000000004,58.9
2024-01-08 17:00:00,79.9,54.7,1383.0,80.0,22.8,29.0,17,0,1,-0.9659258262890683,-0.25881904510252063,61.9
2024-01-08 18:00:00,72.2,49.1,1047.0,61.0,21.5,42.0,18,0,1,-1.0,-1.8369701987210297e-16,54.7
2024-01-08 19:00:00,64.7,43.8,841.0,42.6,18.8,57.0,19,0,1,-0.9659258262890684,0.2588190451025203,49.1
2024-01-08 20:00:00,58.2,38.6,675.0,22.7,15.4,74.0,20,0,1,-0.8660254037844386,0.5000000000000001,43.8
2024-01-08 21:00:00,54.4,35.5,567.0,8.4,13.1,88.0,21,0,1,-0.7071067811865477,0.7071067811865474,38.6
2024-01-08 22:00:00,54.2,35.3,532.0,3.0,12.8,95.0,22,0,1,-0.5000000000000004,0.8660254037844384,35.5
2024-01-08 23:00:00,56.2,36.7,555.0,3.1,13.6,97.0,23,0,1,-0.25881904510252157,0.9659258262890681,35.3
2024-01-09 00:00:00,57.0,36.9,554.0,5.6,13.7,91.0,0,1,1,0.0,1.0,36.7
2024-01-09 01:00:00,61.2,39.6,626.0,10.4,14.5,88.0,1,1,1,0.25881904510252074,0.9659258262890683,36.9
2024-01-09 02:00:00,66.6,43.1,723.0,16.9,15.7,84.0,2,1,1,0.49999999999999994,0.8660254037844387,39.6
2024-01-09 03:00:00,72.9,47.3,782.0,20.5,17.0,86.0,3,1,1,0.7071067811865475,0.7071067811865476,43.1
2024-01-09 04:00:00,77.1,50.3,774.0,18.7,18.8,100.0,4,1,1,0.8660254037844386,0.5000000000000001,47.3
2024-01-09 05:00:00,81.0,52.2,728.0,14.0,20.8,120.0,5,1,1,0.9659258262890683,0.25881904510252074,50.3
2024-01-09 06:00:00,75.0,46.2,670.0,10.0,21.6,134.0,6,1,1,1.0,6.123233995736766e-17,52.2
2024-01-09 07:00:00,62.4,35.5,596.0,7.6,20.4,137.0,7,1,1,0.9659258262890683,-0.25881904510252063,46.2
2024-01-09 08:00:00,58.6,31.0,510.0,5.9,18.1,135.0,8,1,1,0.8660254037844387,-0.4999999999999998,35.5
2024-01-09 09:00:00,56.3,29.2,453.0,5.1,16.3,132.0,9,1,1,0.7071067811865476,-0.7071067811865475,31.0
2024-01-09 10:00:00,52.3,27.9,439.0,5.4,15.6,131.0,10,1,1,0.49999999999999994,-0.8660254037844387,29.2
2024-01-09 11:00:00,49.1,27.8,454.0,6.7,15.4,129.0,11,1,1,0.258819045102521,-0.9659258262890682,27.9
2024-01-09 12:00:00,36.6,23.2,448.0,9.2,15.1,123.0,12,1,1,1.2246467991473532e-16,-1.0,27.8
2024-01-09 13:00:00,42.0,27.5,520.0,13.8,15.6,113.0,13,1,1,-0.2588190451025208,-0.9659258262890683,23.2
2024-01-09 14:00:00,47.6,31.4,619.0,20.1,16.4,100.0,14,1,1,-0.4999999999999997,-0.8660254037844388,27.5
2024-01-09 15:00:00,52.0,34.2,695.0,23.8,17.1,91.0,15,1,1,-0.7071067811865471,-0.7071067811865479,31.4
2024-01-09 16:00:00,56.0,36.8,725.0,22.8,17.7,89.0,16,1,1,-0.8660254037844384,-0.5000000000000004,34.2
2024-01-09 17:00:00,59.5,39.3,732.0,19.3,18.2,92.0,17,1,1,-0.9659258262890683,-0.25881904510252063,36.8
2024-01-09 18:00:00,62.9,41.6,733.0,15.7,18.6,95.0,18,1,1,-1.0,-1.8369701987210297e-16,39.3
2024-01-09 19:00:00,65.4,43.3,732.0,12.7,18.9,98.0,19,1,1,-0.9659258262890684,0.2588190451025203,41.6
2024-01-09 20:00:00,67.1,44.6,724.0,9.7,19.0,103.0,20,1,1,-0.8660254037844386,0.5000000000000001,43.3
2024-01-09 21:00:00,68.0,45.3,718.0,7.3,19.1,106.0,21,1,1,-0.7071067811865477,0.7071067811865474,44.6
2024-01-09 22:00:00,68.2,45.5,710.0,5.3,19.2,109.0,22,1,1,-0.5000000000000004,0.8660254037844384,45.3
2024-01-09 23:00:00,67.8,45.4,703.0,4.0,19.2,110.0,23,1,1,-0.25881904510252157,0.9659258262890681,45.5
2024-01-10 00:00:00,68.9,46.0,717.0,5.2,18.5,108.0,0,2,1,0.0,1.0,45.4
2024-01-10 01:00:00,68.5,45.8,775.0,11.8,18.6,100.0,1,2,1,0.25881904510252074,0.9659258262890683,46.0
2024-01-10 02:00:00,68.7,45.9,850.0,20.7,18.8,89.0,2,2,1,0.49999999999999994,0.8660254037844387,45.8
2024-01-10 03:00:00,70.1,46.8,878.0,25.8,19.2,85.0,3,2,1,0.7071067811865475,0.7071067811865476,45.9
2024-01-10 04:00:00,70.5,47.1,820.0,23.7,20.1,95.0,4,2,1,0.8660254037844386,0.5000000000000001,46.8
2024-01-10 05:00:00,67.5,44.2,714.0,17.8,21.2,113.0,5,2,1,0.9659258262890683,0.25881904510252074,47.1
2024-01-10 06:00:00,62.4,39.8,610.0,12.7,21.8,127.0,6,2,1,1.0,6.123233995736766e-17,44.2
2024-01-10 07:00:00,54.1,33.9,515.0,9.7,21.2,133.0,7,2,1,0.9659258262890683,-0.25881904510252063,39.8
2024-01-10 08:00:00,47.4,29.5,422.0,7.4,20.1,136.0,8,2,1,0.8660254037844387,-0.4999999999999998,33.9
2024-01-10 09:00:00,43.3,26.9,359.0,6.4,19.2,136.0,9,2,1,0.7071067811865476,-0.7071067811865475,29.5
2024-01-10 10:00:00,41.6,25.8,330.0,5.8,18.9,136.0,10,2,1,0.49999999999999994,-0.8660254037844387,26.9
2024-01-10 11:00:00,40.7,25.4,330.0,6.3,18.8,134.0,11,2,1,0.258819045102521,-0.9659258262890682,25.8
2024-01-10 12:00:00,31.3,20.5,386.0,11.7,19.3,125.0,12,2,1,1.2246467991473532e-16,-1.0,25.4
2024-01-10 13:00:00,37.4,24.9,539.0,26.3,19.7,103.0,13,2,1,-0.2588190451025208,-0.9659258262890683,20.5
2024-01-10 14:00:00,45.5,30.5,746.0,46.1,20.4,72.0,14,2,1,-0.4999999999999997,-0.8660254037844388,24.9
2024-01-10 15:00:00,49.5,33.2,877.0,57.4,20.7,51.0,15,2,1,-0.7071067811865471,-0.7071067811865479,30.5
2024-01-10 16:00:00,50.8,34.0,858.0,52.3,20.7,50.0,16,2,1,-0.8660254037844384,-0.5000000000000004,33.2
2024-01-10 17:00:00,50.4,33.5,763.0,38.9,20.4,59.0,17,2,1,-0.9659258262890683,-0.25881904510252063,34.0
2024-01-10 18:00:00,50.1,33.2,680.0,27.7,19.8,66.0,18,2,1,-1.0,-1.8369701987210297e-16,33.5
2024-01-10 19:00:00,50.1,32.9,645.0,23.0,18.7,65.0,19,2,1,-0.9659258262890684,0.2588190451025203,33.2
2024-01-10 20:00:00,49.2,32.5,624.0,20.6,17.2,63.0,20,2,1,-0.8660254037844386,0.5000000000000001,32.9
2024-01-10 21:00:00,47.5,31.3,599.0,18.3,16.1,61.0,21,2,1,-0.7071067811865477,0.7071067811865474,32.5
2024-01-10 22:00:00,45.4,29.8,549.0,14.0,15.5,63.0,22,2,1,-0.5000000000000004,0.8660254037844384,31.3
2024-01-10 23:00:00,43.1,28.2,496.0,9.8,15.1,67.0,23,2,1,-0.25881904510252157,0.9659258262890681,29.8
2024-01-11 00:00:00,41.8,27.4,515.0,11.8,14.0,57.0,0,3,1,0.0,1.0,28.2
2024-01-11 01:00:00,40.6,26.6,637.0,22.2,14.2,45.0,1,3,1,0.25881904510252074,0.9659258262890683,27.4
2024-01-11 02:00:00,42.1,27.8,800.0,36.1,14.8,29.0,2,3,1,0.49999999999999994,0.8660254037844387,26.6
2024-01-11 03:00:00,48.7,32.4,891.0,43.9,16.5,27.0,3,3,1,0.7071067811865475,0.7071067811865476,27.8
2024-01-11 04:00:00,51.8,34.2,844.0,39.7,20.7,49.0,4,3,1,0.8660254037844386,0.5000000000000001,32.4
2024-01-11 05:00:00,52.2,34.2,723.0,29.3,26.0,85.0,5,3,1,0.9659258262890683,0.25881904510252074,34.2
2024-01-11 06:00:00,46.6,30.5,612.0,20.5,30.0,114.0,6,3,1,1.0,6.123233995736766e-17,34.2
2024-01-11 07:00:00,37.3,24.3,531.0,15.8,31.4,129.0,7,3,1,0.9659258262890683,-0.25881904510252063,30.5
2024-01-11 08:00:00,32.7,21.1,458.0,12.7,31.4,138.0,8,3,1,0.8660254037844387,-0.4999999999999998,24.3
2024-01-11 09:00:00,31.5,20.0,411.0,11.1,30.7,144.0,9,3,1,0.7071067811865476,-0.7071067811865475,21.1
2024-01-11 10:00:00,31.5,19.7,348.0,8.3,29.3,151.0,10,3,1,0.49999999999999994,-0.8660254037844387,20.0
2024-01-11 11:00:00,32.1,20.0,311.0,7.0,27.3,154.0,11,3,1,0.258819045102521,-0.9659258262890682,19.7
2024-01-11 12:00:00,40.4,25.1,429.0,15.4,26.4,143.0,12,3,1,1.2246467991473532e-16,-1.0,20.0
2024-01-11 13:00:00,43.4,27.2,831.0,43.1,25.6,106.0,13,3,1,-0.2588190451025208,-0.9659258262890683,25.1
2024-01-11 14:00:00,64.5,42.6,1386.0,80.9,24.6,54.0,14,3,1,-0.4999999999999997,-0.8660254037844388,27.2
2024-01-11 15:00:00,76.8,51.2,1796.0,106.2,24.0,17.0,15,3,1,-0.7071067811865471,-0.7071067811865479,42.6
2024-01-11 16:00:00,86.6,58.2,1955.0,107.2,24.3,7.0,16,3,1,-0.8660254037844384,-0.5000000000000004,51.2
2024-01-11 17:00:00,90.6,61.5,1971.0,95.7,25.1,12.0,17,3,1,-0.9659258262890683,-0.25881904510252063,58.2
2024-01-11 18:00:00,85.2,58.3,1867.0,84.4,25.2,17.0,18,3,1,-1.0,-1.8369701987210297e-16,61.5
2024-01-11 19:00:00,76.8,52.6,1589.0,78.4,24.2,18.0,19,3,1,-0.9659258262890684,0.2588190451025203,58.3
2024-01-11 20:00:00,70.3,48.2,1192.0,72.6,22.5,20.0,20,3,1,-0.8660254037844386,0.5000000000000001,52.6
2024-01-11 21:00:00,65.0,44.6,869.0,64.1,20.9,24.0,21,3,1,-0.7071067811865477,0.7071067811865474,48.2
2024-01-11 22:00:00,61.5,42.1,688.0,48.7,19.5,32.0,22,3,1,-0.5000000000000004,0.8660254037844384,44.6
2024-01-11 23:00:00,58.4,39.9,580.0,30.7,18.1,42.0,23,3,1,-0.25881904510252157,0.9659258262890681,42.1
2024-01-12 00:00:00,57.6,39.5,697.0,41.1,16.0,24.0,0,4,1,0.0,1.0,39.9
2024-01-12 01:00:00,55.5,37.8,823.0,43.1,16.1,18.0,1,4,1,0.25881904510252074,0.9659258262890683,39.5
2024-01-12 02:00:00,55.8,38.0,988.0,45.5,16.5,11.0,2,4,1,0.49999999999999994,0.8660254037844387,37.8
2024-01-12 03:00:00,62.2,42.4,1053.0,44.9,18.4,15.0,3,4,1,0.7071067811865475,0.7071067811865476,38.0
2024-01-12 04:00:00,67.5,45.9,925.0,38.6,23.5,42.0,4,4,1,0.8660254037844386,0.5000000000000001,42.4
2024-01-12 05:00:00,61.7,41.6,697.0,29.2,30.2,80.0,5,4,1,0.9659258262890683,0.25881904510252074,45.9
2024-01-12 06:00:00,39.7,26.4,508.0,21.2,34.9,110.0,6,4,1,1.0,6.123233995736766e-17,41.6
2024-01-12 07:00:00,30.0,19.4,411.0,16.0,35.6,122.0,7,4,1,0.9659258262890683,-0.25881904510252063,26.4
2024-01-12 08:00:00,27.3,17.3,353.0,12.3,34.4,126.0,8,4,1,0.8660254037844387,-0.4999999999999998,19.4
2024-01-12 09:00:00,25.0,15.8,320.0,10.4,33.2,128.0,9,4,1,0.7071067811865476,-0.7071067811865475,17.3
2024-01-12 10:00:00,24.0,15.3,273.0,7.7,33.0,132.0,10,4,1,0.49999999999999994,-0.8660254037844387,15.8
2024-01-12 11:00:00,23.8,15.1,251.0,7.0,33.0,135.0,11,4,1,0.258819045102521,-0.9659258262890682,15.3
2024-01-12 12:00:00,35.2,23.2,403.0,19.0,38.9,138.0,12,4,1,1.2246467991473532e-16,-1.0,15.1
2024-01-12 13:00:00,39.5,26.1,713.0,50.1,37.5,103.0,13,4,1,-0.2588190451025208,-0.9659258262890683,23.2
2024-01-12 14:00:00,63.1,42.5,1141.0,92.9,35.5,55.0,14,4,1,-0.4999999999999997,-0.8660254037844388,26.1
2024-01-12 15:00:00,75.4,50.6,1468.0,124.7,33.7,19.0,15,4,1,-0.7071067811865471,-0.7071067811865479,42.5
2024-01-12 16:00:00,77.3,51.3,1597.0,135.9,32.7,8.0,16,4,1,-0.8660254037844384,-0.5000000000000004,50.6
2024-01-12 17:00:00,81.3,53.7,1626.0,136.1,31.9,11.0,17,4,1,-0.9659258262890683,-0.25881904510252063,51.3
2024-01-12 18:00:00,89.4,59.0,1628.0,131.8,30.6,13.0,18,4,1,-1.0,-1.8369701987210297e-16,53.7
2024-01-12 19:00:00,100.4,67.1,1637.0,123.6,28.0,12.0,19,4,1,-0.9659258262890684,0.2588190451025203,59.0
2024-01-12 20:00:00,97.8,66.1,1619.0,110.9,24.9,11.0,20,4,1,-0.8660254037844386,0.5000000000000001,67.1
2024-01-12 21:00:00,88.9,60.5,1554.0,97.9,22.2,11.0,21,4,1,-0.7071067811865477,0.7071067811865474,66.1
2024-01-12 22:00:00,81.7,55.8,1387.0,85.0,20.3,11.0,22,4,1,-0.5000000000000004,0.8660254037844384,60.5
2024-01-12 23:00:00,77.8,52.6,1173.0,71.8,18.9,11.0,23,4,1,-0.25881904510252157,0.9659258262890681,55.8
2024-01-13 00:00:00,81.7,53.9,1047.0,66.0,18.1,11.0,0,5,1,0.0,1.0,52.6
2024-01-13 01:00:00,77.8,50.9,1183.0,62.2,17.6,7.0,1,5,1,0.25881904510252074,0.9659258262890683,53.9
2024-01-13 02:00:00,76.8,49.9,1359.0,56.6,16.9,3.0,2,5,1,0.49999999999999994,0.8660254037844387,50.9
2024-01-13 03:00:00,83.8,54.6,1412.0,50.7,16.7,11.0,3,5,1,0.7071067811865475,0.7071067811865476,49.9
2024-01-13 04:00:00,96.2,63.3,1232.0,45.0,18.0,44.0,4,5,1,0.8660254037844386,0.5000000000000001,54.6
2024-01-13 05:00:00,79.4,49.7,929.0,38.9,19.9,89.0,5,5,1,0.9659258262890683,0.25881904510252074,63.3
2024-01-13 06:00:00,52.3,30.5,668.0,32.1,20.0,123.0,6,5,1,1.0,6.123233995736766e-17,49.7
2024-01-13 07:00:00,35.6,19.6,506.0,23.3,16.6,134.0,7,5,1,0.9659258262890683,-0.25881904510252063,30.5
2024-01-13 08:00:00,30.3,16.6,385.0,13.8,11.4,134.0,8,5,1,0.8660254037844387,-0.4999999999999998,19.6
2024-01-13 09:00:00,26.0,14.1,300.0,7.5,7.4,128.0,9,5,1,0.7071067811865476,-0.7071067811865475,16.6
2024-01-13 10:00:00,21.9,11.6,244.0,5.2,5.8,118.0,10,5,1,0.49999999999999994,-0.8660254037844387,14.1
2024-01-13 11:00:00,18.9,9.8,223.0,6.0,5.4,103.0,11,5,1,0.258819045102521,-0.9659258262890682,11.6
2024-01-13 12:00:00,10.2,4.7,222.0,10.3,5.1,84.0,12,5,1,1.2246467991473532e-16,-1.0,9.8
2024-01-13 13:00:00,13.5,6.5,316.0,21.5,5.5,68.0,13,5,1,-0.2588190451025208,-0.9659258262890683,4.7
2024-01-13 14:00:00,19.5,10.8,446.0,37.0,6.0,46.0,14,5,1,-0.4999999999999997,-0.8660254037844388,6.5
2024-01-13 15:00:00,24.5,13.9,545.0,48.8,6.5,30.0,15,5,1,-0.7071067811865471,-0.7071067811865479,10.8
2024-01-13 16:00:00,28.4,16.1,586.0,53.6,7.1,24.0,16,5,1,-0.8660254037844384,-0.5000000000000004,13.9
2024-01-13 17:00:00,31.8,18.0,597.0,54.7,7.7,24.0,17,5,1,-0.9659258262890683,-0.25881904510252063,16.1
2024-01-13 18:00:00,35.2,19.7,591.0,53.8,8.1,26.0,18,5,1,-1.0,-1.8369701987210297e-16,18.0
2024-01-13 19:00:00,38.1,21.1,571.0,50.9,8.1,29.0,19,5,1,-0.9659258262890684,0.2588190451025203,19.7
2024-01-13 20:00:00,40.5,21.7,535.0,46.0,7.9,35.0,20,5,1,-0.8660254037844386,0.5000000000000001,21.1
2024-01-13 21:00:00,41.8,21.5,494.0,40.7,7.7,39.0,21,5,1,-0.7071067811865477,0.7071067811865474,21.7
2024-01-13 22:00:00,41.3,20.7,430.0,34.3,7.6,42.0,22,5,1,-0.5000000000000004,0.8660254037844384,21.5
2024-01-13 23:00:00,39.7,19.6,362.0,27.5,7.5,44.0,23,5,1,-0.25881904510252157,0.9659258262890681,20.7
2024-01-14 00:00:00,42.6,18.9,299.0,18.7,6.5,59.0,0,6,1,0.0,1.0,19.6
2024-01-14 01:00:00,41.7,18.7,488.0,28.7,6.9,42.0,1,6,1,0.25881904510252074,0.9659258262890683,18.9
2024-01-14 02:00:00,42.6,21.1,742.0,41.9,7.6,19.0,2,6,1,0.49999999999999994,0.8660254037844387,18.7
2024-01-14 03:00:00,50.1,28.7,878.0,48.4,8.9,12.0,3,6,1,0.7071067811865475,0.7071067811865476,21.1
2024-01-14 04:00:00,53.9,29.7,780.0,41.7,11.4,34.0,4,6,1,0.8660254037844386,0.5000000000000001,28.7
2024-01-14 05:00:00,49.7,23.7,564.0,28.3,14.5,71.0,5,6,1,0.9659258262890683,0.25881904510252074,29.7
2024-01-14 06:00:00,50.2,21.7,394.0,17.3,16.8,103.0,6,6,1,1.0,6.123233995736766e-17,23.7
2024-01-14 07:00:00,51.8,20.4,336.0,12.1,17.6,122.0,7,6,1,0.9659258262890683,-0.25881904510252063,21.7
2024-01-14 08:00:00,51.1,20.4,324.0,9.3,17.5,135.0,8,6,1,0.8660254037844387,-0.4999999999999998,20.4
2024-01-14 09:00:00,52.3,21.5,327.0,8.2,17.7,145.0,9,6,1,0.7071067811865476,-0.7071067811865475,20.4
2024-01-14 10:00:00,54.6,22.8,328.0,7.7,18.8,156.0,10,6,1,0.49999999999999994,-0.8660254037844387,21.5
2024-01-14 11:00:00,57.6,24.3,344.0,8.9,20.2,165.0,11,6,1,0.258819045102521,-0.9659258262890682,22.8
2024-01-14 12:00:00,70.1,31.0,404.0,14.3,22.0,159.0,12,6,1,1.2246467991473532e-16,-1.0,24.3
2024-01-14 13:00:00,73.3,34.0,592.0,36.7,20.9,125.0,13,6,1,-0.2588190451025208,-0.9659258262890683,31.0
2024-01-14 14:00:00,80.8,41.0,858.0,67.6,19.4,78.0,14,6,1,-0.4999999999999997,-0.8660254037844388,34.0
2024-01-14 15:00:00,88.5,45.4,1115.0,91.1,18.7,42.0,15,6,1,-0.7071067811865471,-0.7071067811865479,41.0
2024-01-14 16:00:00,100.1,51.1,1377.0,101.5,19.9,26.0,16,6,1,-0.8660254037844384,-0.5000000000000004,45.4
2024-01-14 17:00:00,110.8,59.1,1629.0,104.5,21.8,20.0,17,6,1,-0.9659258262890683,-0.25881904510252063,51.1
2024-01-14 18:00:00,119.7,73.1,1738.0,101.8,23.0,19.0,18,6,1,-1.0,-1.8369701987210297e-16,59.1
2024-01-14 19:00:00,114.6,75.9,1600.0,92.2,22.5,21.0,19,6,1,-0.9659258262890684,0.2588190451025203,73.1
2024-01-14 20:00:00,113.2,76.4,1320.0,76.9,21.1,27.0,20,6,1,-0.8660254037844386,0.5000000000000001,75.9
2024-01-14 21:00:00,111.3,75.0,1074.0,61.1,19.7,34.0,21,6,1,-0.7071067811865477,0.7071067811865474,76.4
2024-01-14 22:00:00,108.7,73.1,907.0,43.7,18.4,44.0,22,6,1,-0.5000000000000004,0.8660254037844384,75.0
2024-01-14 23:00:00,104.5,70.1,775.0,25.8,17.0,56.0,23,6,1,-0.25881904510252157,0.9659258262890681,73.1
2024-01-15 00:00:00,100.8,67.3,809.0,26.6,15.3,45.0,0,0,1,0.0,1.0,70.1
2024-01-15 01:00:00,97.3,64.5,964.0,33.5,14.6,33.0,1,0,1,0.25881904510252074,0.9659258262890683,67.3
2024-01-15 02:00:00,96.9,63.8,1172.0,42.7,13.9,18.0,2,0,1,0.49999999999999994,0.8660254037844387,64.5
2024-01-15 03:00:00,103.1,67.8,1282.0,47.5,15.3,18.0,3,0,1,0.7071067811865475,0.7071067811865476,63.8
2024-01-15 04:00:00,109.9,71.2,1209.0,44.2,21.0,45.0,4,0,1,0.8660254037844386,0.5000000000000001,67.8
2024-01-15 05:00:00,112.9,70.8,1039.0,36.5,28.8,87.0,5,0,1,0.9659258262890683,0.25881904510252074,71.2
2024-01-15 06:00:00,115.9,71.9,877.0,28.8,34.2,123.0,6,0,1,1.0,6.123233995736766e-17,70.8
2024-01-15 07:00:00,114.3,63.6,754.0,21.9,35.3,148.0,7,0,1,0.9659258262890683,-0.25881904510252063,71.9
2024-01-15 08:00:00,111.8,51.1,639.0,15.2,33.9,168.0,8,0,1,0.8660254037844387,-0.4999999999999998,63.6
2024-01-15 09:00:00,112.7,47.1,552.0,10.6,31.2,179.0,9,0,1,0.7071067811865476,-0.7071067811865475,51.1
2024-01-15 10:00:00,111.8,44.9,502.0,9.1,26.7,179.0,10,0,1,0.49999999999999994,-0.8660254037844387,47.1
2024-01-15 11:00:00,109.4,42.6,480.0,9.9,20.8,170.0,11,0,1,0.258819045102521,-0.9659258262890682,44.9
2024-01-15 12:00:00,90.3,31.2,436.0,12.4,13.0,143.0,12,0,1,1.2246467991473532e-16,-1.0,42.6
2024-01-15 13:00:00,86.8,31.2,468.0,18.5,11.3,121.0,13,0,1,-0.2588190451025208,-0.9659258262890683,31.2
2024-01-15 14:00:00,80.3,31.1,513.0,27.0,8.9,89.0,14,0,1,-0.4999999999999997,-0.8660254037844388,31.2
2024-01-15 15:00:00,76.4,31.5,549.0,34.5,7.3,64.0,15,0,1,-0.7071067811865471,-0.7071067811865479,31.1
2024-01-15 16:00:00,74.0,31.7,575.0,40.5,7.2,50.0,16,0,1,-0.8660254037844384,-0.5000000000000004,31.5
2024-01-15 17:00:00,70.8,31.3,593.0,45.5,7.8,41.0,17,0,1,-0.9659258262890683,-0.25881904510252063,31.7
2024-01-15 18:00:00,67.5,31.2,588.0,47.2,8.1,37.0,18,0,1,-1.0,-1.8369701987210297e-16,31.3
2024-01-15 19:00:00,64.3,30.4,546.0,43.7,7.7,38.0,19,0,1,-0.9659258262890684,0.2588190451025203,31.2
2024-01-15 20:00:00,59.8,28.5,481.0,37.0,7.0,43.0,20,0,1,-0.8660254037844386,0.5000000000000001,30.4
2024-01-15 21:00:00,54.7,26.1,417.0,30.2,6.3,49.0,21,0,1,-0.7071067811865477,0.7071067811865474,28.5
2024-01-15 22:00:00,49.6,23.6,345.0,23.1,5.7,55.0,22,0,1,-0.5000000000000004,0.8660254037844384,26.1
2024-01-15 23:00:00,46.0,21.9,274.0,15.9,5.1,61.0,23,0,1,-0.25881904510252157,0.9659258262890681,23.6
2024-01-16 00:00:00,43.8,20.2,249.0,13.3,5.1,61.0,0,1,1,0.0,1.0,21.9
2024-01-16 01:00:00,44.1,20.5,389.0,24.0,5.6,47.0,1,1,1,0.25881904510252074,0.9659258262890683,20.2
2024-01-16 02:00:00,47.8,23.5,579.0,38.4,6.3,28.0,2,1,1,0.49999999999999994,0.8660254037844387,20.5
2024-01-16 03:00:00,54.7,29.3,703.0,47.4,7.2,22.0,3,1,1,0.7071067811865475,0.7071067811865476,23.5
2024-01-16 04:00:00,62.6,34.7,706.0,46.4,8.8,39.0,4,1,1,0.8660254037844386,0.5000000000000001,29.3
2024-01-16 05:00:00,64.3,33.2,642.0,39.9,10.7,69.0,5,1,1,0.9659258262890683,0.25881904510252074,34.7
2024-01-16 06:00:00,64.0,27.9,560.0,32.2,11.6,94.0,6,1,1,1.0,6.123233995736766e-17,33.2
2024-01-16 07:00:00,69.8,23.0,458.0,23.3,10.5,109.0,7,1,1,0.9659258262890683,-0.25881904510252063,27.9
2024-01-16 08:00:00,77.3,22.2,337.0,13.2,8.5,118.0,8,1,1,0.8660254037844387,-0.4999999999999998,23.0
2024-01-16 09:00:00,84.3,22.4,250.0,6.4,6.8,122.0,9,1,1,0.7071067811865476,-0.7071067811865475,22.2
2024-01-16 10:00:00,88.0,22.6,217.0,4.6,6.1,118.0,10,1,1,0.49999999999999994,-0.8660254037844387,22.4
2024-01-16 11:00:00,88.0,22.4,218.0,6.2,5.8,107.0,11,1,1,0.258819045102521,-0.9659258262890682,22.6
2024-01-16 12:00:00,88.5,21.9,256.0,10.9,6.6,102.0,12,1,1,1.2246467991473532e-16,-1.0,22.4
2024-01-16 13:00:00,84.8,21.8,299.0,16.6,6.2,89.0,13,1,1,-0.2588190451025208,-0.9659258262890683,21.9
2024-01-16 14:00:00,77.3,22.2,362.0,24.9,5.6,70.0,14,1,1,-0.4999999999999997,-0.8660254037844388,21.8
2024-01-16 15:00:00,74.3,24.0,433.0,33.7,5.7,54.0,15,1,1,-0.7071067811865471,-0.7071067811865479,22.2
2024-01-16 16:00:00,74.3,25.8,516.0,43.3,6.9,42.0,16,1,1,-0.8660254037844384,-0.5000000000000004,24.0
2024-01-16 17:00:00,75.4,28.2,607.0,53.5,8.6,32.0,17,1,1,-0.9659258262890683,-0.25881904510252063,25.8
2024-01-16 18:00:00,79.2,31.1,678.0,61.4,10.0,25.0,18,1,1,-1.0,-1.8369701987210297e-16,28.2
2024-01-16 19:00:00,84.1,33.6,721.0,66.3,10.8,20.0,19,1,1,-0.9659258262890684,0.2588190451025203,31.1
2024-01-16 20:00:00,88.9,35.9,743.0,68.9,11.3,18.0,20,1,1,-0.8660254037844386,0.5000000000000001,33.6
2024-01-16 21:00:00,88.5,35.6,747.0,68.2,11.5,16.0,21,1,1,-0.7071067811865477,0.7071067811865474,35.9
2024-01-16 22:00:00,83.4,36.1,712.0,62.4,10.7,14.0,22,1,1,-0.5000000000000004,0.8660254037844384,35.6
2024-01-16 23:00:00,72.2,35.4,658.0,53.4,9.6,12.0,23,1,1,-0.25881904510252157,0.9659258262890681,36.1
2024-01-17 00:00:00,68.9,33.6,672.0,46.3,11.6,16.0,0,2,1,0.0,1.0,35.4
2024-01-17 01:00:00,73.1,35.9,744.0,43.3,13.4,24.0,1,2,1,0.25881904510252074,0.9659258262890683,33.6
2024-01-17 02:00:00,85.9,45.6,839.0,38.8,15.9,36.0,2,2,1,0.49999999999999994,0.8660254037844387,35.9
2024-01-17 03:00:00,97.8,55.8,881.0,33.5,18.2,52.0,3,2,1,0.7071067811865475,0.7071067811865476,45.6
2024-01-17 04:00:00,98.5,58.3,821.0,26.6,19.8,74.0,4,2,1,0.8660254037844386,0.5000000000000001,55.8
2024-01-17 05:00:00,93.4,54.0,707.0,18.9,21.2,99.0,5,2,1,0.9659258262890683,0.25881904510252074,58.3
2024-01-17 06:00:00,85.7,45.5,609.0,12.8,23.0,120.0,6,2,1,1.0,6.123233995736766e-17,54.0
2024-01-17 07:00:00,83.8,39.3,548.0,9.5,25.8,135.0,7,2,1,0.9659258262890683,-0.25881904510252063,45.5
2024-01-17 08:00:00,82.9,39.0,502.0,8.0,29.0,145.0,8,2,1,0.8660254037844387,-0.4999999999999998,39.3
2024-01-17 09:00:00,80.3,39.1,477.0,7.5,31.0,151.0,9,2,1,0.7071067811865476,-0.7071067811865475,39.0
2024-01-17 10:00:00,77.8,39.2,472.0,7.6,30.9,153.0,10,2,1,0.49999999999999994,-0.8660254037844387,39.1
2024-01-17 11:00:00,75.7,39.2,487.0,8.8,29.6,150.0,11,2,1,0.258819045102521,-0.9659258262890682,39.2
2024-01-17 12:00:00,99.0,50.5,533.0,12.5,29.6,144.0,12,2,1,1.2246467991473532e-16,-1.0,39.2
2024-01-17 13:00:00,94.5,51.5,630.0,20.8,27.6,124.0,13,2,1,-0.2588190451025208,-0.9659258262890683,50.5
2024-01-17 14:00:00,98.7,59.0,762.0,31.8,24.9,98.0,14,2,1,-0.4999999999999997,-0.8660254037844388,51.5
2024-01-17 15:00:00,100.6,61.9,848.0,37.8,22.4,79.0,15,2,1,-0.7071067811865471,-0.7071067811865479,59.0
2024-01-17 16:00:00,103.6,64.7,843.0,34.0,20.6,76.0,16,2,1,-0.8660254037844384,-0.5000000000000004,61.9
2024-01-17 17:00:00,106.6,66.6,792.0,25.1,19.2,81.0,17,2,1,-0.9659258262890683,-0.25881904510252063,64.7
2024-01-17 18:00:00,108.5,67.3,747.0,17.4,18.1,87.0,18,2,1,-1.0,-1.8369701987210297e-16,66.6
2024-01-17 19:00:00,108.7,67.3,725.0,13.1,17.4,92.0,19,2,1,-0.9659258262890684,0.2588190451025203,67.3
2024-01-17 20:00:00,107.3,66.6,710.0,10.0,17.1,98.0,20,2,1,-0.8660254037844386,0.5000000000000001,67.3
2024-01-17 21:00:00,104.8,65.2,705.0,7.7,17.1,103.0,21,2,1,-0.7071067811865477,0.7071067811865474,66.6
2024-01-17 22:00:00,102.2,64.5,707.0,5.4,17.5,107.0,22,2,1,-0.5000000000000004,0.8660254037844384,65.2
2024-01-17 23:00:00,100.6,64.3,719.0,3.9,18.1,109.0,23,2,1,-0.25881904510252157,0.9659258262890681,64.5
2024-01-18 00:00:00,100.6,64.3,731.0,5.1,18.4,106.0,0,3,1,0.0,1.0,64.3
2024-01-18 01:00:00,100.6,64.7,807.0,11.3,18.9,98.0,1,3,1,0.25881904510252074,0.9659258262890683,64.3
2024-01-18 02:00:00,101.5,66.1,909.0,19.8,19.6,88.0,2,3,1,0.49999999999999994,0.8660254037844387,64.7
2024-01-18 03:00:00,104.3,68.5,978.0,24.9,20.7,86.0,3,3,1,0.7071067811865475,0.7071067811865476,66.1
2024-01-18 04:00:00,105.7,69.6,986.0,23.6,22.3,100.0,4,3,1,0.8660254037844386,0.5000000000000001,68.5
2024-01-18 05:00:00,107.6,70.8,959.0,19.1,24.2,122.0,5,3,1,0.9659258262890683,0.25881904510252074,69.6
2024-01-18 06:00:00,108.7,70.3,915.0,14.9,26.5,142.0,6,3,1,1.0,6.123233995736766e-17,70.8
2024-01-18 07:00:00,107.1,67.8,846.0,12.0,29.6,159.0,7,3,1,0.9659258262890683,-0.25881904510252063,70.3
2024-01-18 08:00:00,101.0,62.4,760.0,9.4,33.1,173.0,8,3,1,0.8660254037844387,-0.4999999999999998,67.8
2024-01-18 09:00:00,93.8,55.5,693.0,8.3,35.6,182.0,9,3,1,0.7071067811865476,-0.7071067811865475,62.4
2024-01-18 10:00:00,88.2,50.5,635.0,6.7,36.3,185.0,10,3,1,0.49999999999999994,-0.8660254037844387,55.5
2024-01-18 11:00:00,85.0,47.8,597.0,6.4,35.9,181.0,11,3,1,0.258819045102521,-0.9659258262890682,50.5
2024-01-18 12:00:00,75.0,42.8,601.0,14.4,35.5,166.0,12,3,1,1.2246467991473532e-16,-1.0,47.8
2024-01-18 13:00:00,79.6,48.5,844.0,39.7,34.4,128.0,13,3,1,-0.2588190451025208,-0.9659258262890683,42.8
2024-01-18 14:00:00,88.5,57.0,1172.0,73.8,32.8,77.0,14,3,1,-0.4999999999999997,-0.8660254037844388,48.5
2024-01-18 15:00:00,89.6,59.0,1376.0,94.1,31.0,41.0,15,3,1,-0.7071067811865471,-0.7071067811865479,57.0
2024-01-18 16:00:00,87.5,58.2,1338.0,87.5,29.1,37.0,16,3,1,-0.8660254037844384,-0.5000000000000004,59.0
2024-01-18 17:00:00,86.4,57.6,1175.0,67.1,27.1,48.0,17,3,1,-0.9659258262890683,-0.25881904510252063,58.2
2024-01-18 18:00:00,86.4,57.5,1026.0,48.7,25.2,59.0,18,3,1,-1.0,-1.8369701987210297e-16,57.6
2024-01-18 19:00:00,85.9,56.9,941.0,38.0,23.4,63.0,19,3,1,-0.9659258262890684,0.2588190451025203,57.5
2024-01-18 20:00:00,85.0,55.6,870.0,29.5,21.7,66.0,20,3,1,-0.8660254037844386,0.5000000000000001,56.9
2024-01-18 21:00:00,83.1,53.9,805.0,22.4,20.3,70.0,21,3,1,-0.7071067811865477,0.7071067811865474,55.6
2024-01-18 22:00:00,80.1,51.3,729.0,15.4,19.4,76.0,22,3,1,-0.5000000000000004,0.8660254037844384,53.9
2024-01-18 23:00:00,76.4,48.3,659.0,9.9,18.9,83.0,23,3,1,-0.25881904510252157,0.9659258262890681,51.3
2024-01-19 00:00:00,73.6,46.4,674.0,11.6,18.2,78.0,0,4,1,0.0,1.0,48.3
2024-01-19 01:00:00,71.7,44.5,752.0,20.6,18.2,70.0,1,4,1,0.25881904510252074,0.9659258262890683,46.4
2024-01-19 02:00:00,72.4,44.8,859.0,32.6,18.2,61.0,2,4,1,0.49999999999999994,0.8660254037844387,44.5
2024-01-19 03:00:00,77.3,48.2,932.0,39.7,19.0,62.0,3,4,1,0.7071067811865475,0.7071067811865476,44.8
2024-01-19 04:00:00,82.0,51.5,945.0,37.2,20.7,82.0,4,4,1,0.8660254037844386,0.5000000000000001,48.2
2024-01-19 05:00:00,85.7,54.2,922.0,29.6,23.1,112.0,5,4,1,0.9659258262890683,0.25881904510252074,51.5
2024-01-19 06:00:00,86.8,54.9,879.0,22.6,26.5,139.0,6,4,1,1.0,6.123233995736766e-17,54.2
2024-01-19 07:00:00,82.4,50.4,800.0,17.4,31.9,158.0,7,4,1,0.9659258262890683,-0.25881904510252063,54.9
2024-01-19 08:00:00,76.1,44.5,700.0,12.7,38.3,175.0,8,4,1,0.8660254037844387,-0.4999999999999998,50.4
2024-01-19 09:00:00,74.0,42.1,633.0,10.2,43.1,186.0,9,4,1,0.7071067811865476,-0.7071067811865475,44.5
2024-01-19 10:00:00,74.7,41.8,578.0,6.6,45.2,197.0,10,4,1,0.49999999999999994,-0.8660254037844387,42.1
2024-01-19 11:00:00,76.8,42.8,556.0,5.1,45.7,203.0,11,4,1,0.258819045102521,-0.9659258262890682,41.8
2024-01-19 12:00:00,72.2,40.7,689.0,17.1,42.7,200.0,12,4,1,1.2246467991473532e-16,-1.0,42.8
2024-01-19 13:00:00,76.4,44.4,1042.0,55.4,42.1,152.0,13,4,1,-0.2588190451025208,-0.9659258262890683,40.7
2024-01-19 14:00:00,95.9,59.4,1533.0,107.9,41.2,86.0,14,4,1,-0.4999999999999997,-0.8660254037844388,44.4
2024-01-19 15:00:00,111.8,71.0,1934.0,145.4,40.3,36.0,15,4,1,-0.7071067811865471,-0.7071067811865479,59.4
2024-01-19 16:00:00,122.0,78.2,2171.0,154.1,40.0,20.0,16,4,1,-0.8660254037844384,-0.5000000000000004,71.0
2024-01-19 17:00:00,130.9,85.4,2318.0,147.6,39.7,20.0,17,4,1,-0.9659258262890683,-0.25881904510252063,78.2
2024-01-19 18:00:00,130.4,86.4,2364.0,137.8,38.2,22.0,18,4,1,-1.0,-1.8369701987210297e-16,85.4
2024-01-19 19:00:00,121.1,81.3,2277.0,127.0,34.5,20.0,19,4,1,-0.9659258262890684,0.2588190451025203,86.4
2024-01-19 20:00:00,111.5,75.2,2090.0,112.8,29.7,20.0,20,4,1,-0.8660254037844386,0.5000000000000001,81.3
2024-01-19 21:00:00,102.9,69.6,1889.0,99.5,25.6,20.0,21,4,1,-0.7071067811865477,0.7071067811865474,75.2
2024-01-19 22:00:00,94.8,63.6,1665.0,88.5,23.1,20.0,22,4,1,-0.5000000000000004,0.8660254037844384,69.6
2024-01-19 23:00:00,88.0,58.6,1428.0,78.5,21.4,20.0,23,4,1,-0.25881904510252157,0.9659258262890681,63.6
2024-01-20 00:00:00,98.3,65.0,1572.0,72.8,21.9,17.0,0,5,1,0.0,1.0,58.6
2024-01-20 01:00:00,95.9,62.6,1682.0,69.2,20.6,10.0,1,5,1,0.25881904510252074,0.9659258262890683,65.0
2024-01-20 02:00:00,96.6,62.4,1823.0,63.9,19.1,3.0,2,5,1,0.49999999999999994,0.8660254037844387,62.6
2024-01-20 03:00:00,103.8,67.1,1846.0,57.7,20.6,13.0,3,5,1,0.7071067811865475,0.7071067811865476,62.4
2024-01-20 04:00:00,118.0,76.4,1648.0,50.4,28.9,57.0,4,5,1,0.8660254037844386,0.5000000000000001,67.1
2024-01-20 05:00:00,122.0,75.9,1332.0,42.1,40.2,119.0,5,5,1,0.9659258262890683,0.25881904510252074,76.4
2024-01-20 06:00:00,110.6,62.6,1058.0,33.8,46.5,169.0,6,5,1,1.0,6.123233995736766e-17,75.9
2024-01-20 07:00:00,99.7,52.4,882.0,24.7,43.3,198.0,7,5,1,0.9659258262890683,-0.25881904510252063,62.6
2024-01-20 08:00:00,98.0,50.5,748.0,15.6,35.2,217.0,8,5,1,0.8660254037844387,-0.4999999999999998,52.4
2024-01-20 09:00:00,94.8,49.0,651.0,9.5,27.7,223.0,9,5,1,0.7071067811865476,-0.7071067811865475,50.5
2024-01-20 10:00:00,89.4,46.4,595.0,7.6,22.8,216.0,10,5,1,0.49999999999999994,-0.8660254037844387,49.0
2024-01-20 11:00:00,84.8,44.2,576.0,8.7,18.5,196.0,11,5,1,0.258819045102521,-0.9659258262890682,46.4
2024-01-20 12:00:00,84.1,43.9,555.0,11.7,13.5,168.0,12,5,1,1.2246467991473532e-16,-1.0,44.2
2024-01-20 13:00:00,79.9,41.7,573.0,16.3,11.9,142.0,13,5,1,-0.2588190451025208,-0.9659258262890683,43.9
2024-01-20 14:00:00,75.2,39.6,601.0,23.2,9.7,107.0,14,5,1,-0.4999999999999997,-0.8660254037844388,41.7
2024-01-20 15:00:00,71.0,38.2,638.0,31.1,8.2,75.0,15,5,1,-0.7071067811865471,-0.7071067811865479,39.6
2024-01-20 16:00:00,68.9,38.0,688.0,41.2,8.1,52.0,16,5,1,-0.8660254037844384,-0.5000000000000004,38.2
2024-01-20 17:00:00,67.3,38.0,749.0,52.3,8.7,34.0,17,5,1,-0.9659258262890683,-0.25881904510252063,38.0
2024-01-20 18:00:00,67.1,38.4,808.0,60.8,9.3,20.0,18,5,1,-1.0,-1.8369701987210297e-16,38.0
2024-01-20 19:00:00,68.2,39.7,874.0,65.4,9.7,12.0,19,5,1,-0.9659258262890684,0.2588190451025203,38.4
2024-01-20 20:00:00,71.0,41.8,938.0,67.2,10.0,8.0,20,5,1,-0.8660254037844386,0.5000000000000001,39.7
2024-01-20 21:00:00,73.6,44.5,972.0,65.8,10.8,8.0,21,5,1,-0.7071067811865477,0.7071067811865474,41.8
2024-01-20 22:00:00,74.0,46.8,945.0,59.3,12.0,11.0,22,5,1,-0.5000000000000004,0.8660254037844384,44.5
2024-01-20 23:00:00,75.0,48.0,886.0,49.6,13.6,18.0,23,5,1,-0.25881904510252157,0.9659258262890681,46.8
2024-01-21 00:00:00,84.8,53.6,909.0,45.5,16.0,24.0,0,6,1,0.0,1.0,48.0
2024-01-21 01:00:00,86.6,54.4,936.0,44.1,17.4,32.0,1,6,1,0.25881904510252074,0.9659258262890683,53.6
2024-01-21 02:00:00,86.6,54.2,970.0,41.9,19.4,44.0,2,6,1,0.49999999999999994,0.8660254037844387,54.4
2024-01-21 03:00:00,86.1,53.9,971.0,37.9,21.7,61.0,3,6,1,0.7071067811865475,0.7071067811865476,54.2
2024-01-21 04:00:00,85.7,53.6,912.0,30.8,24.2,89.0,4,6,1,0.8660254037844386,0.5000000000000001,53.9
2024-01-21 05:00:00,85.2,52.0,820.0,22.0,26.9,122.0,5,6,1,0.9659258262890683,0.25881904510252074,53.6
2024-01-21 06:00:00,84.5,49.8,733.0,14.9,29.3,149.0,6,6,1,1.0,6.123233995736766e-17,52.0
2024-01-21 07:00:00,78.0,42.5,661.0,10.6,31.4,166.0,7,6,1,0.9659258262890683,-0.25881904510252063,49.8
2024-01-21 08:00:00,81.5,42.3,594.0,8.0,33.1,178.0,8,6,1,0.8660254037844387,-0.4999999999999998,42.5
2024-01-21 09:00:00,83.4,41.9,545.0,6.9,33.9,184.0,9,6,1,0.7071067811865476,-0.7071067811865475,42.3
2024-01-21 10:00:00,83.4,40.9,483.0,3.8,33.1,187.0,10,6,1,0.49999999999999994,-0.8660254037844387,41.9
2024-01-21 11:00:00,81.7,39.5,440.0,2.2,31.4,185.0,11,6,1,0.258819045102521,-0.9659258262890682,40.9
2024-01-21 12:00:00,79.2,38.8,519.0,12.1,29.4,171.0,12,6,1,1.2246467991473532e-16,-1.0,39.5
2024-01-21 13:00:00,78.0,39.2,852.0,46.4,29.5,129.0,13,6,1,-0.2588190451025208,-0.9659258262890683,38.8
2024-01-21 14:00:00,88.9,50.3,1317.0,93.6,29.6,70.0,14,6,1,-0.4999999999999997,-0.8660254037844388,39.2
2024-01-21 15:00:00,103.8,62.2,1708.0,129.1,29.9,27.0,15,6,1,-0.7071067811865471,-0.7071067811865479,50.3
2024-01-21 16:00:00,113.9,69.8,1962.0,142.6,31.1,15.0,16,6,1,-0.8660254037844384,-0.5000000000000004,62.2
2024-01-21 17:00:00,122.0,75.4,2142.0,144.3,32.5,18.0,17,6,1,-0.9659258262890683,-0.25881904510252063,69.8
2024-01-21 18:00:00,130.9,82.2,2232.0,140.2,32.5,22.0,18,6,1,-1.0,-1.8369701987210297e-16,75.4
2024-01-21 19:00:00,131.8,84.1,2209.0,129.7,29.9,20.0,19,6,1,-0.9659258262890684,0.2588190451025203,82.2
2024-01-21 20:00:00,127.1,82.0,2094.0,113.4,26.0,19.0,20,6,1,-0.8660254037844386,0.5000000000000001,84.1
2024-01-21 21:00:00,120.1,77.8,1939.0,98.5,22.6,18.0,21,6,1,-0.7071067811865477,0.7071067811865474,82.0
2024-01-21 22:00:00,113.4,72.9,1707.0,87.5,20.3,18.0,22,6,1,-0.5000000000000004,0.8660254037844384,77.8
2024-01-21 23:00:00,108.3,68.9,1435.0,78.0,18.6,17.0,23,6,1,-0.25881904510252157,0.9659258262890681,72.9
2024-01-22 00:00:00,105.2,66.4,1318.0,70.4,18.7,17.0,0,0,1,0.0,1.0,68.9
2024-01-22 01:00:00,102.4,63.6,1398.0,67.7,17.8,11.0,1,0,1,0.25881904510252074,0.9659258262890683,66.4
2024-01-22 02:00:00,101.7,62.9,1501.0,63.7,17.0,5.0,2,0,1,0.49999999999999994,0.8660254037844387,63.6
2024-01-22 03:00:00,108.5,67.5,1517.0,58.5,19.1,14.0,3,0,1,0.7071067811865475,0.7071067811865476,62.9
2024-01-22 04:00:00,120.1,74.7,1375.0,51.8,27.9,50.0,4,0,1,0.8660254037844386,0.5000000000000001,67.5
2024-01-22 05:00:00,126.7,75.2,1146.0,43.9,39.7,101.0,5,0,1,0.9659258262890683,0.25881904510252074,74.7
2024-01-22 06:00:00,116.4,65.9,943.0,35.6,46.5,145.0,6,0,1,1.0,6.123233995736766e-17,75.2
2024-01-22 07:00:00,99.9,54.7,802.0,26.0,43.7,177.0,7,0,1,0.9659258262890683,-0.25881904510252063,65.9
2024-01-22 08:00:00,92.9,50.2,686.0,16.0,35.9,203.0,8,0,1,0.8660254037844387,-0.4999999999999998,54.7
2024-01-22 09:00:00,86.8,46.3,596.0,9.2,28.3,215.0,9,0,1,0.7071067811865476,-0.7071067811865475,50.2
2024-01-22 10:00:00,85.0,44.0,534.0,7.1,22.4,209.0,10,0,1,0.49999999999999994,-0.8660254037844387,46.3
2024-01-22 11:00:00,72.2,37.4,497.0,8.2,16.7,191.0,11,0,1,0.258819045102521,-0.9659258262890682,44.0
2024-01-22 12:00:00,46.9,21.0,329.0,10.1,7.1,134.0,12,0,1,1.2246467991473532e-16,-1.0,37.4
2024-01-22 13:00:00,46.6,20.1,356.0,16.8,6.4,110.0,13,0,1,-0.2588190451025208,-0.9659258262890683,21.0
2024-01-22 14:00:00,46.9,20.5,393.0,26.1,5.5,78.0,14,0,1,-0.4999999999999997,-0.8660254037844388,20.1
2024-01-22 15:00:00,49.9,22.3,423.0,33.5,5.0,52.0,15,0,1,-0.7071067811865471,-0.7071067811865479,20.5
2024-01-22 16:00:00,54.4,24.1,444.0,37.8,5.3,40.0,16,0,1,-0.8660254037844384,-0.5000000000000004,22.3
2024-01-22 17:00:00,58.2,25.8,458.0,40.2,6.0,35.0,17,0,1,-0.9659258262890683,-0.25881904510252063,24.1
2024-01-22 18:00:00,60.8,27.2,457.0,40.3,6.4,34.0,18,0,1,-1.0,-1.8369701987210297e-16,25.8
2024-01-22 19:00:00,61.5,27.9,430.0,37.0,6.1,36.0,19,0,1,-0.9659258262890684,0.2588190451025203,27.2
2024-01-22 20:00:00,61.2,27.9,386.0,31.5,5.6,41.0,20,0,1,-0.8660254037844386,0.5000000000000001,27.9
2024-01-22 21:00:00,61.2,28.0,349.0,26.7,5.3,46.0,21,0,1,-0.7071067811865477,0.7071067811865474,27.9
2024-01-22 22:00:00,63.1,29.2,299.0,22.8,5.6,50.0,22,0,1,-0.5000000000000004,0.8660254037844384,28.0
2024-01-22 23:00:00,63.3,30.2,254.0,19.5,6.3,53.0,23,0,1,-0.25881904510252157,0.9659258262890681,29.2
2024-01-23 00:00:00,56.0,28.9,254.0,15.7,6.0,57.0,0,1,1,0.0,1.0,30.2
2024-01-23 01:00:00,53.3,29.0,457.0,24.1,6.3,39.0,1,1,1,0.25881904510252074,0.9659258262890683,28.9
2024-01-23 02:00:00,54.8,32.9,731.0,35.3,6.9,16.0,2,1,1,0.49999999999999994,0.8660254037844387,29.0
2024-01-23 03:00:00,61.2,38.5,894.0,41.1,8.5,10.0,3,1,1,0.7071067811865475,0.7071067811865476,32.9
2024-01-23 04:00:00,66.6,39.0,838.0,36.5,11.8,36.0,4,1,1,0.8660254037844386,0.5000000000000001,38.5
2024-01-23 05:00:00,68.9,36.7,672.0,26.5,16.0,79.0,5,1,1,0.9659258262890683,0.25881904510252074,39.0
2024-01-23 06:00:00,85.4,43.5,538.0,18.0,19.8,115.0,6,1,1,1.0,6.123233995736766e-17,36.7
2024-01-23 07:00:00,92.0,46.6,491.0,13.2,22.7,137.0,7,1,1,0.9659258262890683,-0.25881904510252063,43.5
2024-01-23 08:00:00,90.6,44.5,477.0,10.0,25.1,152.0,8,1,1,0.8660254037844387,-0.4999999999999998,46.6
2024-01-23 09:00:00,88.0,42.3,473.0,8.3,26.6,163.0,9,1,1,0.7071067811865476,-0.7071067811865475,44.5
2024-01-23 10:00:00,88.2,42.0,441.0,5.4,26.7,175.0,10,1,1,0.49999999999999994,-0.8660254037844387,42.3
2024-01-23 11:00:00,88.5,42.4,419.0,4.1,25.9,183.0,11,1,1,0.258819045102521,-0.9659258262890682,42.0
2024-01-23 12:00:00,96.6,47.4,537.0,13.0,27.9,169.0,12,1,1,1.2246467991473532e-16,-1.0,42.4
2024-01-23 13:00:00,97.6,49.4,844.0,44.5,28.2,126.0,13,1,1,-0.2588190451025208,-0.9659258262890683,47.4
2024-01-23 14:00:00,107.1,58.3,1256.0,86.8,28.4,68.0,14,1,1,-0.4999999999999997,-0.8660254037844388,49.4
2024-01-23 15:00:00,119.7,69.6,1490.0,110.2,27.6,29.0,15,1,1,-0.7071067811865471,-0.7071067811865479,58.3
2024-01-23 16:00:00,114.3,69.8,1375.0,96.5,24.8,28.0,16,1,1,-0.8660254037844384,-0.5000000000000004,69.6
2024-01-23 17:00:00,104.3,64.7,1080.0,63.8,20.9,46.0,17,1,1,-0.9659258262890683,-0.25881904510252063,69.8
2024-01-23 18:00:00,98.0,60.3,835.0,37.0,17.8,61.0,18,1,1,-1.0,-1.8369701987210297e-16,64.7
2024-01-23 19:00:00,93.6,56.2,724.0,25.7,16.2,65.0,19,1,1,-0.9659258262890684,0.2588190451025203,60.3
2024-01-23 20:00:00,90.3,53.0,661.0,20.2,15.4,66.0,20,1,1,-0.8660254037844386,0.5000000000000001,56.2
2024-01-23 21:00:00,88.2,51.1,618.0,16.5,14.7,66.0,21,1,1,-0.7071067811865477,0.7071067811865474,53.0
2024-01-23 22:00:00,86.6,50.1,574.0,12.3,14.0,66.0,22,1,1,-0.5000000000000004,0.8660254037844384,51.1
2024-01-23 23:00:00,85.2,49.0,550.0,9.9,13.6,65.0,23,1,1,-0.25881904510252157,0.9659258262890681,50.1
2024-01-24 00:00:00,84.3,48.3,578.0,12.0,13.2,58.0,0,2,1,0.0,1.0,49.0
2024-01-24 01:00:00,84.1,47.8,724.0,22.5,13.0,44.0,1,2,1,0.25881904510252074,0.9659258262890683,48.3
2024-01-24 02:00:00,85.0,49.0,921.0,36.6,12.9,26.0,2,2,1,0.49999999999999994,0.8660254037844387,47.8
2024-01-24 03:00:00,91.7,53.8,1039.0,44.9,14.6,23.0,3,2,1,0.7071067811865475,0.7071067811865476,49.0
2024-01-24 04:00:00,99.9,57.5,1008.0,41.9,19.2,46.0,4,2,1,0.8660254037844386,0.5000000000000001,53.8
2024-01-24 05:00:00,105.7,59.8,899.0,33.1,25.7,83.0,5,2,1,0.9659258262890683,0.25881904510252074,57.5
2024-01-24 06:00:00,108.0,58.2,791.0,24.9,32.0,116.0,6,2,1,1.0,6.123233995736766e-17,59.8
2024-01-24 07:00:00,102.2,52.5,704.0,19.2,38.5,141.0,7,2,1,0.9659258262890683,-0.25881904510252063,58.2
2024-01-24 08:00:00,99.7,49.9,618.0,14.2,45.0,161.0,8,2,1,0.8660254037844387,-0.4999999999999998,52.5
2024-01-24 09:00:00,98.0,49.0,559.0,11.2,48.8,176.0,9,2,1,0.7071067811865476,-0.7071067811865475,49.9
2024-01-24 10:00:00,95.2,47.3,527.0,10.1,48.6,185.0,10,2,1,0.49999999999999994,-0.8660254037844387,49.0
2024-01-24 11:00:00,93.8,46.6,521.0,10.9,45.6,188.0,11,2,1,0.258819045102521,-0.9659258262890682,47.3
2024-01-24 12:00:00,98.7,49.4,588.0,15.8,45.7,179.0,12,2,1,1.2246467991473532e-16,-1.0,46.6
2024-01-24 13:00:00,102.2,52.3,782.0,34.6,41.1,143.0,13,2,1,-0.2588190451025208,-0.9659258262890683,49.4
2024-01-24 14:00:00,108.7,59.5,1050.0,60.7,34.7,93.0,14,2,1,-0.4999999999999997,-0.8660254037844388,52.3
2024-01-24 15:00:00,112.5,63.8,1263.0,81.1,29.4,54.0,15,2,1,-0.7071067811865471,-0.7071067811865479,59.5
2024-01-24 16:00:00,114.1,65.2,1361.0,91.0,26.2,36.0,16,2,1,-0.8660254037844384,-0.5000000000000004,63.8
2024-01-24 17:00:00,116.9,67.1,1402.0,95.3,24.1,27.0,17,2,1,-0.9659258262890683,-0.25881904510252063,65.2
2024-01-24 18:00:00,121.5,70.3,1433.0,95.5,22.6,22.0,18,2,1,-1.0,-1.8369701987210297e-16,67.1
2024-01-24 19:00:00,128.5,75.4,1484.0,90.7,21.8,17.0,19,2,1,-0.9659258262890684,0.2588190451025203,70.3
2024-01-24 20:00:00,137.4,83.4,1525.0,81.8,21.5,16.0,20,2,1,-0.8660254037844386,0.5000000000000001,75.4
2024-01-24 21:00:00,129.9,80.6,1510.0,72.7,21.1,15.0,21,2,1,-0.7071067811865477,0.7071067811865474,83.4
2024-01-24 22:00:00,121.5,75.7,1378.0,63.8,20.0,15.0,22,2,1,-0.5000000000000004,0.8660254037844384,80.6
2024-01-24 23:00:00,114.3,70.8,1191.0,54.8,18.7,16.0,23,2,1,-0.25881904510252157,0.9659258262890681,75.7
2024-01-25 00:00:00,115.3,70.5,1166.0,50.2,17.2,15.0,0,3,1,0.0,1.0,70.8
2024-01-25 01:00:00,107.1,65.7,1283.0,49.9,16.6,10.0,1,3,1,0.25881904510252074,0.9659258262890683,70.5
2024-01-25 02:00:00,103.6,63.8,1435.0,49.3,16.1,6.0,2,3,1,0.49999999999999994,0.8660254037844387,65.7
2024-01-25 03:00:00,109.9,68.0,1479.0,46.8,18.9,14.0,3,3,1,0.7071067811865475,0.7071067811865476,63.8
2024-01-25 04:00:00,118.5,72.9,1317.0,41.2,28.9,46.0,4,3,1,0.8660254037844386,0.5000000000000001,68.0
2024-01-25 05:00:00,125.3,72.4,1046.0,33.8,42.2,90.0,5,3,1,0.9659258262890683,0.25881904510252074,72.9
2024-01-25 06:00:00,116.4,61.9,817.0,26.6,49.8,128.0,6,3,1,1.0,6.123233995736766e-17,72.4
2024-01-25 07:00:00,98.3,48.8,683.0,19.7,46.4,152.0,7,3,1,0.9659258262890683,-0.25881904510252063,61.9
2024-01-25 08:00:00,95.7,46.9,591.0,13.1,37.3,169.0,8,3,1,0.8660254037844387,-0.4999999999999998,48.8
2024-01-25 09:00:00,93.4,45.1,527.0,8.8,29.2,178.0,9,3,1,0.7071067811865476,-0.7071067811865475,46.9
2024-01-25 10:00:00,91.0,43.8,482.0,6.6,24.6,179.0,10,3,1,0.49999999999999994,-0.8660254037844387,45.1
2024-01-25 11:00:00,87.3,41.6,465.0,6.8,21.1,172.0,11,3,1,0.258819045102521,-0.9659258262890682,43.8
2024-01-25 12:00:00,99.2,47.5,517.0,12.5,18.5,168.0,12,3,1,1.2246467991473532e-16,-1.0,41.6
2024-01-25 13:00:00,92.2,44.5,647.0,28.9,16.7,133.0,13,3,1,-0.2588190451025208,-0.9659258262890683,47.5
2024-01-25 14:00:00,91.0,47.7,829.0,51.7,14.1,83.0,14,3,1,-0.4999999999999997,-0.8660254037844388,44.5
2024-01-25 15:00:00,89.9,48.7,991.0,70.4,12.5,44.0,15,3,1,-0.7071067811865471,-0.7071067811865479,47.7
2024-01-25 16:00:00,90.3,50.1,1121.0,81.2,12.7,25.0,16,3,1,-0.8660254037844384,-0.5000000000000004,48.7
2024-01-25 17:00:00,92.4,51.8,1231.0,87.9,13.8,15.0,17,3,1,-0.9659258262890683,-0.25881904510252063,50.1
2024-01-25 18:00:00,93.6,52.9,1281.0,91.2,14.4,10.0,18,3,1,-1.0,-1.8369701987210297e-16,51.8
2024-01-25 19:00:00,90.8,51.8,1239.0,91.4,13.9,7.0,19,3,1,-0.9659258262890684,0.2588190451025203,52.9
2024-01-25 20:00:00,86.6,49.4,1137.0,88.2,12.9,8.0,20,3,1,-0.8660254037844386,0.5000000000000001,51.8
2024-01-25 21:00:00,81.5,46.3,1029.0,81.9,11.8,11.0,21,3,1,-0.7071067811865477,0.7071067811865474,49.4
2024-01-25 22:00:00,75.7,43.4,918.0,70.5,10.5,14.0,22,3,1,-0.5000000000000004,0.8660254037844384,46.3
2024-01-25 23:00:00,71.5,42.3,801.0,56.0,9.1,18.0,23,3,1,-0.25881904510252157,0.9659258262890681,43.4
2024-01-26 00:00:00,76.6,47.0,833.0,51.6,9.7,21.0,0,4,1,0.0,1.0,42.3
2024-01-26 01:00:00,77.8,46.8,835.0,45.6,10.5,31.0,1,4,1,0.25881904510252074,0.9659258262890683,47.0
2024-01-26 02:00:00,85.2,52.0,837.0,37.1,11.7,45.0,2,4,1,0.49999999999999994,0.8660254037844387,46.8
2024-01-26 03:00:00,91.3,56.8,826.0,29.4,13.5,62.0,3,4,1,0.7071067811865475,0.7071067811865476,52.0
2024-01-26 04:00:00,91.3,57.6,797.0,23.6,15.9,82.0,4,4,1,0.8660254037844386,0.5000000000000001,56.8
2024-01-26 05:00:00,89.6,56.0,755.0,18.6,18.9,105.0,5,4,1,0.9659258262890683,0.25881904510252074,57.6
2024-01-26 06:00:00,95.7,56.6,708.0,14.5,22.4,125.0,6,4,1,1.0,6.123233995736766e-17,56.0
2024-01-26 07:00:00,97.6,53.9,648.0,11.0,27.4,143.0,7,4,1,0.9659258262890683,-0.25881904510252063,56.6
2024-01-26 08:00:00,92.4,49.9,582.0,8.3,33.0,159.0,8,4,1,0.8660254037844387,-0.4999999999999998,53.9
2024-01-26 09:00:00,89.4,48.4,539.0,7.0,36.6,169.0,9,4,1,0.7071067811865476,-0.7071067811865475,49.9
2024-01-26 10:00:00,88.0,48.1,527.0,7.0,36.7,173.0,10,4,1,0.49999999999999994,-0.8660254037844387,48.4
2024-01-26 11:00:00,87.5,48.4,538.0,8.4,34.8,171.0,11,4,1,0.258819045102521,-0.9659258262890682,48.1
2024-01-26 12:00:00,103.1,57.3,606.0,12.6,34.2,165.0,12,4,1,1.2246467991473532e-16,-1.0,48.4
2024-01-26 13:00:00,108.3,63.1,714.0,21.4,31.9,142.0,13,4,1,-0.2588190451025208,-0.9659258262890683,57.3
2024-01-26 14:00:00,113.2,69.2,861.0,33.3,28.6,111.0,14,4,1,-0.4999999999999997,-0.8660254037844388,63.1
2024-01-26 15:00:00,112.9,70.8,954.0,39.7,25.2,89.0,15,4,1,-0.7071067811865471,-0.7071067811865479,69.2
2024-01-26 16:00:00,108.5,69.2,941.0,35.5,21.8,84.0,16,4,1,-0.8660254037844384,-0.5000000000000004,70.8
2024-01-26 17:00:00,103.4,66.6,873.0,25.9,18.3,87.0,17,4,1,-0.9659258262890683,-0.25881904510252063,69.2
2024-01-26 18:00:00,100.6,64.7,811.0,17.6,15.6,91.0,18,4,1,-1.0,-1.8369701987210297e-16,66.6
2024-01-26 19:00:00,99.2,63.3,771.0,13.0,14.0,95.0,19,4,1,-0.9659258262890684,0.2588190451025203,64.7
2024-01-26 20:00:00,97.8,61.9,737.0,9.7,13.3,99.0,20,4,1,-0.8660254037844386,0.5000000000000001,63.3
2024-01-26 21:00:00,96.4,60.8,715.0,7.3,12.9,103.0,21,4,1,-0.7071067811865477,0.7071067811865474,61.9
2024-01-26 22:00:00,94.8,60.1,704.0,5.1,12.9,106.0,22,4,1,-0.5000000000000004,0.8660254037844384,60.8
2024-01-26 23:00:00,93.4,59.6,705.0,3.9,13.4,108.0,23,4,1,-0.25881904510252157,0.9659258262890681,60.1
2024-01-27 00:00:00,93.6,59.8,728.0,5.2,14.0,104.0,0,5,1,0.0,1.0,59.6
2024-01-27 01:00:00,93.6,60.1,798.0,11.7,14.6,96.0,1,5,1,0.25881904510252074,0.9659258262890683,59.8
2024-01-27 02:00:00,94.5,61.0,892.0,20.4,15.6,85.0,2,5,1,0.49999999999999994,0.8660254037844387,60.1
2024-01-27 03:00:00,97.6,62.9,946.0,25.5,17.0,83.0,3,5,1,0.7071067811865475,0.7071067811865476,61.0
2024-01-27 04:00:00,99.7,64.5,927.0,23.4,19.1,98.0,4,5,1,0.8660254037844386,0.5000000000000001,62.9
2024-01-27 05:00:00,102.2,65.2,867.0,17.7,21.7,121.0,5,5,1,0.9659258262890683,0.25881904510252074,64.5
2024-01-27 06:00:00,102.2,63.3,801.0,12.8,23.9,142.0,6,5,1,1.0,6.123233995736766e-17,65.2
2024-01-27 07:00:00,99.2,60.1,728.0,10.0,25.4,156.0,7,5,1,0.9659258262890683,-0.25881904510252063,63.3
2024-01-27 08:00:00,94.3,56.2,649.0,8.0,26.5,166.0,8,5,1,0.8660254037844387,-0.4999999999999998,60.1
2024-01-27 09:00:00,89.2,52.9,595.0,7.3,27.4,173.0,9,5,1,0.7071067811865476,-0.7071067811865475,56.2
2024-01-27 10:00:00,85.9,51.0,555.0,5.4,28.2,179.0,10,5,1,0.49999999999999994,-0.8660254037844387,52.9
2024-01-27 11:00:00,85.4,50.9,541.0,4.9,28.7,181.0,11,5,1,0.258819045102521,-0.9659258262890682,51.0
2024-01-27 12:00:00,83.4,49.5,624.0,13.7,29.7,168.0,12,5,1,1.2246467991473532e-16,-1.0,50.9
2024-01-27 13:00:00,87.5,53.1,915.0,42.5,29.7,126.0,13,5,1,-0.2588190451025208,-0.9659258262890683,49.5
2024-01-27 14:00:00,99.2,62.9,1307.0,81.4,29.5,68.0,14,5,1,-0.4999999999999997,-0.8660254037844388,53.1
2024-01-27 15:00:00,106.6,68.5,1545.0,103.7,28.8,29.0,15,5,1,-0.7071067811865471,-0.7071067811865479,62.9
2024-01-27 16:00:00,106.6,68.2,1481.0,94.0,27.1,29.0,16,5,1,-0.8660254037844384,-0.5000000000000004,68.5
2024-01-27 17:00:00,104.1,66.1,1261.0,67.7,24.8,48.0,17,5,1,-0.9659258262890683,-0.25881904510252063,68.2
2024-01-27 18:00:00,101.5,63.6,1069.0,45.0,22.8,64.0,18,5,1,-1.0,-1.8369701987210297e-16,66.1
2024-01-27 19:00:00,98.0,61.0,969.0,32.8,21.4,70.0,19,5,1,-0.9659258262890684,0.2588190451025203,63.6
2024-01-27 20:00:00,94.5,58.4,896.0,24.1,20.3,74.0,20,5,1,-0.8660254037844386,0.5000000000000001,61.0
2024-01-27 21:00:00,91.5,56.5,841.0,17.9,19.1,74.0,21,5,1,-0.7071067811865477,0.7071067811865474,58.4
2024-01-27 22:00:00,88.7,54.8,781.0,13.7,17.5,70.0,22,5,1,-0.5000000000000004,0.8660254037844384,56.5
2024-01-27 23:00:00,84.1,52.6,739.0,12.1,15.7,62.0,23,5,1,-0.25881904510252157,0.9659258262890681,54.8
2024-01-28 00:00:00,81.0,50.9,779.0,12.8,14.6,54.0,0,6,1,0.0,1.0,52.6
2024-01-28 01:00:00,79.6,50.3,983.0,20.0,12.4,37.0,1,6,1,0.25881904510252074,0.9659258262890683,50.9
2024-01-28 02:00:00,81.3,51.8,1257.0,30.0,9.9,15.0,2,6,1,0.49999999999999994,0.8660254037844387,50.3
2024-01-28 03:00:00,90.6,58.6,1416.0,37.1,12.4,12.0,3,6,1,0.7071067811865475,0.7071067811865476,51.8
2024-01-28 04:00:00,100.4,63.3,1356.0,39.6,26.0,45.0,4,6,1,0.8660254037844386,0.5000000000000001,58.6
2024-01-28 05:00:00,109.2,68.0,1180.0,39.2,44.6,97.0,5,6,1,0.9659258262890683,0.25881904510252074,63.3
2024-01-28 06:00:00,116.9,72.2,1009.0,35.9,55.1,140.0,6,6,1,1.0,6.123233995736766e-17,68.0
2024-01-28 07:00:00,109.2,66.6,872.0,27.6,49.8,165.0,7,6,1,0.9659258262890683,-0.25881904510252063,72.2
2024-01-28 08:00:00,94.5,56.3,740.0,16.3,36.3,182.0,8,6,1,0.8660254037844387,-0.4999999999999998,66.6
2024-01-28 09:00:00,86.1,50.5,641.0,8.3,24.8,189.0,9,6,1,0.7071067811865476,-0.7071067811865475,56.3
2024-01-28 10:00:00,80.3,46.4,586.0,6.0,18.8,184.0,10,6,1,0.49999999999999994,-0.8660254037844387,50.5
2024-01-28 11:00:00,77.1,44.1,565.0,6.9,14.8,169.0,11,6,1,0.258819045102521,-0.9659258262890682,46.4
2024-01-28 12:00:00,83.8,46.6,556.0,9.4,11.3,147.0,12,6,1,1.2246467991473532e-16,-1.0,44.1
2024-01-28 13:00:00,84.1,46.2,585.0,13.9,10.6,133.0,13,6,1,-0.2588190451025208,-0.9659258262890683,46.6
2024-01-28 14:00:00,86.6,47.8,624.0,20.0,9.7,115.0,14,6,1,-0.4999999999999997,-0.8660254037844388,46.2
2024-01-28 15:00:00,89.6,49.9,641.0,24.2,8.7,100.0,15,6,1,-0.7071067811865471,-0.7071067811865479,47.8
2024-01-28 16:00:00,92.2,51.2,621.0,24.6,7.8,93.0,16,6,1,-0.8660254037844384,-0.5000000000000004,49.9
2024-01-28 17:00:00,92.2,51.2,581.0,23.1,6.9,91.0,17,6,1,-0.9659258262890683,-0.25881904510252063,51.2
2024-01-28 18:00:00,88.0,48.8,534.0,21.1,6.1,89.0,18,6,1,-1.0,-1.8369701987210297e-16,51.2
2024-01-28 19:00:00,81.7,45.4,483.0,18.9,5.4,87.0,19,6,1,-0.9659258262890684,0.2588190451025203,48.8
2024-01-28 20:00:00,73.3,40.9,427.0,16.2,4.9,86.0,20,6,1,-0.8660254037844386,0.5000000000000001,45.4
2024-01-28 21:00:00,64.7,36.0,375.0,13.8,4.5,84.0,21,6,1,-0.7071067811865477,0.7071067811865474,40.9
2024-01-28 22:00:00,56.5,31.4,314.0,10.5,4.3,84.0,22,6,1,-0.5000000000000004,0.8660254037844384,36.0
2024-01-28 23:00:00,49.1,27.2,256.0,7.6,4.2,83.0,23,6,1,-0.25881904510252157,0.9659258262890681,31.4
2024-01-29 00:00:00,43.4,23.8,248.0,8.8,4.3,78.0,0,0,1,0.0,1.0,27.2
2024-01-29 01:00:00,40.6,22.5,373.0,20.8,5.3,62.0,1,0,1,0.25881904510252074,0.9659258262890683,23.8
2024-01-29 02:00:00,40.9,23.1,539.0,36.8,6.6,41.0,2,0,1,0.49999999999999994,0.8660254037844387,22.5
2024-01-29 03:00:00,46.8,27.5,626.0,45.0,7.7,32.0,3,0,1,0.7071067811865475,0.7071067811865476,23.1
2024-01-29 04:00:00,50.6,29.9,556.0,37.7,8.3,48.0,4,0,1,0.8660254037844386,0.5000000000000001,27.5
2024-01-29 05:00:00,46.0,25.1,406.0,22.5,8.5,77.0,5,0,1,0.9659258262890683,0.25881904510252074,29.9
2024-01-29 06:00:00,38.2,18.3,286.0,10.5,8.4,99.0,6,0,1,1.0,6.123233995736766e-17,25.1
2024-01-29 07:00:00,38.9,16.6,240.0,6.1,7.7,108.0,7,0,1,0.9659258262890683,-0.25881904510252063,18.3
2024-01-29 08:00:00,44.2,15.8,225.0,5.0,6.6,110.0,8,0,1,0.8660254037844387,-0.4999999999999998,16.6
2024-01-29 09:00:00,52.9,16.5,220.0,5.0,5.8,109.0,9,0,1,0.7071067811865476,-0.7071067811865475,15.8
2024-01-29 10:00:00,52.4,16.0,218.0,5.5,5.6,105.0,10,0,1,0.49999999999999994,-0.8660254037844387,16.5
2024-01-29 11:00:00,52.5,16.1,227.0,7.1,5.7,98.0,11,0,1,0.258819045102521,-0.9659258262890682,16.0
2024-01-29 12:00:00,54.4,18.5,253.0,10.6,6.6,93.0,12,0,1,1.2246467991473532e-16,-1.0,16.1
2024-01-29 13:00:00,51.0,18.8,296.0,16.1,6.1,81.0,13,0,1,-0.2588190451025208,-0.9659258262890683,18.5
2024-01-29 14:00:00,46.7,19.8,355.0,23.8,5.4,65.0,14,0,1,-0.4999999999999997,-0.8660254037844388,18.8
2024-01-29 15:00:00,45.1,20.8,399.0,29.6,5.0,52.0,15,0,1,-0.7071067811865471,-0.7071067811865479,19.8
2024-01-29 16:00:00,42.6,20.4,415.0,31.8,5.1,47.0,16,0,1,-0.8660254037844384,-0.5000000000000004,20.8
2024-01-29 17:00:00,43.7,20.8,417.0,32.1,5.4,46.0,17,0,1,-0.9659258262890683,-0.25881904510252063,20.4
2024-01-29 18:00:00,45.2,21.8,415.0,31.8,5.7,45.0,18,0,1,-1.0,-1.8369701987210297e-16,20.8
2024-01-29 19:00:00,46.8,23.2,413.0,31.5,5.7,44.0,19,0,1,-0.9659258262890684,0.2588190451025203,21.8
2024-01-29 20:00:00,48.0,23.8,408.0,30.7,5.7,44.0,20,0,1,-0.8660254037844386,0.5000000000000001,23.2
2024-01-29 21:00:00,49.9,24.4,395.0,29.1,5.7,45.0,21,0,1,-0.7071067811865477,0.7071067811865474,23.8
2024-01-29 22:00:00,50.6,24.2,354.0,24.6,5.7,50.0,22,0,1,-0.5000000000000004,0.8660254037844384,24.4
2024-01-29 23:00:00,53.0,24.7,305.0,19.2,5.7,55.0,23,0,1,-0.25881904510252157,0.9659258262890681,24.2
2024-01-30 00:00:00,55.9,24.6,334.0,21.8,7.2,53.0,0,1,1,0.0,1.0,24.7
2024-01-30 01:00:00,58.3,24.9,471.0,33.8,8.5,41.0,1,1,1,0.25881904510252074,0.9659258262890683,24.6
2024-01-30 02:00:00,64.0,27.5,654.0,49.7,10.4,26.0,2,1,1,0.49999999999999994,0.8660254037844387,24.9
2024-01-30 03:00:00,74.7,34.0,743.0,57.1,11.7,22.0,3,1,1,0.7071067811865475,0.7071067811865476,27.5
2024-01-30 04:00:00,77.8,34.5,647.0,47.8,12.3,38.0,4,1,1,0.8660254037844386,0.5000000000000001,34.0
2024-01-30 05:00:00,75.4,25.5,458.0,29.9,12.4,64.0,5,1,1,0.9659258262890683,0.25881904510252074,34.5
2024-01-30 06:00:00,81.3,21.8,308.0,15.5,11.8,86.0,6,1,1,1.0,6.123233995736766e-17,25.5
2024-01-30 07:00:00,89.4,21.4,252.0,9.4,10.1,98.0,7,1,1,0.9659258262890683,-0.25881904510252063,21.8
2024-01-30 08:00:00,96.9,21.8,237.0,6.8,7.8,106.0,8,1,1,0.8660254037844387,-0.4999999999999998,21.4
2024-01-30 09:00:00,104.3,22.3,230.0,5.7,6.0,109.0,9,1,1,0.7071067811865476,-0.7071067811865475,21.8
2024-01-30 10:00:00,109.2,22.5,221.0,5.5,5.2,105.0,10,1,1,0.49999999999999994,-0.8660254037844387,22.3
2024-01-30 11:00:00,108.3,22.4,222.0,6.7,4.9,96.0,11,1,1,0.258819045102521,-0.9659258262890682,22.5
2024-01-30 12:00:00,102.0,22.0,238.0,9.3,4.9,88.0,12,1,1,1.2246467991473532e-16,-1.0,22.4
2024-01-30 13:00:00,93.1,21.5,259.0,12.3,4.8,81.0,13,1,1,-0.2588190451025208,-0.9659258262890683,22.0
2024-01-30 14:00:00,78.5,21.1,289.0,16.6,4.7,70.0,14,1,1,-0.4999999999999997,-0.8660254037844388,21.5
2024-01-30 15:00:00,71.7,21.1,324.0,21.2,4.8,61.0,15,1,1,-0.7071067811865471,-0.7071067811865479,21.1
2024-01-30 16:00:00,67.3,22.7,371.0,26.7,5.4,53.0,16,1,1,-0.8660254037844384,-0.5000000000000004,21.1
2024-01-30 17:00:00,66.6,24.2,422.0,32.5,6.2,45.0,17,1,1,-0.9659258262890683,-0.25881904510252063,22.7
2024-01-30 18:00:00,65.9,25.3,448.0,35.4,6.6,41.0,18,1,1,-1.0,-1.8369701987210297e-16,24.2
2024-01-30 19:00:00,65.2,25.8,433.0,33.5,6.3,42.0,19,1,1,-0.9659258262890684,0.2588190451025203,25.3
2024-01-30 20:00:00,62.9,25.4,393.0,28.7,5.6,46.0,20,1,1,-0.8660254037844386,0.5000000000000001,25.8
2024-01-30 21:00:00,60.1,24.2,350.0,23.8,5.0,50.0,21,1,1,-0.7071067811865477,0.7071067811865474,25.4
2024-01-30 22:00:00,58.0,23.2,295.0,18.2,4.6,55.0,22,1,1,-0.5000000000000004,0.8660254037844384,24.2
2024-01-30 23:00:00,56.6,22.6,238.0,12.5,4.4,61.0,23,1,1,-0.25881904510252157,0.9659258262890681,23.2
2024-01-31 00:00:00,54.0,21.8,230.0,11.8,4.4,63.0,0,2,1,0.0,1.0,22.6
2024-01-31 01:00:00,52.3,21.8,358.0,24.0,5.3,49.0,1,2,1,0.25881904510252074,0.9659258262890683,21.8
2024-01-31 02:00:00,51.9,23.2,530.0,40.2,6.6,31.0,2,2,1,0.49999999999999994,0.8660254037844387,21.8
2024-01-31 03:00:00,58.1,28.7,621.0,48.4,7.7,24.0,3,2,1,0.7071067811865475,0.7071067811865476,23.2
2024-01-31 04:00:00,59.3,25.9,553.0,40.8,8.7,39.0,4,2,1,0.8660254037844386,0.5000000000000001,28.7
2024-01-31 05:00:00,58.1,23.1,405.0,25.2,9.5,66.0,5,2,1,0.9659258262890683,0.25881904510252074,25.9
2024-01-31 06:00:00,57.0,20.7,288.0,12.8,9.8,89.0,6,2,1,1.0,6.123233995736766e-17,23.1
2024-01-31 07:00:00,56.7,19.8,249.0,8.0,9.1,103.0,7,2,1,0.9659258262890683,-0.25881904510252063,20.7
2024-01-31 08:00:00,56.8,19.0,241.0,6.4,7.9,114.0,8,2,1,0.8660254037844387,-0.4999999999999998,19.8
2024-01-31 09:00:00,59.1,18.6,240.0,6.0,6.8,119.0,9,2,1,0.7071067811865476,-0.7071067811865475,19.0
2024-01-31 10:00:00,62.2,18.2,234.0,6.0,6.1,116.0,10,2,1,0.49999999999999994,-0.8660254037844387,18.6
2024-01-31 11:00:00,65.9,18.2,234.0,7.1,5.6,107.0,11,2,1,0.258819045102521,-0.9659258262890682,18.2
2024-01-31 12:00:00,70.3,19.1,255.0,9.4,5.4,98.0,12,2,1,1.2246467991473532e-16,-1.0,18.2
2024-01-31 13:00:00,72.9,20.7,292.0,13.9,5.4,89.0,13,2,1,-0.2588190451025208,-0.9659258262890683,19.1
2024-01-31 14:00:00,71.0,22.3,343.0,20.1,5.3,78.0,14,2,1,-0.4999999999999997,-0.8660254037844388,20.7
2024-01-31 15:00:00,68.5,23.7,378.0,24.4,5.3,69.0,15,2,1,-0.7071067811865471,-0.7071067811865479,22.3
2024-01-31 16:00:00,67.8,24.8,384.0,25.3,5.4,66.0,16,2,1,-0.8660254037844384,-0.5000000000000004,23.7
2024-01-31 17:00:00,66.6,25.0,374.0,24.4,5.5,66.0,17,2,1,-0.9659258262890683,-0.25881904510252063,24.8
2024-01-31 18:00:00,62.6,24.3,353.0,22.3,5.5,67.0,18,2,1,-1.0,-1.8369701987210297e-16,25.0
2024-01-31 19:00:00,57.9,23.0,317.0,18.7,5.1,71.0,19,2,1,-0.9659258262890684,0.2588190451025203,24.3
2024-01-31 20:00:00,51.7,21.1,271.0,14.1,4.4,76.0,20,2,1,-0.8660254037844386,0.5000000000000001,23.0
2024-01-31 21:00:00,43.1,18.7,234.0,10.4,4.0,79.0,21,2,1,-0.7071067811865477,0.7071067811865474,21.1
2024-01-31 22:00:00,37.3,16.9,201.0,7.7,3.8,80.0,22,2,1,-0.5000000000000004,0.8660254037844384,18.7
2024-01-31 23:00:00,37.7,16.2,176.0,5.9,3.8,78.0,23,2,1,-0.25881904510252157,0.9659258262890681,16.9
2024-02-01 00:00:00,40.0,15.9,190.0,7.3,4.0,75.0,0,3,2,0.0,1.0,16.2
2024-02-01 01:00:00,49.0,17.8,310.0,16.9,4.9,57.0,1,3,2,0.25881904510252074,0.9659258262890683,15.9
2024-02-01 02:00:00,56.5,21.0,474.0,30.0,6.2,34.0,2,3,2,0.49999999999999994,0.8660254037844387,17.8
2024-02-01 03:00:00,65.4,26.3,586.0,38.4,7.7,23.0,3,3,2,0.7071067811865475,0.7071067811865476,21.0
2024-02-01 04:00:00,78.2,31.0,603.0,38.3,9.5,36.0,4,3,2,0.8660254037844386,0.5000000000000001,26.3
2024-02-01 05:00:00,95.5,33.4,568.0,33.5,11.4,61.0,5,3,2,0.9659258262890683,0.25881904510252074,31.0
2024-02-01 06:00:00,127.1,34.3,514.0,27.8,13.0,85.0,6,3,2,1.0,6.123233995736766e-17,33.4
2024-02-01 07:00:00,123.9,31.4,435.0,21.2,14.0,103.0,7,3,2,0.9659258262890683,-0.25881904510252063,34.3
2024-02-01 08:00:00,106.2,27.4,337.0,13.7,14.6,120.0,8,3,2,0.8660254037844387,-0.4999999999999998,31.4
2024-02-01 09:00:00,106.2,26.5,265.0,8.5,14.6,130.0,9,3,2,0.7071067811865476,-0.7071067811865475,27.4
2024-02-01 10:00:00,113.9,27.1,234.0,6.3,13.5,132.0,10,3,2,0.49999999999999994,-0.8660254037844387,26.5
2024-02-01 11:00:00,117.1,27.4,230.0,6.3,11.7,128.0,11,3,2,0.258819045102521,-0.9659258262890682,27.1
2024-02-01 12:00:00,108.3,27.8,296.0,12.2,15.6,136.0,12,3,2,1.2246467991473532e-16,-1.0,27.4
2024-02-01 13:00:00,113.6,31.7,377.0,22.0,14.6,112.0,13,3,2,-0.2588190451025208,-0.9659258262890683,27.8
2024-02-01 14:00:00,114.3,37.1,487.0,35.3,13.3,78.0,14,3,2,-0.4999999999999997,-0.8660254037844388,31.7
2024-02-01 15:00:00,118.3,39.5,558.0,44.4,12.3,53.0,15,3,2,-0.7071067811865471,-0.7071067811865479,37.1
2024-02-01 16:00:00,116.6,40.0,559.0,45.5,12.1,44.0,16,3,2,-0.8660254037844384,-0.5000000000000004,39.5
2024-02-01 17:00:00,113.9,39.8,521.0,42.3,12.3,43.0,17,3,2,-0.9659258262890683,-0.25881904510252063,40.0
2024-02-01 18:00:00,109.9,38.9,475.0,38.0,12.4,45.0,18,3,2,-1.0,-1.8369701987210297e-16,39.8
2024-02-01 19:00:00,104.8,37.5,424.0,32.7,12.0,49.0,19,3,2,-0.9659258262890684,0.2588190451025203,38.9
2024-02-01 20:00:00,98.3,36.2,365.0,26.2,11.5,55.0,20,3,2,-0.8660254037844386,0.5000000000000001,37.5
2024-02-01 21:00:00,94.5,35.3,318.0,21.1,11.1,59.0,21,3,2,-0.7071067811865477,0.7071067811865474,36.2
2024-02-01 22:00:00,92.0,35.2,273.0,16.9,10.8,61.0,22,3,2,-0.5000000000000004,0.8660254037844384,35.3
2024-02-01 23:00:00,91.3,35.6,240.0,14.0,10.5,62.0,23,3,2,-0.25881904510252157,0.9659258262890681,35.2
2024-02-02 00:00:00,92.2,37.4,289.0,18.0,10.9,55.0,0,4,2,0.0,1.0,35.6
2024-02-02 01:00:00,92.7,38.2,436.0,30.1,12.0,43.0,1,4,2,0.25881904510252074,0.9659258262890683,37.4
2024-02-02 02:00:00,97.6,40.7,633.0,46.2,13.4,27.0,2,4,2,0.49999999999999994,0.8660254037844387,38.2
2024-02-02 03:00:00,109.4,47.6,736.0,54.1,14.4,22.0,3,4,2,0.7071067811865475,0.7071067811865476,40.7
2024-02-02 04:00:00,119.7,51.7,653.0,45.9,14.6,39.0,4,4,2,0.8660254037844386,0.5000000000000001,47.6
2024-02-02 05:00:00,130.9,45.3,476.0,29.5,14.2,68.0,5,4,2,0.9659258262890683,0.25881904510252074,51.7
2024-02-02 06:00:00,136.9,42.1,334.0,16.3,13.4,91.0,6,4,2,1.0,6.123233995736766e-17,45.3
2024-02-02 07:00:00,133.6,39.7,277.0,10.9,11.7,102.0,7,4,2,0.9659258262890683,-0.25881904510252063,42.1
2024-02-02 08:00:00,122.9,37.5,254.0,8.8,9.5,107.0,8,4,2,0.8660254037844387,-0.4999999999999998,39.7
2024-02-02 09:00:00,116.9,34.6,243.0,8.0,7.8,108.0,9,4,2,0.7071067811865476,-0.7071067811865475,37.5
2024-02-02 10:00:00,128.5,33.9,235.0,7.8,7.2,105.0,10,4,2,0.49999999999999994,-0.8660254037844387,34.6
2024-02-02 11:00:00,130.4,33.2,237.0,8.9,7.2,97.0,11,4,2,0.258819045102521,-0.9659258262890682,33.9
2024-02-02 12:00:00,202.6,39.6,266.0,13.1,8.0,80.0,12,4,2,1.2246467991473532e-16,-1.0,33.2
2024-02-02 13:00:00,205.4,41.1,311.0,19.1,8.9,69.0,13,4,2,-0.2588190451025208,-0.9659258262890683,39.6
2024-02-02 14:00:00,197.9,42.6,378.0,27.7,10.2,53.0,14,4,2,-0.4999999999999997,-0.8660254037844388,41.1
2024-02-02 15:00:00,192.8,44.5,457.0,36.9,11.4,38.0,15,4,2,-0.7071067811865471,-0.7071067811865479,42.6
2024-02-02 16:00:00,189.1,47.6,563.0,47.4,12.7,25.0,16,4,2,-0.8660254037844384,-0.5000000000000004,44.5
2024-02-02 17:00:00,183.0,50.2,681.0,58.4,13.9,14.0,17,4,2,-0.9659258262890683,-0.25881904510252063,47.6
2024-02-02 18:00:00,168.6,51.1,759.0,66.0,14.5,6.0,18,4,2,-1.0,-1.8369701987210297e-16,50.2
2024-02-02 19:00:00,154.1,50.5,770.0,68.0,14.0,5.0,19,4,2,-0.9659258262890684,0.2588190451025203,51.1
2024-02-02 20:00:00,141.6,48.2,740.0,66.4,13.0,8.0,20,4,2,-0.8660254037844386,0.5000000000000001,50.5
2024-02-02 21:00:00,129.5,45.2,705.0,64.0,12.2,11.0,21,4,2,-0.7071067811865477,0.7071067811865474,48.2
2024-02-02 22:00:00,121.1,42.7,650.0,60.6,12.0,13.0,22,4,2,-0.5000000000000004,0.8660254037844384,45.2
2024-02-02 23:00:00,117.1,41.3,589.0,56.2,12.0,15.0,23,4,2,-0.25881904510252157,0.9659258262890681,42.7
2024-02-03 00:00:00,105.0,45.5,669.0,56.1,11.5,8.0,0,5,2,0.0,1.0,41.3
2024-02-03 01:00:00,104.5,47.8,801.0,53.2,11.8,6.0,1,5,2,0.25881904510252074,0.9659258262890683,45.5
2024-02-03 02:00:00,106.9,50.8,977.0,49.0,12.4,5.0,2,5,2,0.49999999999999994,0.8660254037844387,47.8
2024-02-03 03:00:00,117.8,55.5,1058.0,44.1,13.8,10.0,3,5,2,0.7071067811865475,0.7071067811865476,50.8
2024-02-03 04:00:00,124.8,53.6,966.0,38.6,17.5,29.0,4,5,2,0.8660254037844386,0.5000000000000001,55.5
2024-02-03 05:00:00,128.5,48.1,780.0,32.5,22.1,55.0,5,5,2,0.9659258262890683,0.25881904510252074,53.6
2024-02-03 06:00:00,114.8,41.9,602.0,26.1,23.8,76.0,6,5,2,1.0,6.123233995736766e-17,48.1
2024-02-03 07:00:00,88.0,32.7,457.0,18.8,19.9,87.0,7,5,2,0.9659258262890683,-0.25881904510252063,41.9
2024-02-03 08:00:00,68.2,25.4,320.0,11.4,13.0,93.0,8,5,2,0.8660254037844387,-0.4999999999999998,32.7
2024-02-03 09:00:00,57.7,21.2,221.0,6.3,7.5,95.0,9,5,2,0.7071067811865476,-0.7071067811865475,25.4
2024-02-03 10:00:00,52.9,18.7,179.0,4.9,5.2,91.0,10,5,2,0.49999999999999994,-0.8660254037844387,21.2
2024-02-03 11:00:00,52.3,18.0,176.0,5.8,4.2,82.0,11,5,2,0.258819045102521,-0.9659258262890682,18.7
2024-02-03 12:00:00,65.7,21.6,189.0,8.0,4.5,76.0,12,5,2,1.2246467991473532e-16,-1.0,18.0
2024-02-03 13:00:00,64.0,21.6,230.0,12.9,4.6,68.0,13,5,2,-0.2588190451025208,-0.9659258262890683,21.6
2024-02-03 14:00:00,58.4,21.9,284.0,19.5,4.7,58.0,14,5,2,-0.4999999999999997,-0.8660254037844388,21.6
2024-02-03 15:00:00,57.5,23.1,315.0,23.2,4.6,51.0,15,5,2,-0.7071067811865471,-0.7071067811865479,21.9
2024-02-03 16:00:00,57.9,23.7,298.0,21.4,4.3,52.0,16,5,2,-0.8660254037844384,-0.5000000000000004,23.1
2024-02-03 17:00:00,56.6,23.3,257.0,16.8,3.9,57.0,17,5,2,-0.9659258262890683,-0.25881904510252063,23.7
2024-02-03 18:00:00,58.0,23.4,223.0,12.9,3.5,60.0,18,5,2,-1.0,-1.8369701987210297e-16,23.3
2024-02-03 19:00:00,54.0,21.7,207.0,10.9,3.3,60.0,19,5,2,-0.9659258262890684,0.2588190451025203,23.4
2024-02-03 20:00:00,59.6,21.8,198.0,9.5,3.1,58.0,20,5,2,-0.8660254037844386,0.5000000000000001,21.7
2024-02-03 21:00:00,67.5,23.1,191.0,8.4,3.0,57.0,21,5,2,-0.7071067811865477,0.7071067811865474,21.8
2024-02-03 22:00:00,76.6,24.6,176.0,6.9,3.0,57.0,22,5,2,-0.5000000000000004,0.8660254037844384,23.1
2024-02-03 23:00:00,84.3,26.0,162.0,5.7,3.2,58.0,23,5,2,-0.25881904510252157,0.9659258262890681,24.6
2024-02-04 00:00:00,69.4,24.0,165.0,6.2,3.4,58.0,0,6,2,0.0,1.0,26.0
2024-02-04 01:00:00,82.4,26.1,235.0,13.3,4.2,52.0,1,6,2,0.25881904510252074,0.9659258262890683,24.0
2024-02-04 02:00:00,97.3,29.8,328.0,22.9,5.2,46.0,2,6,2,0.49999999999999994,0.8660254037844387,26.1
2024-02-04 03:00:00,112.7,34.8,382.0,27.8,6.0,47.0,3,6,2,0.7071067811865475,0.7071067811865476,29.8
2024-02-04 04:00:00,145.3,34.8,357.0,23.6,6.3,65.0,4,6,2,0.8660254037844386,0.5000000000000001,34.8
2024-02-04 05:00:00,143.0,32.7,293.0,14.8,6.4,90.0,5,6,2,0.9659258262890683,0.25881904510252074,34.8
2024-02-04 06:00:00,135.0,30.2,241.0,7.8,6.3,110.0,6,6,2,1.0,6.123233995736766e-17,32.7
2024-02-04 07:00:00,122.5,27.6,221.0,5.2,5.8,118.0,7,6,2,0.9659258262890683,-0.25881904510252063,30.2
2024-02-04 08:00:00,102.7,24.6,213.0,4.5,5.0,119.0,8,6,2,0.8660254037844387,-0.4999999999999998,27.6
2024-02-04 09:00:00,87.1,22.0,211.0,4.7,4.5,118.0,9,6,2,0.7071067811865476,-0.7071067811865475,24.6
2024-02-04 10:00:00,74.5,19.8,208.0,5.0,4.4,114.0,10,6,2,0.49999999999999994,-0.8660254037844387,22.0
2024-02-04 11:00:00,64.7,17.9,212.0,6.3,4.4,107.0,11,6,2,0.258819045102521,-0.9659258262890682,19.8
2024-02-04 12:00:00,59.8,16.1,243.0,10.6,5.6,99.0,12,6,2,1.2246467991473532e-16,-1.0,17.9
2024-02-04 13:00:00,48.9,15.5,364.0,24.5,6.0,80.0,13,6,2,-0.2588190451025208,-0.9659258262890683,16.1
2024-02-04 14:00:00,44.1,18.6,530.0,43.6,6.5,54.0,14,6,2,-0.4999999999999997,-0.8660254037844388,15.5
2024-02-04 15:00:00,43.0,20.7,647.0,56.9,6.9,35.0,15,6,2,-0.7071067811865471,-0.7071067811865479,18.6
2024-02-04 16:00:00,42.3,21.7,671.0,59.5,7.3,31.0,16,6,2,-0.8660254037844384,-0.5000000000000004,20.7
2024-02-04 17:00:00,41.7,22.1,645.0,56.4,7.6,33.0,17,6,2,-0.9659258262890683,-0.25881904510252063,21.7
2024-02-04 18:00:00,41.4,22.5,608.0,51.8,7.7,38.0,18,6,2,-1.0,-1.8369701987210297e-16,22.1
2024-02-04 19:00:00,41.4,22.6,564.0,46.4,7.4,43.0,19,6,2,-0.9659258262890684,0.2588190451025203,22.5
2024-02-04 20:00:00,40.0,21.8,509.0,39.5,6.8,50.0,20,6,2,-0.8660254037844386,0.5000000000000001,22.6
2024-02-04 21:00:00,38.8,21.2,462.0,33.3,6.4,55.0,21,6,2,-0.7071067811865477,0.7071067811865474,21.8
2024-02-04 22:00:00,39.8,22.3,409.0,27.8,6.1,59.0,22,6,2,-0.5000000000000004,0.8660254037844384,21.2
2024-02-04 23:00:00,40.0,22.8,364.0,23.0,6.0,60.0,23,6,2,-0.25881904510252157,0.9659258262890681,22.3
2024-02-05 00:00:00,39.0,22.6,370.0,19.9,6.0,61.0,0,0,2,0.0,1.0,22.8
2024-02-05 01:00:00,48.5,29.6,527.0,25.8,6.7,43.0,1,0,2,0.25881904510252074,0.9659258262890683,22.6
2024-02-05 02:00:00,57.7,36.8,736.0,33.7,7.9,20.0,2,0,2,0.49999999999999994,0.8660254037844387,29.6
2024-02-05 03:00:00,70.8,44.6,847.0,37.6,10.6,12.0,3,0,2,0.7071067811865475,0.7071067811865476,36.8
2024-02-05 04:00:00,81.5,50.5,765.0,33.8,17.0,32.0,4,0,2,0.8660254037844386,0.5000000000000001,44.6
2024-02-05 05:00:00,84.5,45.9,584.0,26.0,25.0,68.0,5,0,2,0.9659258262890683,0.25881904510252074,50.5
2024-02-05 06:00:00,60.3,30.5,435.0,18.9,29.3,100.0,6,0,2,1.0,6.123233995736766e-17,45.9
2024-02-05 07:00:00,46.4,22.8,367.0,14.0,26.6,125.0,7,0,2,0.9659258262890683,-0.25881904510252063,30.5
2024-02-05 08:00:00,43.9,21.4,330.0,9.8,20.3,146.0,8,0,2,0.8660254037844387,-0.4999999999999998,22.8
2024-02-05 09:00:00,43.8,21.3,305.0,7.3,14.8,159.0,9,0,2,0.7071067811865476,-0.7071067811865475,21.4
2024-02-05 10:00:00,42.3,20.1,281.0,6.1,11.7,160.0,10,0,2,0.49999999999999994,-0.8660254037844387,21.3
2024-02-05 11:00:00,40.2,18.3,269.0,6.5,9.5,151.0,11,0,2,0.258819045102521,-0.9659258262890682,20.1
2024-02-05 12:00:00,51.0,23.2,300.0,10.4,9.7,145.0,12,0,2,1.2246467991473532e-16,-1.0,18.3
2024-02-05 13:00:00,46.3,21.1,372.0,19.8,8.7,121.0,13,0,2,-0.2588190451025208,-0.9659258262890683,23.2
2024-02-05 14:00:00,43.4,22.1,473.0,32.8,7.4,87.0,14,0,2,-0.4999999999999997,-0.8660254037844388,21.1
2024-02-05 15:00:00,42.5,22.3,548.0,42.7,6.5,61.0,15,0,2,-0.7071067811865471,-0.7071067811865479,22.1
2024-02-05 16:00:00,42.3,22.4,578.0,46.9,6.6,49.0,16,0,2,-0.8660254037844384,-0.5000000000000004,22.3
2024-02-05 17:00:00,43.0,22.7,583.0,47.9,7.2,45.0,17,0,2,-0.9659258262890683,-0.25881904510252063,22.4
2024-02-05 18:00:00,44.5,23.3,575.0,47.2,7.5,44.0,18,0,2,-1.0,-1.8369701987210297e-16,22.7
2024-02-05 19:00:00,47.1,24.1,556.0,44.5,7.2,45.0,19,0,2,-0.9659258262890684,0.2588190451025203,23.3
2024-02-05 20:00:00,48.9,24.0,525.0,40.1,6.8,48.0,20,0,2,-0.8660254037844386,0.5000000000000001,24.1
2024-02-05 21:00:00,49.5,23.4,488.0,35.3,6.4,51.0,21,0,2,-0.7071067811865477,0.7071067811865474,24.0
2024-02-05 22:00:00,48.8,22.6,429.0,29.2,6.1,53.0,22,0,2,-0.5000000000000004,0.8660254037844384,23.4
2024-02-05 23:00:00,46.4,21.6,365.0,22.9,6.0,54.0,23,0,2,-0.25881904510252157,0.9659258262890681,22.6
2024-02-06 00:00:00,46.7,21.4,319.0,17.6,6.0,64.0,0,1,2,0.0,1.0,21.6
2024-02-06 01:00:00,44.4,21.6,499.0,28.2,7.1,46.0,1,1,2,0.25881904510252074,0.9659258262890683,21.4
2024-02-06 02:00:00,46.7,25.1,738.0,42.3,8.7,23.0,2,1,2,0.49999999999999994,0.8660254037844387,21.6
2024-02-06 03:00:00,56.2,31.8,855.0,48.8,10.5,16.0,3,1,2,0.7071067811865475,0.7071067811865476,25.1
2024-02-06 04:00:00,62.4,33.3,729.0,40.5,12.9,40.0,4,1,2,0.8660254037844386,0.5000000000000001,31.8
2024-02-06 05:00:00,51.8,21.6,481.0,24.6,15.4,80.0,5,1,2,0.9659258262890683,0.25881904510252074,33.3
2024-02-06 06:00:00,50.4,20.9,293.0,12.3,16.8,113.0,6,1,2,1.0,6.123233995736766e-17,21.6
2024-02-06 07:00:00,51.5,21.3,245.0,7.9,16.1,131.0,7,1,2,0.9659258262890683,-0.25881904510252063,20.9
2024-02-06 08:00:00,51.5,20.9,257.0,7.1,14.1,141.0,8,1,2,0.8660254037844387,-0.4999999999999998,21.3
2024-02-06 09:00:00,51.5,20.6,273.0,7.2,12.4,147.0,9,1,2,0.7071067811865476,-0.7071067811865475,20.9
2024-02-06 10:00:00,51.1,20.5,272.0,7.5,11.5,149.0,10,1,2,0.49999999999999994,-0.8660254037844387,20.6
2024-02-06 11:00:00,50.8,20.6,275.0,8.7,10.7,146.0,11,1,2,0.258819045102521,-0.9659258262890682,20.5
2024-02-06 12:00:00,68.2,27.0,320.0,11.8,14.8,148.0,12,1,2,1.2246467991473532e-16,-1.0,20.6
2024-02-06 13:00:00,67.8,27.1,396.0,20.7,13.7,129.0,13,1,2,-0.2588190451025208,-0.9659258262890683,27.0
2024-02-06 14:00:00,66.4,29.5,499.0,32.8,12.1,103.0,14,1,2,-0.4999999999999997,-0.8660254037844388,27.1
2024-02-06 15:00:00,63.6,29.2,560.0,40.6,10.4,82.0,15,1,2,-0.7071067811865471,-0.7071067811865479,29.5
2024-02-06 16:00:00,58.8,27.0,541.0,40.0,8.5,73.0,16,1,2,-0.8660254037844384,-0.5000000000000004,29.2
2024-02-06 17:00:00,55.1,25.0,482.0,35.0,6.6,69.0,17,1,2,-0.9659258262890683,-0.25881904510252063,27.0
2024-02-06 18:00:00,53.7,24.5,429.0,30.4,5.2,67.0,18,1,2,-1.0,-1.8369701987210297e-16,25.0
2024-02-06 19:00:00,53.2,24.3,402.0,27.8,4.7,65.0,19,1,2,-0.9659258262890684,0.2588190451025203,24.5
2024-02-06 20:00:00,52.4,24.0,382.0,25.5,4.8,65.0,20,1,2,-0.8660254037844386,0.5000000000000001,24.3
2024-02-06 21:00:00,51.2,23.5,363.0,23.2,5.0,65.0,21,1,2,-0.7071067811865477,0.7071067811865474,24.0
2024-02-06 22:00:00,50.1,23.0,325.0,19.5,5.0,65.0,22,1,2,-0.5000000000000004,0.8660254037844384,23.5
2024-02-06 23:00:00,48.4,22.4,288.0,15.9,5.1,65.0,23,1,2,-0.25881904510252157,0.9659258262890681,23.0
2024-02-07 00:00:00,48.0,23.2,324.0,17.6,5.8,61.0,0,2,2,0.0,1.0,22.4
2024-02-07 01:00:00,47.1,23.3,508.0,28.5,6.9,44.0,1,2,2,0.25881904510252074,0.9659258262890683,23.2
2024-02-07 02:00:00,49.6,26.6,755.0,43.0,8.5,22.0,2,2,2,0.49999999999999994,0.8660254037844387,23.3
2024-02-07 03:00:00,61.7,35.7,890.0,49.9,10.4,15.0,3,2,2,0.7071067811865475,0.7071067811865476,26.6
2024-02-07 04:00:00,73.8,42.0,805.0,41.7,13.2,38.0,4,2,2,0.8660254037844386,0.5000000000000001,35.7
2024-02-07 05:00:00,85.9,45.1,608.0,26.0,16.3,76.0,5,2,2,0.9659258262890683,0.25881904510252074,42.0
2024-02-07 06:00:00,91.0,45.6,444.0,13.4,18.2,106.0,6,2,2,1.0,6.123233995736766e-17,45.1
2024-02-07 07:00:00,78.7,35.6,366.0,8.4,18.0,120.0,7,2,2,0.9659258262890683,-0.25881904510252063,45.6
2024-02-07 08:00:00,83.6,31.3,321.0,6.7,16.6,125.0,8,2,2,0.8660254037844387,-0.4999999999999998,35.6
2024-02-07 09:00:00,90.3,31.1,294.0,6.1,15.4,127.0,9,2,2,0.7071067811865476,-0.7071067811865475,31.3
2024-02-07 10:00:00,92.4,31.1,279.0,6.0,15.0,125.0,10,2,2,0.49999999999999994,-0.8660254037844387,31.1
2024-02-07 11:00:00,90.8,31.0,282.0,7.1,14.9,120.0,11,2,2,0.258819045102521,-0.9659258262890682,31.1
2024-02-07 12:00:00,85.7,30.9,318.0,10.3,17.0,113.0,12,2,2,1.2246467991473532e-16,-1.0,31.0
2024-02-07 13:00:00,76.6,31.8,379.0,16.0,16.5,101.0,13,2,2,-0.2588190451025208,-0.9659258262890683,30.9
2024-02-07 14:00:00,69.8,36.0,462.0,23.7,15.9,85.0,14,2,2,-0.4999999999999997,-0.8660254037844388,31.8
2024-02-07 15:00:00,67.5,37.4,513.0,28.0,14.9,74.0,15,2,2,-0.7071067811865471,-0.7071067811865479,36.0
2024-02-07 16:00:00,66.8,37.5,503.0,26.0,13.5,72.0,16,2,2,-0.8660254037844384,-0.5000000000000004,37.4
2024-02-07 17:00:00,66.6,37.5,461.0,20.7,11.8,76.0,17,2,2,-0.9659258262890683,-0.25881904510252063,37.5
2024-02-07 18:00:00,66.1,37.4,421.0,15.7,10.4,80.0,18,2,2,-1.0,-1.8369701987210297e-16,37.5
2024-02-07 19:00:00,65.4,36.8,392.0,12.1,9.5,84.0,19,2,2,-0.9659258262890684,0.2588190451025203,37.4
2024-02-07 20:00:00,64.0,35.7,365.0,8.8,8.9,89.0,20,2,2,-0.8660254037844386,0.5000000000000001,36.8
2024-02-07 21:00:00,62.2,34.5,344.0,6.4,8.6,93.0,21,2,2,-0.7071067811865477,0.7071067811865474,35.7
2024-02-07 22:00:00,60.3,33.4,329.0,4.6,8.6,95.0,22,2,2,-0.5000000000000004,0.8660254037844384,34.5
2024-02-07 23:00:00,59.0,32.6,320.0,3.7,8.9,96.0,23,2,2,-0.25881904510252157,0.9659258262890681,33.4
2024-02-08 00:00:00,59.4,32.1,335.0,4.6,9.6,96.0,0,3,2,0.0,1.0,32.6
2024-02-08 01:00:00,58.9,31.7,382.0,9.4,10.2,91.0,1,3,2,0.25881904510252074,0.9659258262890683,32.1
2024-02-08 02:00:00,57.9,31.9,444.0,15.8,11.0,83.0,2,3,2,0.49999999999999994,0.8660254037844387,31.7
2024-02-08 03:00:00,58.7,33.4,478.0,19.3,12.2,82.0,3,3,2,0.7071067811865475,0.7071067811865476,31.9
2024-02-08 04:00:00,59.1,34.5,458.0,17.2,14.1,91.0,4,3,2,0.8660254037844386,0.5000000000000001,33.4
2024-02-08 05:00:00,57.5,32.8,408.0,12.3,16.3,106.0,5,3,2,0.9659258262890683,0.25881904510252074,34.5
2024-02-08 06:00:00,51.6,27.4,362.0,8.2,17.6,118.0,6,3,2,1.0,6.123233995736766e-17,32.8
2024-02-08 07:00:00,47.6,21.9,326.0,6.3,17.0,125.0,7,3,2,0.9659258262890683,-0.25881904510252063,27.4
2024-02-08 08:00:00,43.4,18.3,292.0,5.2,15.4,131.0,8,3,2,0.8660254037844387,-0.4999999999999998,21.9
2024-02-08 09:00:00,40.3,16.7,271.0,4.9,14.3,134.0,9,3,2,0.7071067811865476,-0.7071067811865475,18.3
2024-02-08 10:00:00,37.7,15.8,237.0,2.9,14.0,139.0,10,3,2,0.49999999999999994,-0.8660254037844387,16.7
2024-02-08 11:00:00,36.8,15.5,215.0,1.7,14.2,142.0,11,3,2,0.258819045102521,-0.9659258262890682,15.8
2024-02-08 12:00:00,41.8,18.2,285.0,8.6,14.6,134.0,12,3,2,1.2246467991473532e-16,-1.0,15.5
2024-02-08 13:00:00,40.2,17.8,507.0,31.8,15.5,101.0,13,3,2,-0.2588190451025208,-0.9659258262890683,18.2
2024-02-08 14:00:00,48.0,26.8,811.0,63.5,16.6,56.0,14,3,2,-0.4999999999999997,-0.8660254037844388,17.8
2024-02-08 15:00:00,53.9,32.6,1022.0,85.4,17.2,23.0,15,3,2,-0.7071067811865471,-0.7071067811865479,26.8
2024-02-08 16:00:00,55.1,34.3,1058.0,88.5,16.8,13.0,16,3,2,-0.8660254037844384,-0.5000000000000004,32.6
2024-02-08 17:00:00,53.4,33.6,1002.0,81.7,15.9,16.0,17,3,2,-0.9659258262890683,-0.25881904510252063,34.3
2024-02-08 18:00:00,51.3,32.1,926.0,73.3,15.0,20.0,18,3,2,-1.0,-1.8369701987210297e-16,33.6
2024-02-08 19:00:00,49.7,31.1,844.0,65.3,14.2,24.0,19,3,2,-0.9659258262890684,0.2588190451025203,32.1
2024-02-08 20:00:00,47.8,29.7,743.0,55.8,13.3,29.0,20,3,2,-0.8660254037844386,0.5000000000000001,31.1
2024-02-08 21:00:00,45.8,28.2,656.0,47.1,12.4,32.0,21,3,2,-0.7071067811865477,0.7071067811865474,29.7
2024-02-08 22:00:00,44.4,27.3,574.0,39.1,11.1,32.0,22,3,2,-0.5000000000000004,0.8660254037844384,28.2
2024-02-08 23:00:00,43.1,26.5,506.0,32.0,9.8,30.0,23,3,2,-0.25881904510252157,0.9659258262890681,27.3
2024-02-09 00:00:00,41.3,25.5,565.0,36.0,9.1,23.0,0,4,2,0.0,1.0,26.5
2024-02-09 01:00:00,40.6,24.9,726.0,39.6,10.0,16.0,1,4,2,0.25881904510252074,0.9659258262890683,25.5
2024-02-09 02:00:00,44.0,26.8,941.0,44.4,11.4,9.0,2,4,2,0.49999999999999994,0.8660254037844387,24.9
2024-02-09 03:00:00,56.0,34.5,1045.0,45.8,13.5,15.0,3,4,2,0.7071067811865475,0.7071067811865476,26.8
2024-02-09 04:00:00,71.5,45.4,935.0,41.3,17.8,46.0,4,4,2,0.8660254037844386,0.5000000000000001,34.5
2024-02-09 05:00:00,70.1,39.3,714.0,33.4,22.8,91.0,5,4,2,0.9659258262890683,0.25881904510252074,45.4
2024-02-09 06:00:00,67.5,33.1,526.0,25.7,24.9,127.0,6,4,2,1.0,6.123233995736766e-17,39.3
2024-02-09 07:00:00,55.9,23.5,424.0,18.4,21.4,148.0,7,4,2,0.9659258262890683,-0.25881904510252063,33.1
2024-02-09 08:00:00,57.0,22.9,354.0,11.2,14.9,160.0,8,4,2,0.8660254037844387,-0.4999999999999998,23.5
2024-02-09 09:00:00,58.1,22.5,306.0,6.4,9.7,164.0,9,4,2,0.7071067811865476,-0.7071067811865475,22.9
2024-02-09 10:00:00,57.0,21.7,269.0,4.3,7.5,158.0,10,4,2,0.49999999999999994,-0.8660254037844387,22.5
2024-02-09 11:00:00,55.5,20.7,253.0,4.5,6.7,144.0,11,4,2,0.258819045102521,-0.9659258262890682,21.7
2024-02-09 12:00:00,48.8,18.0,276.0,8.2,6.1,131.0,12,4,2,1.2246467991473532e-16,-1.0,20.7
2024-02-09 13:00:00,50.1,18.6,356.0,17.6,6.6,111.0,13,4,2,-0.2588190451025208,-0.9659258262890683,18.0
2024-02-09 14:00:00,50.8,20.5,466.0,30.6,7.4,84.0,14,4,2,-0.4999999999999997,-0.8660254037844388,18.6
2024-02-09 15:00:00,53.6,23.7,551.0,40.4,8.0,63.0,15,4,2,-0.7071067811865471,-0.7071067811865479,20.5
2024-02-09 16:00:00,55.8,25.8,590.0,44.6,8.5,55.0,16,4,2,-0.8660254037844384,-0.5000000000000004,23.7
2024-02-09 17:00:00,57.4,26.8,604.0,45.5,8.8,53.0,17,4,2,-0.9659258262890683,-0.25881904510252063,25.8
2024-02-09 18:00:00,58.6,27.6,596.0,44.1,8.9,54.0,18,4,2,-1.0,-1.8369701987210297e-16,26.8
2024-02-09 19:00:00,59.1,28.1,560.0,39.5,8.4,57.0,19,4,2,-0.9659258262890684,0.2588190451025203,27.6
2024-02-09 20:00:00,58.1,27.6,503.0,32.4,7.6,63.0,20,4,2,-0.8660254037844386,0.5000000000000001,28.1
2024-02-09 21:00:00,56.8,26.8,449.0,26.0,7.0,68.0,21,4,2,-0.7071067811865477,0.7071067811865474,27.6
2024-02-09 22:00:00,54.2,25.8,389.0,19.9,6.6,71.0,22,4,2,-0.5000000000000004,0.8660254037844384,26.8
2024-02-09 23:00:00,51.6,24.8,332.0,14.4,6.4,72.0,23,4,2,-0.25881904510252157,0.9659258262890681,25.8
2024-02-10 00:00:00,46.8,22.6,291.0,11.0,5.5,76.0,0,5,2,0.0,1.0,24.8
2024-02-10 01:00:00,45.3,22.2,410.0,21.4,6.0,61.0,1,5,2,0.25881904510252074,0.9659258262890683,22.6
2024-02-10 02:00:00,47.7,24.6,569.0,35.3,6.8,42.0,2,5,2,0.49999999999999994,0.8660254037844387,22.2
2024-02-10 03:00:00,55.1,30.0,655.0,42.5,7.9,37.0,3,5,2,0.7071067811865475,0.7071067811865476,24.6
2024-02-10 04:00:00,58.9,31.4,597.0,36.4,9.6,57.0,4,5,2,0.8660254037844386,0.5000000000000001,30.0
2024-02-10 05:00:00,56.2,25.9,466.0,23.6,11.6,91.0,5,5,2,0.9659258262890683,0.25881904510252074,31.4
2024-02-10 06:00:00,52.0,21.9,357.0,13.1,13.0,119.0,6,5,2,1.0,6.123233995736766e-17,25.9
2024-02-10 07:00:00,52.6,21.1,308.0,8.4,13.3,135.0,7,5,2,0.9659258262890683,-0.25881904510252063,21.9
2024-02-10 08:00:00,54.5,20.5,281.0,6.1,13.0,145.0,8,5,2,0.8660254037844387,-0.4999999999999998,21.1
2024-02-10 09:00:00,55.6,20.5,266.0,5.1,12.8,150.0,9,5,2,0.7071067811865476,-0.7071067811865475,20.5
2024-02-10 10:00:00,55.5,20.7,250.0,4.1,13.2,153.0,10,5,2,0.49999999999999994,-0.8660254037844387,20.5
2024-02-10 11:00:00,54.2,20.6,245.0,4.4,13.6,151.0,11,5,2,0.258819045102521,-0.9659258262890682,20.7
2024-02-10 12:00:00,51.7,19.8,280.0,8.6,14.1,147.0,12,5,2,1.2246467991473532e-16,-1.0,20.6
2024-02-10 13:00:00,51.1,20.1,492.0,31.0,14.1,113.0,13,5,2,-0.2588190451025208,-0.9659258262890683,19.8
2024-02-10 14:00:00,53.3,25.1,780.0,61.4,14.1,67.0,14,5,2,-0.4999999999999997,-0.8660254037844388,20.1
2024-02-10 15:00:00,58.2,32.1,963.0,80.8,14.3,35.0,15,5,2,-0.7071067811865471,-0.7071067811865479,25.1
2024-02-10 16:00:00,60.8,35.9,947.0,79.5,14.8,32.0,16,5,2,-0.8660254037844384,-0.5000000000000004,32.1
2024-02-10 17:00:00,50.4,31.7,827.0,67.2,15.5,44.0,17,5,2,-0.9659258262890683,-0.25881904510252063,35.9
2024-02-10 18:00:00,40.9,27.4,706.0,54.4,15.6,55.0,18,5,2,-1.0,-1.8369701987210297e-16,31.7
2024-02-10 19:00:00,36.9,24.7,612.0,44.0,14.6,59.0,19,5,2,-0.9659258262890684,0.2588190451025203,27.4
2024-02-10 20:00:00,35.2,23.3,516.0,33.1,13.0,63.0,20,5,2,-0.8660254037844386,0.5000000000000001,24.7
2024-02-10 21:00:00,35.6,22.6,438.0,23.7,11.6,68.0,21,5,2,-0.7071067811865477,0.7071067811865474,23.3
2024-02-10 22:00:00,38.6,23.2,379.0,15.6,10.5,78.0,22,5,2,-0.5000000000000004,0.8660254037844384,22.6
2024-02-10 23:00:00,44.8,25.6,338.0,9.0,9.6,91.0,23,5,2,-0.25881904510252157,0.9659258262890681,23.2
2024-02-11 00:00:00,47.1,26.9,353.0,10.5,9.3,83.0,0,6,2,0.0,1.0,25.6
2024-02-11 01:00:00,53.2,29.7,422.0,16.4,9.8,79.0,1,6,2,0.25881904510252074,0.9659258262890683,26.9
2024-02-11 02:00:00,57.7,32.9,513.0,24.2,10.6,75.0,2,6,2,0.49999999999999994,0.8660254037844387,29.7
2024-02-11 03:00:00,61.9,36.6,561.0,28.2,11.8,76.0,3,6,2,0.7071067811865475,0.7071067811865476,32.9
2024-02-11 04:00:00,63.8,38.8,526.0,24.7,13.9,89.0,4,6,2,0.8660254037844386,0.5000000000000001,36.6
2024-02-11 05:00:00,60.1,36.3,448.0,17.4,16.3,108.0,5,6,2,0.9659258262890683,0.25881904510252074,38.8
2024-02-11 06:00:00,47.3,27.9,375.0,11.2,17.4,123.0,6,6,2,1.0,6.123233995736766e-17,36.3
2024-02-11 07:00:00,43.5,18.7,322.0,7.8,16.1,131.0,7,6,2,0.9659258262890683,-0.25881904510252063,27.9
2024-02-11 08:00:00,41.4,14.3,274.0,5.6,13.6,134.0,8,6,2,0.8660254037844387,-0.4999999999999998,18.7
2024-02-11 09:00:00,36.9,14.1,244.0,4.5,11.7,136.0,9,6,2,0.7071067811865476,-0.7071067811865475,14.3
2024-02-11 10:00:00,33.6,14.1,223.0,3.0,11.3,139.0,10,6,2,0.49999999999999994,-0.8660254037844387,14.1
2024-02-11 11:00:00,32.1,14.8,220.0,2.7,11.6,139.0,11,6,2,0.258819045102521,-0.9659258262890682,14.1
2024-02-11 12:00:00,36.8,18.7,262.0,8.0,12.5,134.0,12,6,2,1.2246467991473532e-16,-1.0,14.8
2024-02-11 13:00:00,36.3,19.8,461.0,30.1,13.8,105.0,13,6,2,-0.2588190451025208,-0.9659258262890683,18.7
2024-02-11 14:00:00,41.0,25.1,732.0,60.1,15.6,65.0,14,6,2,-0.4999999999999997,-0.8660254037844388,19.8
2024-02-11 15:00:00,48.9,31.5,911.0,80.0,16.8,36.0,15,6,2,-0.7071067811865471,-0.7071067811865479,25.1
2024-02-11 16:00:00,50.8,33.8,917.0,80.6,16.9,30.0,16,6,2,-0.8660254037844384,-0.5000000000000004,31.5
2024-02-11 17:00:00,49.1,32.9,831.0,71.0,16.4,35.0,17,6,2,-0.9659258262890683,-0.25881904510252063,33.8
2024-02-11 18:00:00,46.3,31.3,737.0,60.1,15.7,41.0,18,6,2,-1.0,-1.8369701987210297e-16,32.9
2024-02-11 19:00:00,44.1,29.6,656.0,49.9,15.0,46.0,19,6,2,-0.9659258262890684,0.2588190451025203,31.3
2024-02-11 20:00:00,43.1,28.6,568.0,38.5,14.0,52.0,20,6,2,-0.8660254037844386,0.5000000000000001,29.6
2024-02-11 21:00:00,43.3,28.5,493.0,28.8,13.2,57.0,21,6,2,-0.7071067811865477,0.7071067811865474,28.6
2024-02-11 22:00:00,43.4,28.5,434.0,21.6,12.4,61.0,22,6,2,-0.5000000000000004,0.8660254037844384,28.5
2024-02-11 23:00:00,42.7,27.7,389.0,16.2,11.7,64.0,23,6,2,-0.25881904510252157,0.9659258262890681,28.5
2024-02-12 00:00:00,41.7,27.2,431.0,20.7,10.3,47.0,0,0,2,0.0,1.0,27.7
2024-02-12 01:00:00,42.3,27.0,477.0,24.6,10.3,51.0,1,0,2,0.25881904510252074,0.9659258262890683,27.2
2024-02-12 02:00:00,44.9,28.5,538.0,29.8,10.4,57.0,2,0,2,0.49999999999999994,0.8660254037844387,27.0
2024-02-12 03:00:00,49.5,31.3,567.0,31.5,11.4,68.0,3,0,2,0.7071067811865475,0.7071067811865476,28.5
2024-02-12 04:00:00,54.9,35.2,538.0,26.6,14.4,89.0,4,0,2,0.8660254037844386,0.5000000000000001,31.3
2024-02-12 05:00:00,58.0,36.6,477.0,18.3,18.4,116.0,5,0,2,0.9659258262890683,0.25881904510252074,35.2
2024-02-12 06:00:00,50.9,32.5,420.0,11.5,21.0,137.0,6,0,2,1.0,6.123233995736766e-17,36.6
2024-02-12 07:00:00,42.3,26.8,374.0,7.9,20.9,147.0,7,0,2,0.9659258262890683,-0.25881904510252063,32.5
2024-02-12 08:00:00,41.8,26.0,332.0,5.7,19.5,151.0,8,0,2,0.8660254037844387,-0.4999999999999998,26.8
2024-02-12 09:00:00,43.9,26.5,305.0,4.7,18.2,152.0,9,0,2,0.7071067811865476,-0.7071067811865475,26.0
2024-02-12 10:00:00,44.4,26.4,270.0,2.1,17.5,155.0,10,0,2,0.49999999999999994,-0.8660254037844387,26.5
2024-02-12 11:00:00,43.9,26.1,250.0,0.7,16.9,155.0,11,0,2,0.258819045102521,-0.9659258262890682,26.4
2024-02-12 12:00:00,42.6,25.6,316.0,8.7,16.2,148.0,12,0,2,1.2246467991473532e-16,-1.0,26.1
2024-02-12 13:00:00,44.5,26.8,575.0,37.9,16.9,114.0,13,0,2,-0.2588190451025208,-0.9659258262890683,25.6
2024-02-12 14:00:00,54.1,34.6,935.0,77.8,17.9,66.0,14,0,2,-0.4999999999999997,-0.8660254037844388,26.8
2024-02-12 15:00:00,69.8,46.4,1225.0,105.4,18.8,31.0,15,0,2,-0.7071067811865471,-0.7071067811865479,34.6
2024-02-12 16:00:00,79.6,53.6,1401.0,109.2,19.5,21.0,16,0,2,-0.8660254037844384,-0.5000000000000004,46.4
2024-02-12 17:00:00,81.5,55.4,1507.0,100.6,20.1,23.0,17,0,2,-0.9659258262890683,-0.25881904510252063,53.6
2024-02-12 18:00:00,74.5,51.1,1506.0,90.8,20.0,26.0,18,0,2,-1.0,-1.8369701987210297e-16,55.4
2024-02-12 19:00:00,65.4,44.9,1339.0,83.8,18.6,25.0,19,0,2,-0.9659258262890684,0.2588190451025203,51.1
2024-02-12 20:00:00,57.5,39.3,1065.0,75.6,16.5,25.0,20,0,2,-0.8660254037844386,0.5000000000000001,44.9
2024-02-12 21:00:00,51.8,35.3,825.0,65.1,14.9,29.0,21,0,2,-0.7071067811865477,0.7071067811865474,39.3
2024-02-12 22:00:00,48.2,32.6,655.0,49.0,14.3,41.0,22,0,2,-0.5000000000000004,0.8660254037844384,35.3
2024-02-12 23:00:00,47.4,31.8,518.0,30.6,14.2,57.0,23,0,2,-0.25881904510252157,0.9659258262890681,32.6
2024-02-13 00:00:00,46.0,30.9,473.0,23.8,13.0,53.0,0,1,2,0.0,1.0,31.8
2024-02-13 01:00:00,46.1,30.7,532.0,29.4,13.6,49.0,1,1,2,0.25881904510252074,0.9659258262890683,30.9
2024-02-13 02:00:00,48.7,32.4,613.0,37.0,14.5,45.0,2,1,2,0.49999999999999994,0.8660254037844387,30.7
2024-02-13 03:00:00,54.0,36.1,666.0,41.7,16.0,47.0,3,1,2,0.7071067811865475,0.7071067811865476,32.4
2024-02-13 04:00:00,64.3,42.4,673.0,41.3,18.3,62.0,4,1,2,0.8660254037844386,0.5000000000000001,36.1
2024-02-13 05:00:00,69.2,44.2,653.0,38.0,21.2,84.0,5,1,2,0.9659258262890683,0.25881904510252074,42.4
2024-02-13 06:00:00,71.7,41.7,611.0,33.4,23.8,103.0,6,1,2,1.0,6.123233995736766e-17,44.2
2024-02-13 07:00:00,69.8,35.7,532.0,26.7,26.0,116.0,7,1,2,0.9659258262890683,-0.25881904510252063,41.7
2024-02-13 08:00:00,68.7,34.8,432.0,18.7,28.0,125.0,8,1,2,0.8660254037844387,-0.4999999999999998,35.7
2024-02-13 09:00:00,66.4,34.5,361.0,13.0,29.1,132.0,9,1,2,0.7071067811865476,-0.7071067811865475,34.8
2024-02-13 10:00:00,63.3,33.9,323.0,9.0,28.9,138.0,10,1,2,0.49999999999999994,-0.8660254037844387,34.5
2024-02-13 11:00:00,60.8,33.3,313.0,7.2,27.9,141.0,11,1,2,0.258819045102521,-0.9659258262890682,33.9
2024-02-13 12:00:00,69.6,34.7,373.0,13.4,25.5,141.0,12,1,2,1.2246467991473532e-16,-1.0,33.3
2024-02-13 13:00:00,68.7,34.2,562.0,36.0,24.6,108.0,13,1,2,-0.2588190451025208,-0.9659258262890683,34.7
2024-02-13 14:00:00,68.9,38.1,830.0,67.0,23.4,62.0,14,1,2,-0.4999999999999997,-0.8660254037844388,34.2
2024-02-13 15:00:00,76.1,45.4,1088.0,89.3,22.8,27.0,15,1,2,-0.7071067811865471,-0.7071067811865479,38.1
2024-02-13 16:00:00,82.2,50.9,1335.0,94.7,23.7,15.0,16,1,2,-0.8660254037844384,-0.5000000000000004,45.4
2024-02-13 17:00:00,87.3,55.1,1572.0,91.3,25.3,15.0,17,1,2,-0.9659258262890683,-0.25881904510252063,50.9
2024-02-13 18:00:00,91.5,58.7,1716.0,86.1,25.6,16.0,18,1,2,-1.0,-1.8369701987210297e-16,55.1
2024-02-13 19:00:00,91.5,59.5,1717.0,80.8,23.7,14.0,19,1,2,-0.9659258262890684,0.2588190451025203,58.7
2024-02-13 20:00:00,86.8,57.2,1625.0,73.6,20.5,13.0,20,1,2,-0.8660254037844386,0.5000000000000001,59.5
2024-02-13 21:00:00,80.8,53.2,1503.0,66.7,17.6,12.0,21,1,2,-0.7071067811865477,0.7071067811865474,57.2
2024-02-13 22:00:00,75.0,49.2,1336.0,60.1,15.1,11.0,22,1,2,-0.5000000000000004,0.8660254037844384,53.2
2024-02-13 23:00:00,69.4,45.2,1139.0,53.7,12.7,11.0,23,1,2,-0.25881904510252157,0.9659258262890681,49.2
2024-02-14 00:00:00,62.2,40.2,971.0,50.1,11.6,12.0,0,2,2,0.0,1.0,45.2
2024-02-14 01:00:00,57.7,36.8,991.0,52.3,12.4,11.0,1,2,2,0.25881904510252074,0.9659258262890683,40.2
2024-02-14 02:00:00,57.5,36.2,1011.0,54.9,13.7,12.0,2,2,2,0.49999999999999994,0.8660254037844387,36.8
2024-02-14 03:00:00,64.3,40.5,970.0,52.9,16.1,24.0,3,2,2,0.7071067811865475,0.7071067811865476,36.2
2024-02-14 04:00:00,69.8,42.7,811.0,42.1,21.2,57.0,4,2,2,0.8660254037844386,0.5000000000000001,40.5
2024-02-14 05:00:00,74.7,41.9,591.0,26.9,27.4,101.0,5,2,2,0.9659258262890683,0.25881904510252074,42.7
2024-02-14 06:00:00,73.1,38.5,421.0,14.8,30.9,135.0,6,2,2,1.0,6.123233995736766e-17,41.9
2024-02-14 07:00:00,67.1,35.6,351.0,9.2,29.4,151.0,7,2,2,0.9659258262890683,-0.25881904510252063,38.5
2024-02-14 08:00:00,64.5,33.8,332.0,6.9,25.2,157.0,8,2,2,0.8660254037844387,-0.4999999999999998,35.6
2024-02-14 09:00:00,63.3,32.5,325.0,5.9,21.6,160.0,9,2,2,0.7071067811865476,-0.7071067811865475,33.8
2024-02-14 10:00:00,62.4,32.0,292.0,3.0,19.8,164.0,10,2,2,0.49999999999999994,-0.8660254037844387,32.5
2024-02-14 11:00:00,62.4,31.9,270.0,1.4,18.6,165.0,11,2,2,0.258819045102521,-0.9659258262890682,32.0
2024-02-14 12:00:00,61.2,32.0,341.0,9.6,18.6,157.0,12,2,2,1.2246467991473532e-16,-1.0,31.9
2024-02-14 13:00:00,64.3,34.0,584.0,38.1,19.4,120.0,13,2,2,-0.2588190451025208,-0.9659258262890683,32.0
2024-02-14 14:00:00,75.2,43.0,926.0,77.3,20.6,68.0,14,2,2,-0.4999999999999997,-0.8660254037844388,34.0
2024-02-14 15:00:00,86.8,52.2,1225.0,105.1,21.8,30.0,15,2,2,-0.7071067811865471,-0.7071067811865479,43.0
2024-02-14 16:00:00,93.4,56.8,1448.0,111.3,23.2,18.0,16,2,2,-0.8660254037844384,-0.5000000000000004,52.2
2024-02-14 17:00:00,99.0,60.8,1628.0,106.2,24.5,19.0,17,2,2,-0.9659258262890683,-0.25881904510252063,56.8
2024-02-14 18:00:00,102.9,65.2,1725.0,98.8,24.6,20.0,18,2,2,-1.0,-1.8369701987210297e-16,60.8
2024-02-14 19:00:00,103.4,66.8,1711.0,90.9,22.5,18.0,19,2,2,-0.9659258262890684,0.2588190451025203,65.2
2024-02-14 20:00:00,99.7,65.2,1614.0,80.7,19.1,17.0,20,2,2,-0.8660254037844386,0.5000000000000001,66.8
2024-02-14 21:00:00,94.1,61.2,1471.0,71.4,16.1,16.0,21,2,2,-0.7071067811865477,0.7071067811865474,65.2
2024-02-14 22:00:00,87.1,55.9,1249.0,63.8,13.7,16.0,22,2,2,-0.5000000000000004,0.8660254037844384,61.2
2024-02-14 23:00:00,80.6,50.3,982.0,57.2,11.7,17.0,23,2,2,-0.25881904510252157,0.9659258262890681,55.9
2024-02-15 00:00:00,77.3,47.4,913.0,52.0,10.8,17.0,0,3,2,0.0,1.0,50.3
2024-02-15 01:00:00,73.8,44.2,977.0,51.7,10.5,14.0,1,3,2,0.25881904510252074,0.9659258262890683,47.4
2024-02-15 02:00:00,72.9,43.7,1058.0,50.9,10.3,11.0,2,3,2,0.49999999999999994,0.8660254037844387,44.2
2024-02-15 03:00:00,78.2,47.6,1062.0,47.3,11.6,20.0,3,3,2,0.7071067811865475,0.7071067811865476,43.7
2024-02-15 04:00:00,87.1,52.2,919.0,38.5,15.8,53.0,4,3,2,0.8660254037844386,0.5000000000000001,47.6
2024-02-15 05:00:00,90.3,51.6,699.0,26.8,21.4,99.0,5,3,2,0.9659258262890683,0.25881904510252074,52.2
2024-02-15 06:00:00,88.7,48.5,523.0,17.4,25.3,136.0,6,3,2,1.0,6.123233995736766e-17,51.6
2024-02-15 07:00:00,80.6,45.3,440.0,12.1,25.9,154.0,7,3,2,0.9659258262890683,-0.25881904510252063,48.5
2024-02-15 08:00:00,75.7,42.8,402.0,8.9,24.7,163.0,8,3,2,0.8660254037844387,-0.4999999999999998,45.3
2024-02-15 09:00:00,71.5,39.9,378.0,7.2,23.0,168.0,9,3,2,0.7071067811865476,-0.7071067811865475,42.8
2024-02-15 10:00:00,68.0,37.7,334.0,3.9,20.8,174.0,10,3,2,0.49999999999999994,-0.8660254037844387,39.9
2024-02-15 11:00:00,64.7,35.9,306.0,2.0,18.0,176.0,11,3,2,0.258819045102521,-0.9659258262890682,37.7
2024-02-15 12:00:00,57.6,32.9,368.0,9.9,16.6,163.0,12,3,2,1.2246467991473532e-16,-1.0,35.9
2024-02-15 13:00:00,55.9,32.7,612.0,38.0,16.3,125.0,13,3,2,-0.2588190451025208,-0.9659258262890683,32.9
2024-02-15 14:00:00,65.2,40.4,953.0,76.7,15.8,73.0,14,3,2,-0.4999999999999997,-0.8660254037844388,32.7
2024-02-15 15:00:00,77.3,48.7,1244.0,105.0,16.0,33.0,15,3,2,-0.7071067811865471,-0.7071067811865479,40.4
2024-02-15 16:00:00,82.0,51.6,1443.0,113.5,17.4,19.0,16,3,2,-0.8660254037844384,-0.5000000000000004,48.7
2024-02-15 17:00:00,87.5,55.3,1592.0,111.5,19.4,18.0,17,3,2,-0.9659258262890683,-0.25881904510252063,51.6
2024-02-15 18:00:00,90.6,58.9,1671.0,106.3,20.5,19.0,18,3,2,-1.0,-1.8369701987210297e-16,55.3
2024-02-15 19:00:00,88.5,59.1,1667.0,99.0,20.0,17.0,19,3,2,-0.9659258262890684,0.2588190451025203,58.9
2024-02-15 20:00:00,84.8,57.5,1593.0,88.4,18.7,17.0,20,3,2,-0.8660254037844386,0.5000000000000001,59.1
2024-02-15 21:00:00,78.7,53.8,1471.0,78.2,17.2,17.0,21,3,2,-0.7071067811865477,0.7071067811865474,57.5
2024-02-15 22:00:00,71.5,48.9,1269.0,69.0,15.5,17.0,22,3,2,-0.5000000000000004,0.8660254037844384,53.8
2024-02-15 23:00:00,63.3,43.3,1020.0,60.2,13.6,17.0,23,3,2,-0.25881904510252157,0.9659258262890681,48.9
2024-02-16 00:00:00,56.1,38.2,889.0,50.4,11.6,16.0,0,4,2,0.0,1.0,43.3
2024-02-16 01:00:00,50.4,34.2,915.0,49.9,12.0,15.0,1,4,2,0.25881904510252074,0.9659258262890683,38.2
2024-02-16 02:00:00,48.3,32.8,945.0,48.8,12.7,15.0,2,4,2,0.49999999999999994,0.8660254037844387,34.2
2024-02-16 03:00:00,52.5,35.6,920.0,45.1,14.0,25.0,3,4,2,0.7071067811865475,0.7071067811865476,32.8
2024-02-16 04:00:00,55.8,37.6,793.0,36.6,16.5,56.0,4,4,2,0.8660254037844386,0.5000000000000001,35.6
2024-02-16 05:00:00,56.3,37.0,611.0,25.4,19.5,97.0,5,4,2,0.9659258262890683,0.25881904510252074,37.6
2024-02-16 06:00:00,56.2,30.5,460.0,16.3,21.4,128.0,6,4,2,1.0,6.123233995736766e-17,37.0
2024-02-16 07:00:00,54.4,25.9,373.0,11.0,21.2,141.0,7,4,2,0.9659258262890683,-0.25881904510252063,30.5
2024-02-16 08:00:00,48.9,22.9,318.0,7.7,19.9,143.0,8,4,2,0.8660254037844387,-0.4999999999999998,25.9
2024-02-16 09:00:00,44.9,20.4,282.0,6.0,18.6,143.0,9,4,2,0.7071067811865476,-0.7071067811865475,22.9
2024-02-16 10:00:00,41.2,18.5,237.0,3.4,17.7,142.0,10,4,2,0.49999999999999994,-0.8660254037844387,20.4
2024-02-16 11:00:00,38.5,17.7,211.0,2.3,16.9,138.0,11,4,2,0.258819045102521,-0.9659258262890682,18.5
2024-02-16 12:00:00,41.6,19.8,261.0,8.9,15.8,129.0,12,4,2,1.2246467991473532e-16,-1.0,17.7
2024-02-16 13:00:00,40.2,20.1,516.0,35.3,16.7,103.0,13,4,2,-0.2588190451025208,-0.9659258262890683,19.8
2024-02-16 14:00:00,52.3,30.0,870.0,71.9,17.9,68.0,14,4,2,-0.4999999999999997,-0.8660254037844388,20.1
2024-02-16 15:00:00,71.0,43.4,1148.0,100.4,18.8,40.0,15,4,2,-0.7071067811865471,-0.7071067811865479,30.0
2024-02-16 16:00:00,79.2,49.7,1273.0,113.4,19.3,29.0,16,4,2,-0.8660254037844384,-0.5000000000000004,43.4
2024-02-16 17:00:00,82.7,52.2,1322.0,118.4,19.6,26.0,17,4,2,-0.9659258262890683,-0.25881904510252063,49.7
2024-02-16 18:00:00,87.3,55.6,1353.0,119.3,19.6,24.0,18,4,2,-1.0,-1.8369701987210297e-16,52.2
2024-02-16 19:00:00,90.6,58.4,1399.0,117.0,19.3,19.0,19,4,2,-0.9659258262890684,0.2588190451025203,55.6
2024-02-16 20:00:00,89.6,58.7,1427.0,110.5,18.7,15.0,20,4,2,-0.8660254037844386,0.5000000000000001,58.4
2024-02-16 21:00:00,83.6,55.2,1393.0,101.5,17.8,12.0,21,4,2,-0.7071067811865477,0.7071067811865474,58.7
2024-02-16 22:00:00,75.9,50.1,1232.0,88.4,16.1,12.0,22,4,2,-0.5000000000000004,0.8660254037844384,55.2
2024-02-16 23:00:00,66.8,44.1,1009.0,72.7,14.0,13.0,23,4,2,-0.25881904510252157,0.9659258262890681,50.1
2024-02-17 00:00:00,54.5,35.7,887.0,58.1,12.1,14.0,0,5,2,0.0,1.0,44.1
2024-02-17 01:00:00,47.4,31.0,962.0,54.6,12.0,9.0,1,5,2,0.25881904510252074,0.9659258262890683,35.7
2024-02-17 02:00:00,45.1,29.6,1057.0,49.5,12.0,4.0,2,5,2,0.49999999999999994,0.8660254037844387,31.0
2024-02-17 03:00:00,51.3,34.2,1077.0,44.3,13.7,13.0,3,5,2,0.7071067811865475,0.7071067811865476,29.6
2024-02-17 04:00:00,62.2,41.8,955.0,39.7,19.0,47.0,4,5,2,0.8660254037844386,0.5000000000000001,34.2
2024-02-17 05:00:00,62.6,40.5,757.0,34.9,25.9,96.0,5,5,2,0.9659258262890683,0.25881904510252074,41.8
2024-02-17 06:00:00,63.1,38.3,584.0,29.3,29.8,134.0,6,5,2,1.0,6.123233995736766e-17,40.5
2024-02-17 07:00:00,53.4,30.5,469.0,21.6,28.0,155.0,7,5,2,0.9659258262890683,-0.25881904510252063,38.3
2024-02-17 08:00:00,49.6,28.3,380.0,13.0,23.2,166.0,8,5,2,0.8660254037844387,-0.4999999999999998,30.5
2024-02-17 09:00:00,45.8,26.1,317.0,7.2,18.5,169.0,9,5,2,0.7071067811865476,-0.7071067811865475,28.3
2024-02-17 10:00:00,41.7,23.2,282.0,5.2,14.7,165.0,10,5,2,0.49999999999999994,-0.8660254037844387,26.1
2024-02-17 11:00:00,37.8,20.4,274.0,5.8,11.1,153.0,11,5,2,0.258819045102521,-0.9659258262890682,23.2
2024-02-17 12:00:00,18.9,9.8,280.0,8.8,8.6,133.0,12,5,2,1.2246467991473532e-16,-1.0,20.4
2024-02-17 13:00:00,21.6,10.5,348.0,18.1,8.2,109.0,13,5,2,-0.2588190451025208,-0.9659258262890683,9.8
2024-02-17 14:00:00,24.9,13.0,442.0,30.9,7.8,75.0,14,5,2,-0.4999999999999997,-0.8660254037844388,10.5
2024-02-17 15:00:00,26.6,14.0,506.0,39.8,7.5,51.0,15,5,2,-0.7071067811865471,-0.7071067811865479,13.0
2024-02-17 16:00:00,28.2,15.1,518.0,41.9,7.8,44.0,16,5,2,-0.8660254037844384,-0.5000000000000004,14.0
2024-02-17 17:00:00,29.2,15.9,499.0,40.1,8.3,45.0,17,5,2,-0.9659258262890683,-0.25881904510252063,15.1
2024-02-17 18:00:00,29.9,16.2,466.0,36.5,8.4,49.0,18,5,2,-1.0,-1.8369701987210297e-16,15.9
2024-02-17 19:00:00,29.6,15.7,413.0,30.6,7.5,53.0,19,5,2,-0.9659258262890684,0.2588190451025203,16.2
2024-02-17 20:00:00,28.2,14.6,344.0,22.7,6.2,59.0,20,5,2,-0.8660254037844386,0.5000000000000001,15.7
2024-02-17 21:00:00,26.7,13.6,287.0,16.2,5.2,64.0,21,5,2,-0.7071067811865477,0.7071067811865474,14.6
2024-02-17 22:00:00,25.5,12.9,242.0,11.4,4.7,69.0,22,5,2,-0.5000000000000004,0.8660254037844384,13.6
2024-02-17 23:00:00,24.4,12.5,209.0,7.9,4.4,73.0,23,5,2,-0.25881904510252157,0.9659258262890681,12.9
2024-02-18 00:00:00,23.9,12.2,213.0,8.6,4.5,71.0,0,6,2,0.0,1.0,12.5
2024-02-18 01:00:00,24.0,12.5,289.0,15.5,5.1,66.0,1,6,2,0.25881904510252074,0.9659258262890683,12.2
2024-02-18 02:00:00,26.1,14.0,390.0,24.8,5.9,59.0,2,6,2,0.49999999999999994,0.8660254037844387,12.5
2024-02-18 03:00:00,30.2,16.8,443.0,29.1,6.5,59.0,3,6,2,0.7071067811865475,0.7071067811865476,14.0
2024-02-18 04:00:00,31.5,17.4,401.0,23.7,6.7,73.0,4,6,2,0.8660254037844386,0.5000000000000001,16.8
2024-02-18 05:00:00,27.6,14.4,310.0,13.5,6.7,95.0,5,6,2,0.9659258262890683,0.25881904510252074,17.4
2024-02-18 06:00:00,23.7,12.3,240.0,5.6,6.6,111.0,6,6,2,1.0,6.123233995736766e-17,14.4
2024-02-18 07:00:00,22.4,11.7,218.0,3.2,6.2,116.0,7,6,2,0.9659258262890683,-0.25881904510252063,12.3
2024-02-18 08:00:00,22.2,11.6,217.0,3.2,5.7,117.0,8,6,2,0.8660254037844387,-0.4999999999999998,11.7
2024-02-18 09:00:00,22.1,11.7,221.0,3.8,5.3,115.0,9,6,2,0.7071067811865476,-0.7071067811865475,11.6
2024-02-18 10:00:00,21.9,11.7,224.0,4.3,5.1,112.0,10,6,2,0.49999999999999994,-0.8660254037844387,11.7
2024-02-18 11:00:00,22.2,12.0,232.0,5.4,5.0,108.0,11,6,2,0.258819045102521,-0.9659258262890682,11.7
2024-02-18 12:00:00,26.1,14.5,250.0,7.1,5.0,104.0,12,6,2,1.2246467991473532e-16,-1.0,12.0
2024-02-18 13:00:00,29.8,16.5,271.0,9.5,4.9,99.0,13,6,2,-0.2588190451025208,-0.9659258262890683,14.5
2024-02-18 14:00:00,32.7,18.3,300.0,12.7,4.8,93.0,14,6,2,-0.4999999999999997,-0.8660254037844388,16.5
2024-02-18 15:00:00,35.3,19.9,318.0,14.7,4.6,89.0,15,6,2,-0.7071067811865471,-0.7071067811865479,18.3
2024-02-18 16:00:00,37.3,21.1,317.0,14.5,4.5,89.0,16,6,2,-0.8660254037844384,-0.5000000000000004,19.9
2024-02-18 17:00:00,38.2,21.7,306.0,13.0,4.3,90.0,17,6,2,-0.9659258262890683,-0.25881904510252063,21.1
2024-02-18 18:00:00,38.0,21.5,291.0,11.3,4.1,92.0,18,6,2,-1.0,-1.8369701987210297e-16,21.7
2024-02-18 19:00:00,36.2,20.4,272.0,9.4,3.7,93.0,19,6,2,-0.9659258262890684,0.2588190451025203,21.5
2024-02-18 20:00:00,33.4,18.5,248.0,7.2,3.3,94.0,20,6,2,-0.8660254037844386,0.5000000000000001,20.4
2024-02-18 21:00:00,31.0,16.9,230.0,5.5,3.0,94.0,21,6,2,-0.7071067811865477,0.7071067811865474,18.5
2024-02-18 22:00:00,29.3,15.5,216.0,4.2,2.9,94.0,22,6,2,-0.5000000000000004,0.8660254037844384,16.9
2024-02-18 23:00:00,29.0,14.6,206.0,3.4,2.9,92.0,23,6,2,-0.25881904510252157,0.9659258262890681,15.5
2024-02-19 00:00:00,29.2,14.0,215.0,4.3,3.1,89.0,0,0,2,0.0,1.0,14.6
2024-02-19 01:00:00,31.2,13.9,258.0,8.8,3.5,83.0,1,0,2,0.25881904510252074,0.9659258262890683,14.0
2024-02-19 02:00:00,33.5,15.0,316.0,14.9,4.1,76.0,2,0,2,0.49999999999999994,0.8660254037844387,13.9
2024-02-19 03:00:00,34.8,16.1,345.0,17.9,4.5,74.0,3,0,2,0.7071067811865475,0.7071067811865476,15.0
2024-02-19 04:00:00,42.4,16.1,317.0,14.8,4.4,83.0,4,0,2,0.8660254037844386,0.5000000000000001,16.1
2024-02-19 05:00:00,49.7,15.4,260.0,8.6,4.2,98.0,5,0,2,0.9659258262890683,0.25881904510252074,16.1
2024-02-19 06:00:00,54.9,16.1,216.0,3.9,3.9,110.0,6,0,2,1.0,6.123233995736766e-17,15.4
2024-02-19 07:00:00,55.5,16.6,204.0,2.6,3.8,115.0,7,0,2,0.9659258262890683,-0.25881904510252063,16.1
2024-02-19 08:00:00,56.7,17.3,205.0,2.7,3.6,117.0,8,0,2,0.8660254037844387,-0.4999999999999998,16.6
2024-02-19 09:00:00,57.3,18.0,209.0,3.3,3.6,118.0,9,0,2,0.7071067811865476,-0.7071067811865475,17.3
2024-02-19 10:00:00,56.9,18.2,212.0,4.0,3.7,118.0,10,0,2,0.49999999999999994,-0.8660254037844387,18.0
2024-02-19 11:00:00,53.4,17.6,217.0,5.1,3.8,116.0,11,0,2,0.258819045102521,-0.9659258262890682,18.2
2024-02-19 12:00:00,47.4,17.9,226.0,7.1,3.9,107.0,12,0,2,1.2246467991473532e-16,-1.0,17.6
2024-02-19 13:00:00,47.6,19.1,253.0,10.3,4.0,100.0,13,0,2,-0.2588190451025208,-0.9659258262890683,17.9
2024-02-19 14:00:00,48.4,20.9,289.0,14.6,4.1,89.0,14,0,2,-0.4999999999999997,-0.8660254037844388,19.1
2024-02-19 15:00:00,50.8,22.4,312.0,17.3,4.1,82.0,15,0,2,-0.7071067811865471,-0.7071067811865479,20.9
2024-02-19 16:00:00,52.4,22.5,309.0,17.0,4.1,81.0,16,0,2,-0.8660254037844384,-0.5000000000000004,22.4
2024-02-19 17:00:00,53.3,22.5,293.0,15.2,4.0,83.0,17,0,2,-0.9659258262890683,-0.25881904510252063,22.5
2024-02-19 18:00:00,54.5,22.6,276.0,13.4,3.9,84.0,18,0,2,-1.0,-1.8369701987210297e-16,22.5
2024-02-19 19:00:00,55.6,22.9,263.0,12.0,3.7,84.0,19,0,2,-0.9659258262890684,0.2588190451025203,22.6
2024-02-19 20:00:00,54.6,22.5,249.0,10.7,3.5,83.0,20,0,2,-0.8660254037844386,0.5000000000000001,22.9
2024-02-19 21:00:00,54.2,22.3,237.0,9.6,3.4,83.0,21,0,2,-0.7071067811865477,0.7071067811865474,22.5
2024-02-19 22:00:00,54.5,22.2,220.0,8.2,3.5,83.0,22,0,2,-0.5000000000000004,0.8660254037844384,22.3
2024-02-19 23:00:00,54.4,22.1,204.0,7.1,3.7,83.0,23,0,2,-0.25881904510252157,0.9659258262890681,22.2
2024-02-20 00:00:00,56.6,21.7,201.0,6.9,4.0,89.0,0,1,2,0.0,1.0,22.1
2024-02-20 01:00:00,55.1,21.2,258.0,13.0,4.8,84.0,1,1,2,0.25881904510252074,0.9659258262890683,21.7
2024-02-20 02:00:00,53.1,21.9,335.0,21.2,5.9,79.0,2,1,2,0.49999999999999994,0.8660254037844387,21.2
2024-02-20 03:00:00,52.5,23.2,378.0,25.3,6.7,80.0,3,1,2,0.7071067811865475,0.7071067811865476,21.9
2024-02-20 04:00:00,47.4,20.5,355.0,21.5,7.2,94.0,4,1,2,0.8660254037844386,0.5000000000000001,23.2
2024-02-20 05:00:00,43.4,17.9,298.0,13.7,7.4,114.0,5,1,2,0.9659258262890683,0.25881904510252074,20.5
2024-02-20 06:00:00,43.8,16.7,250.0,7.5,7.2,130.0,6,1,2,1.0,6.123233995736766e-17,17.9
2024-02-20 07:00:00,44.4,15.9,228.0,5.0,6.4,136.0,7,1,2,0.9659258262890683,-0.25881904510252063,16.7
2024-02-20 08:00:00,42.3,15.1,216.0,4.1,5.2,137.0,8,1,2,0.8660254037844387,-0.4999999999999998,15.9
2024-02-20 09:00:00,38.9,14.7,209.0,3.9,4.3,135.0,9,1,2,0.7071067811865476,-0.7071067811865475,15.1
2024-02-20 10:00:00,36.4,15.0,208.0,4.3,4.1,129.0,10,1,2,0.49999999999999994,-0.8660254037844387,14.7
2024-02-20 11:00:00,37.5,16.5,213.0,5.4,4.2,121.0,11,1,2,0.258819045102521,-0.9659258262890682,15.0
2024-02-20 12:00:00,40.4,16.7,221.0,7.0,4.3,116.0,12,1,2,1.2246467991473532e-16,-1.0,16.5
2024-02-20 13:00:00,43.7,19.4,240.0,9.5,4.2,107.0,13,1,2,-0.2588190451025208,-0.9659258262890683,16.7
2024-02-20 14:00:00,47.3,22.3,266.0,13.0,4.2,95.0,14,1,2,-0.4999999999999997,-0.8660254037844388,19.4
2024-02-20 15:00:00,51.0,24.9,285.0,15.6,4.1,85.0,15,1,2,-0.7071067811865471,-0.7071067811865479,22.3
2024-02-20 16:00:00,54.6,26.8,291.0,16.6,4.2,80.0,16,1,2,-0.8660254037844384,-0.5000000000000004,24.9
2024-02-20 17:00:00,57.0,28.2,290.0,16.6,4.2,78.0,17,1,2,-0.9659258262890683,-0.25881904510252063,26.8
2024-02-20 18:00:00,58.0,28.6,281.0,15.7,4.2,79.0,18,1,2,-1.0,-1.8369701987210297e-16,28.2
2024-02-20 19:00:00,55.9,27.7,261.0,13.2,3.9,85.0,19,1,2,-0.9659258262890684,0.2588190451025203,28.6
2024-02-20 20:00:00,51.8,26.0,233.0,9.7,3.4,93.0,20,1,2,-0.8660254037844386,0.5000000000000001,27.7
2024-02-20 21:00:00,47.8,24.0,213.0,7.0,3.1,100.0,21,1,2,-0.7071067811865477,0.7071067811865474,26.0
2024-02-20 22:00:00,44.7,22.5,198.0,4.9,3.1,104.0,22,1,2,-0.5000000000000004,0.8660254037844384,24.0
2024-02-20 23:00:00,42.0,21.0,189.0,3.5,3.2,107.0,23,1,2,-0.25881904510252157,0.9659258262890681,22.5
2024-02-21 00:00:00,38.9,18.7,210.0,4.6,3.5,111.0,0,2,2,0.0,1.0,21.0
2024-02-21 01:00:00,37.8,18.3,305.0,14.3,4.4,97.0,1,2,2,0.25881904510252074,0.9659258262890683,18.7
2024-02-21 02:00:00,38.3,18.9,433.0,27.4,5.6,79.0,2,2,2,0.49999999999999994,0.8660254037844387,18.3
2024-02-21 03:00:00,42.4,21.7,503.0,34.2,6.6,72.0,3,2,2,0.7071067811865475,0.7071067811865476,18.9
2024-02-21 04:00:00,45.5,19.9,459.0,28.8,7.3,87.0,4,2,2,0.8660254037844386,0.5000000000000001,21.7
2024-02-21 05:00:00,51.5,17.9,358.0,17.1,7.8,114.0,5,2,2,0.9659258262890683,0.25881904510252074,19.9
2024-02-21 06:00:00,64.7,18.6,276.0,8.0,7.8,134.0,6,2,2,1.0,6.123233995736766e-17,17.9
2024-02-21 07:00:00,78.5,20.0,245.0,4.9,7.0,140.0,7,2,2,0.9659258262890683,-0.25881904510252063,18.6
2024-02-21 08:00:00,90.1,21.0,235.0,4.2,5.8,140.0,8,2,2,0.8660254037844387,-0.4999999999999998,20.0
2024-02-21 09:00:00,94.5,20.9,230.0,4.3,4.8,137.0,9,2,2,0.7071067811865476,-0.7071067811865475,21.0
2024-02-21 10:00:00,94.5,20.5,225.0,4.6,4.4,132.0,10,2,2,0.49999999999999994,-0.8660254037844387,20.9
2024-02-21 11:00:00,87.1,19.7,226.0,5.6,4.3,125.0,11,2,2,0.258819045102521,-0.9659258262890682,20.5
2024-02-21 12:00:00,80.6,18.9,231.0,7.8,4.7,116.0,12,2,2,1.2246467991473532e-16,-1.0,19.7
2024-02-21 13:00:00,63.3,17.1,260.0,11.3,4.7,110.0,13,2,2,-0.2588190451025208,-0.9659258262890683,18.9
2024-02-21 14:00:00,44.6,15.4,300.0,16.2,4.7,100.0,14,2,2,-0.4999999999999997,-0.8660254037844388,17.1
2024-02-21 15:00:00,35.6,15.1,330.0,19.9,4.8,93.0,15,2,2,-0.7071067811865471,-0.7071067811865479,15.4
2024-02-21 16:00:00,34.3,15.9,344.0,21.5,5.0,89.0,16,2,2,-0.8660254037844384,-0.5000000000000004,15.1
2024-02-21 17:00:00,34.7,16.6,349.0,21.9,5.3,86.0,17,2,2,-0.9659258262890683,-0.25881904510252063,15.9
2024-02-21 18:00:00,36.0,17.2,344.0,21.2,5.4,84.0,18,2,2,-1.0,-1.8369701987210297e-16,16.6
2024-02-21 19:00:00,37.3,17.3,322.0,18.9,5.0,84.0,19,2,2,-0.9659258262890684,0.2588190451025203,17.2
2024-02-21 20:00:00,38.3,17.2,290.0,15.5,4.5,85.0,20,2,2,-0.8660254037844386,0.5000000000000001,17.3
2024-02-21 21:00:00,39.5,17.5,264.0,12.9,4.2,84.0,21,2,2,-0.7071067811865477,0.7071067811865474,17.2
2024-02-21 22:00:00,38.8,17.3,239.0,10.8,4.4,81.0,22,2,2,-0.5000000000000004,0.8660254037844384,17.5
2024-02-21 23:00:00,37.4,16.2,220.0,9.4,4.8,76.0,23,2,2,-0.25881904510252157,0.9659258262890681,17.3
2024-02-22 00:00:00,47.1,14.8,220.0,8.8,5.9,76.0,0,3,2,0.0,1.0,16.2
2024-02-22 01:00:00,57.2,16.1,333.0,18.0,7.1,63.0,1,3,2,0.25881904510252074,0.9659258262890683,14.8
2024-02-22 02:00:00,60.1,18.5,483.0,30.2,8.8,45.0,2,3,2,0.49999999999999994,0.8660254037844387,16.1
2024-02-22 03:00:00,62.9,23.3,565.0,36.6,10.1,39.0,3,3,2,0.7071067811865475,0.7071067811865476,18.5
2024-02-22 04:00:00,69.2,25.0,511.0,31.4,10.8,55.0,4,3,2,0.8660254037844386,0.5000000000000001,23.3
2024-02-22 05:00:00,76.6,22.7,388.0,20.3,11.2,82.0,5,3,2,0.9659258262890683,0.25881904510252074,25.0
2024-02-22 06:00:00,98.7,19.2,287.0,11.2,10.9,105.0,6,3,2,1.0,6.123233995736766e-17,22.7
2024-02-22 07:00:00,102.4,16.6,243.0,7.2,9.5,118.0,7,3,2,0.9659258262890683,-0.25881904510252063,19.2
2024-02-22 08:00:00,91.3,14.7,220.0,5.3,7.5,126.0,8,3,2,0.8660254037844387,-0.4999999999999998,16.6
2024-02-22 09:00:00,80.1,13.1,208.0,4.4,6.1,131.0,9,3,2,0.7071067811865476,-0.7071067811865475,14.7
2024-02-22 10:00:00,71.5,12.0,195.0,3.5,5.7,133.0,10,3,2,0.49999999999999994,-0.8660254037844387,13.1
2024-02-22 11:00:00,66.6,11.5,192.0,3.7,5.8,132.0,11,3,2,0.258819045102521,-0.9659258262890682,12.0
2024-02-22 12:00:00,75.4,12.0,246.0,7.6,7.2,132.0,12,3,2,1.2246467991473532e-16,-1.0,11.5
2024-02-22 13:00:00,75.4,12.6,321.0,16.4,7.9,114.0,13,3,2,-0.2588190451025208,-0.9659258262890683,12.0
2024-02-22 14:00:00,79.9,18.5,428.0,28.8,8.9,88.0,14,3,2,-0.4999999999999997,-0.8660254037844388,12.6
2024-02-22 15:00:00,84.1,24.6,537.0,41.1,10.0,66.0,15,3,2,-0.7071067811865471,-0.7071067811865479,18.5
2024-02-22 16:00:00,83.4,27.6,640.0,52.6,11.2,51.0,16,3,2,-0.8660254037844384,-0.5000000000000004,24.6
2024-02-22 17:00:00,79.4,29.8,744.0,63.9,12.5,39.0,17,3,2,-0.9659258262890683,-0.25881904510252063,27.6
2024-02-22 18:00:00,82.9,33.9,841.0,72.8,13.4,29.0,18,3,2,-1.0,-1.8369701987210297e-16,29.8
2024-02-22 19:00:00,89.4,38.0,945.0,79.2,13.8,21.0,19,3,2,-0.9659258262890684,0.2588190451025203,33.9
2024-02-22 20:00:00,86.4,39.6,1042.0,83.3,13.8,16.0,20,3,2,-0.8660254037844386,0.5000000000000001,38.0
2024-02-22 21:00:00,75.7,38.9,1084.0,82.9,13.5,12.0,21,3,2,-0.7071067811865477,0.7071067811865474,39.6
2024-02-22 22:00:00,65.0,35.0,1014.0,75.2,12.6,11.0,22,3,2,-0.5000000000000004,0.8660254037844384,38.9
2024-02-22 23:00:00,58.9,31.2,889.0,63.1,11.3,12.0,23,3,2,-0.25881904510252157,0.9659258262890681,35.0
2024-02-23 00:00:00,90.3,38.5,672.0,47.8,11.9,33.0,0,4,2,0.0,1.0,31.2
2024-02-23 01:00:00,85.9,37.8,852.0,50.1,11.8,23.0,1,4,2,0.25881904510252074,0.9659258262890683,38.5
2024-02-23 02:00:00,80.3,37.5,1091.0,52.9,11.9,12.0,2,4,2,0.49999999999999994,0.8660254037844387,37.8
2024-02-23 03:00:00,82.4,41.9,1201.0,52.3,13.7,17.0,3,4,2,0.7071067811865475,0.7071067811865476,37.5
2024-02-23 04:00:00,94.5,44.5,1062.0,45.8,19.5,53.0,4,4,2,0.8660254037844386,0.5000000000000001,41.9
2024-02-23 05:00:00,102.7,34.9,793.0,35.9,27.0,106.0,5,4,2,0.9659258262890683,0.25881904510252074,44.5
2024-02-23 06:00:00,116.9,33.5,566.0,26.7,30.8,148.0,6,4,2,1.0,6.123233995736766e-17,34.9
2024-02-23 07:00:00,122.5,30.2,445.0,18.8,27.5,170.0,7,4,2,0.9659258262890683,-0.25881904510252063,33.5
2024-02-23 08:00:00,104.8,25.4,365.0,11.5,20.5,181.0,8,4,2,0.8660254037844387,-0.4999999999999998,30.2
2024-02-23 09:00:00,89.9,22.0,307.0,6.6,14.8,183.0,9,4,2,0.7071067811865476,-0.7071067811865475,25.4
2024-02-23 10:00:00,82.9,19.3,263.0,4.7,12.1,175.0,10,4,2,0.49999999999999994,-0.8660254037844387,22.0
2024-02-23 11:00:00,86.8,18.3,240.0,5.1,10.7,157.0,11,4,2,0.258819045102521,-0.9659258262890682,19.3
2024-02-23 12:00:00,87.8,18.7,275.0,7.8,10.5,155.0,12,4,2,1.2246467991473532e-16,-1.0,18.3
2024-02-23 13:00:00,97.3,19.7,306.0,12.8,11.1,136.0,13,4,2,-0.2588190451025208,-0.9659258262890683,18.7
2024-02-23 14:00:00,92.7,23.9,350.0,19.7,11.9,109.0,14,4,2,-0.4999999999999997,-0.8660254037844388,19.7
2024-02-23 15:00:00,87.3,24.2,380.0,24.6,12.2,89.0,15,4,2,-0.7071067811865471,-0.7071067811865479,23.9
2024-02-23 16:00:00,78.2,22.6,388.0,26.0,11.5,83.0,16,4,2,-0.8660254037844384,-0.5000000000000004,24.2
2024-02-23 17:00:00,69.6,21.3,382.0,25.3,10.4,83.0,17,4,2,-0.9659258262890683,-0.25881904510252063,22.6
2024-02-23 18:00:00,64.3,21.0,370.0,23.8,9.2,84.0,18,4,2,-1.0,-1.8369701987210297e-16,21.3
2024-02-23 19:00:00,60.3,20.9,349.0,21.2,8.2,84.0,19,4,2,-0.9659258262890684,0.2588190451025203,21.0
2024-02-23 20:00:00,56.0,20.4,321.0,17.7,7.1,85.0,20,4,2,-0.8660254037844386,0.5000000000000001,20.9
2024-02-23 21:00:00,51.9,19.7,295.0,14.5,6.3,85.0,21,4,2,-0.7071067811865477,0.7071067811865474,20.4
2024-02-23 22:00:00,50.4,19.1,258.0,10.9,5.6,86.0,22,4,2,-0.5000000000000004,0.8660254037844384,19.7
2024-02-23 23:00:00,51.2,18.7,223.0,7.7,5.1,87.0,23,4,2,-0.25881904510252157,0.9659258262890681,19.1
2024-02-24 00:00:00,55.1,18.5,231.0,8.5,4.7,85.0,0,5,2,0.0,1.0,18.7
2024-02-24 01:00:00,55.2,17.9,355.0,19.4,5.4,70.0,1,5,2,0.25881904510252074,0.9659258262890683,18.5
2024-02-24 02:00:00,53.9,18.6,523.0,34.0,6.4,51.0,2,5,2,0.49999999999999994,0.8660254037844387,17.9
2024-02-24 03:00:00,56.1,22.5,616.0,41.8,7.9,44.0,3,5,2,0.7071067811865475,0.7071067811865476,18.6
2024-02-24 04:00:00,60.5,22.5,566.0,36.5,10.5,63.0,4,5,2,0.8660254037844386,0.5000000000000001,22.5
2024-02-24 05:00:00,70.1,19.2,443.0,24.4,13.5,94.0,5,5,2,0.9659258262890683,0.25881904510252074,22.5
2024-02-24 06:00:00,88.5,19.2,338.0,14.3,15.4,120.0,6,5,2,1.0,6.123233995736766e-17,19.2
2024-02-24 07:00:00,94.3,19.0,284.0,9.5,15.0,133.0,7,5,2,0.9659258262890683,-0.25881904510252063,19.2
2024-02-24 08:00:00,84.5,17.4,249.0,6.6,13.4,141.0,8,5,2,0.8660254037844387,-0.4999999999999998,19.0
2024-02-24 09:00:00,77.5,16.0,227.0,5.2,12.0,144.0,9,5,2,0.7071067811865476,-0.7071067811865475,17.4
2024-02-24 10:00:00,73.6,15.5,215.0,4.6,11.2,144.0,10,5,2,0.49999999999999994,-0.8660254037844387,16.0
2024-02-24 11:00:00,72.4,15.7,216.0,5.4,10.6,140.0,11,5,2,0.258819045102521,-0.9659258262890682,15.5
2024-02-24 12:00:00,61.9,15.1,256.0,8.5,11.0,143.0,12,5,2,1.2246467991473532e-16,-1.0,15.7
2024-02-24 13:00:00,67.8,18.6,305.0,14.8,11.9,125.0,13,5,2,-0.2588190451025208,-0.9659258262890683,15.1
2024-02-24 14:00:00,66.4,21.8,372.0,23.4,13.1,100.0,14,5,2,-0.4999999999999997,-0.8660254037844388,18.6
2024-02-24 15:00:00,63.6,22.7,413.0,28.8,13.6,82.0,15,5,2,-0.7071067811865471,-0.7071067811865479,21.8
2024-02-24 16:00:00,63.1,21.1,394.0,27.2,12.8,80.0,16,5,2,-0.8660254037844384,-0.5000000000000004,22.7
2024-02-24 17:00:00,57.9,20.3,348.0,22.4,11.3,85.0,17,5,2,-0.9659258262890683,-0.25881904510252063,21.1
2024-02-24 18:00:00,56.7,20.4,336.0,20.6,10.2,84.0,18,5,2,-1.0,-1.8369701987210297e-16,20.3
2024-02-24 19:00:00,58.2,22.8,394.0,25.8,10.1,71.0,19,5,2,-0.9659258262890684,0.2588190451025203,20.4
2024-02-24 20:00:00,58.2,25.9,486.0,33.9,10.5,52.0,20,5,2,-0.8660254037844386,0.5000000000000001,22.8
2024-02-24 21:00:00,57.4,29.7,557.0,39.7,10.9,36.0,21,5,2,-0.7071067811865477,0.7071067811865474,25.9
2024-02-24 22:00:00,58.4,31.0,581.0,40.5,11.0,26.0,22,5,2,-0.5000000000000004,0.8660254037844384,29.7
2024-02-24 23:00:00,59.6,31.5,585.0,38.8,11.1,19.0,23,5,2,-0.25881904510252157,0.9659258262890681,31.0
2024-02-25 00:00:00,62.6,33.4,682.0,45.2,11.1,12.0,0,6,2,0.0,1.0,31.5
2024-02-25 01:00:00,61.5,32.1,733.0,44.6,12.0,14.0,1,6,2,0.25881904510252074,0.9659258262890683,33.4
2024-02-25 02:00:00,63.1,32.2,796.0,43.3,13.2,19.0,2,6,2,0.49999999999999994,0.8660254037844387,32.1
2024-02-25 03:00:00,65.9,32.7,798.0,39.7,14.3,31.0,3,6,2,0.7071067811865475,0.7071067811865476,32.2
2024-02-25 04:00:00,61.5,30.7,679.0,31.5,15.1,57.0,4,6,2,0.8660254037844386,0.5000000000000001,32.7
2024-02-25 05:00:00,53.2,23.5,498.0,20.9,15.8,90.0,5,6,2,0.9659258262890683,0.25881904510252074,30.7
2024-02-25 06:00:00,46.6,18.9,356.0,12.6,16.3,116.0,6,6,2,1.0,6.123233995736766e-17,23.5
2024-02-25 07:00:00,45.5,16.5,294.0,8.5,16.6,130.0,7,6,2,0.9659258262890683,-0.25881904510252063,18.9
2024-02-25 08:00:00,44.0,13.7,270.0,6.6,16.6,137.0,8,6,2,0.8660254037844387,-0.4999999999999998,16.5
2024-02-25 09:00:00,45.3,13.6,259.0,5.9,16.5,141.0,9,6,2,0.7071067811865476,-0.7071067811865475,13.7
2024-02-25 10:00:00,46.6,13.8,232.0,3.7,16.0,145.0,10,6,2,0.49999999999999994,-0.8660254037844387,13.6
2024-02-25 11:00:00,47.0,14.0,218.0,2.7,15.4,145.0,11,6,2,0.258819045102521,-0.9659258262890682,13.8
2024-02-25 12:00:00,61.5,17.8,271.0,8.9,14.3,136.0,12,6,2,1.2246467991473532e-16,-1.0,14.0
2024-02-25 13:00:00,56.7,18.2,373.0,20.1,14.5,115.0,13,6,2,-0.2588190451025208,-0.9659258262890683,17.8
2024-02-25 14:00:00,53.1,22.8,511.0,35.2,14.6,86.0,14,6,2,-0.4999999999999997,-0.8660254037844388,18.2
2024-02-25 15:00:00,49.1,23.6,586.0,43.6,14.3,66.0,15,6,2,-0.7071067811865471,-0.7071067811865479,22.8
2024-02-25 16:00:00,43.5,21.6,541.0,38.9,13.1,64.0,16,6,2,-0.8660254037844384,-0.5000000000000004,23.6
2024-02-25 17:00:00,39.7,19.4,434.0,27.4,11.5,72.0,17,6,2,-0.9659258262890683,-0.25881904510252063,21.6
2024-02-25 18:00:00,38.4,18.5,344.0,17.6,10.1,80.0,18,6,2,-1.0,-1.8369701987210297e-16,19.4
2024-02-25 19:00:00,38.5,19.0,297.0,12.4,9.4,86.0,19,6,2,-0.9659258262890684,0.2588190451025203,18.5
2024-02-25 20:00:00,38.6,19.2,266.0,8.9,9.0,91.0,20,6,2,-0.8660254037844386,0.5000000000000001,19.0
2024-02-25 21:00:00,38.3,18.0,249.0,6.3,8.5,96.0,21,6,2,-0.7071067811865477,0.7071067811865474,19.2
2024-02-25 22:00:00,39.9,18.3,250.0,4.3,7.8,100.0,22,6,2,-0.5000000000000004,0.8660254037844384,18.0
2024-02-25 23:00:00,45.8,22.4,265.0,3.2,7.0,102.0,23,6,2,-0.25881904510252157,0.9659258262890681,18.3
2024-02-26 00:00:00,50.3,23.4,272.0,3.8,6.2,101.0,0,0,2,0.0,1.0,22.4
2024-02-26 01:00:00,58.9,25.1,298.0,6.9,6.6,99.0,1,0,2,0.25881904510252074,0.9659258262890683,23.4
2024-02-26 02:00:00,61.9,25.6,333.0,11.0,7.2,97.0,2,0,2,0.49999999999999994,0.8660254037844387,25.1
2024-02-26 03:00:00,61.9,24.9,351.0,13.3,8.1,99.0,3,0,2,0.7071067811865475,0.7071067811865476,25.6
2024-02-26 04:00:00,62.6,26.3,335.0,12.0,9.8,108.0,4,0,2,0.8660254037844386,0.5000000000000001,24.9
2024-02-26 05:00:00,59.5,22.3,301.0,8.8,11.8,120.0,5,0,2,0.9659258262890683,0.25881904510252074,26.3
2024-02-26 06:00:00,51.0,19.6,272.0,6.2,13.2,130.0,6,0,2,1.0,6.123233995736766e-17,22.3
2024-02-26 07:00:00,44.7,17.8,255.0,5.0,13.3,137.0,7,0,2,0.9659258262890683,-0.25881904510252063,19.6
2024-02-26 08:00:00,41.9,16.2,243.0,4.4,12.7,142.0,8,0,2,0.8660254037844387,-0.4999999999999998,17.8
2024-02-26 09:00:00,39.5,15.0,234.0,4.3,12.0,143.0,9,0,2,0.7071067811865476,-0.7071067811865475,16.2
2024-02-26 10:00:00,38.1,14.0,221.0,3.9,11.4,141.0,10,0,2,0.49999999999999994,-0.8660254037844387,15.0
2024-02-26 11:00:00,38.6,13.2,210.0,4.1,10.9,136.0,11,0,2,0.258819045102521,-0.9659258262890682,14.0
2024-02-26 12:00:00,32.6,14.1,234.0,7.1,11.7,126.0,12,0,2,1.2246467991473532e-16,-1.0,13.2
2024-02-26 13:00:00,44.0,18.7,273.0,10.2,11.8,118.0,13,0,2,-0.2588190451025208,-0.9659258262890683,14.1
2024-02-26 14:00:00,45.9,22.8,326.0,14.3,11.8,108.0,14,0,2,-0.4999999999999997,-0.8660254037844388,18.7
2024-02-26 15:00:00,51.1,26.0,361.0,16.4,11.7,100.0,15,0,2,-0.7071067811865471,-0.7071067811865479,22.8
2024-02-26 16:00:00,56.9,30.0,364.0,14.6,11.1,98.0,16,0,2,-0.8660254037844384,-0.5000000000000004,26.0
2024-02-26 17:00:00,60.8,33.3,349.0,10.7,10.4,98.0,17,0,2,-0.9659258262890683,-0.25881904510252063,30.0
2024-02-26 18:00:00,67.3,35.4,331.0,7.5,9.7,98.0,18,0,2,-1.0,-1.8369701987210297e-16,33.3
2024-02-26 19:00:00,78.0,38.5,312.0,5.8,9.2,97.0,19,0,2,-0.9659258262890684,0.2588190451025203,35.4
2024-02-26 20:00:00,85.0,39.8,291.0,4.8,8.8,97.0,20,0,2,-0.8660254037844386,0.5000000000000001,38.5
2024-02-26 21:00:00,89.9,41.7,274.0,4.0,8.6,97.0,21,0,2,-0.7071067811865477,0.7071067811865474,39.8
2024-02-26 22:00:00,88.9,40.9,262.0,3.2,8.7,98.0,22,0,2,-0.5000000000000004,0.8660254037844384,41.7
2024-02-26 23:00:00,87.8,39.8,255.0,2.7,9.0,99.0,23,0,2,-0.25881904510252157,0.9659258262890681,40.9
2024-02-27 00:00:00,89.4,40.6,269.0,3.4,10.1,98.0,0,1,2,0.0,1.0,39.8
2024-02-27 01:00:00,85.9,39.3,301.0,6.4,10.6,93.0,1,1,2,0.25881904510252074,0.9659258262890683,40.6
2024-02-27 02:00:00,79.9,38.3,345.0,10.3,11.4,87.0,2,1,2,0.49999999999999994,0.8660254037844387,39.3
2024-02-27 03:00:00,75.0,39.5,373.0,12.5,12.2,86.0,3,1,2,0.7071067811865475,0.7071067811865476,38.3
2024-02-27 04:00:00,77.3,40.9,371.0,11.1,13.3,94.0,4,1,2,0.8660254037844386,0.5000000000000001,39.5
2024-02-27 05:00:00,76.1,41.3,353.0,8.0,14.4,106.0,5,1,2,0.9659258262890683,0.25881904510252074,40.9
2024-02-27 06:00:00,75.0,41.3,336.0,5.5,15.1,118.0,6,1,2,1.0,6.123233995736766e-17,41.3
2024-02-27 07:00:00,75.9,40.6,323.0,4.5,15.0,127.0,7,1,2,0.9659258262890683,-0.25881904510252063,41.3
2024-02-27 08:00:00,76.8,39.3,309.0,4.1,14.4,135.0,8,1,2,0.8660254037844387,-0.4999999999999998,40.6
2024-02-27 09:00:00,76.1,37.3,301.0,4.2,14.0,140.0,9,1,2,0.7071067811865476,-0.7071067811865475,39.3
2024-02-27 10:00:00,74.0,35.2,297.0,4.6,14.0,140.0,10,1,2,0.49999999999999994,-0.8660254037844387,37.3
2024-02-27 11:00:00,72.6,34.5,297.0,5.4,14.2,137.0,11,1,2,0.258819045102521,-0.9659258262890682,35.2
2024-02-27 12:00:00,47.7,22.1,310.0,7.3,14.0,131.0,12,1,2,1.2246467991473532e-16,-1.0,34.5
2024-02-27 13:00:00,47.0,22.2,352.0,11.8,14.2,120.0,13,1,2,-0.2588190451025208,-0.9659258262890683,22.1
2024-02-27 14:00:00,44.6,23.7,409.0,17.8,14.4,104.0,14,1,2,-0.4999999999999997,-0.8660254037844388,22.2
2024-02-27 15:00:00,44.5,24.7,445.0,21.5,14.3,92.0,15,1,2,-0.7071067811865471,-0.7071067811865479,23.7
2024-02-27 16:00:00,44.0,24.7,441.0,20.8,13.7,88.0,16,1,2,-0.8660254037844384,-0.5000000000000004,24.7
2024-02-27 17:00:00,43.2,24.8,416.0,17.8,12.9,87.0,17,1,2,-0.9659258262890683,-0.25881904510252063,24.7
2024-02-27 18:00:00,42.4,25.0,389.0,14.6,12.0,89.0,18,1,2,-1.0,-1.8369701987210297e-16,24.8
2024-02-27 19:00:00,41.3,25.0,363.0,11.6,11.1,93.0,19,1,2,-0.9659258262890684,0.2588190451025203,25.0
2024-02-27 20:00:00,40.5,25.0,336.0,8.3,10.2,99.0,20,1,2,-0.8660254037844386,0.5000000000000001,25.0
2024-02-27 21:00:00,40.9,25.2,315.0,5.9,9.7,103.0,21,1,2,-0.7071067811865477,0.7071067811865474,25.0
2024-02-27 22:00:00,42.1,25.8,302.0,4.3,9.7,105.0,22,1,2,-0.5000000000000004,0.8660254037844384,25.2
2024-02-27 23:00:00,44.0,26.5,296.0,3.6,10.0,105.0,23,1,2,-0.25881904510252157,0.9659258262890681,25.8
2024-02-28 00:00:00,44.0,27.1,308.0,4.5,10.4,102.0,0,2,2,0.0,1.0,26.5
2024-02-28 01:00:00,47.3,28.1,351.0,8.5,10.7,96.0,1,2,2,0.25881904510252074,0.9659258262890683,27.1
2024-02-28 02:00:00,49.2,29.5,410.0,13.8,11.3,90.0,2,2,2,0.49999999999999994,0.8660254037844387,28.1
2024-02-28 03:00:00,52.3,31.2,442.0,16.7,12.0,89.0,3,2,2,0.7071067811865475,0.7071067811865476,29.5
2024-02-28 04:00:00,55.8,32.6,425.0,14.8,13.2,101.0,4,2,2,0.8660254037844386,0.5000000000000001,31.2
2024-02-28 05:00:00,61.2,32.6,382.0,10.5,14.7,119.0,5,2,2,0.9659258262890683,0.25881904510252074,32.6
2024-02-28 06:00:00,68.5,30.3,344.0,7.0,15.7,134.0,6,2,2,1.0,6.123233995736766e-17,32.6
2024-02-28 07:00:00,71.7,24.5,322.0,5.4,15.8,143.0,7,2,2,0.9659258262890683,-0.25881904510252063,30.3
2024-02-28 08:00:00,77.3,23.7,305.0,4.6,15.5,150.0,8,2,2,0.8660254037844387,-0.4999999999999998,24.5
2024-02-28 09:00:00,82.0,23.5,295.0,4.5,15.3,154.0,9,2,2,0.7071067811865476,-0.7071067811865475,23.7
2024-02-28 10:00:00,83.1,23.5,286.0,4.2,15.5,157.0,10,2,2,0.49999999999999994,-0.8660254037844387,23.5
2024-02-28 11:00:00,82.4,23.5,283.0,4.6,15.9,156.0,11,2,2,0.258819045102521,-0.9659258262890682,23.5
2024-02-28 12:00:00,92.0,25.1,326.0,8.4,16.2,147.0,12,2,2,1.2246467991473532e-16,-1.0,23.5
2024-02-28 13:00:00,88.2,25.1,421.0,18.8,16.5,125.0,13,2,2,-0.2588190451025208,-0.9659258262890683,25.1
2024-02-28 14:00:00,77.3,28.3,548.0,32.8,16.9,96.0,14,2,2,-0.4999999999999997,-0.8660254037844388,25.1
2024-02-28 15:00:00,72.4,30.9,624.0,41.2,16.9,74.0,15,2,2,-0.7071067811865471,-0.7071067811865479,28.3
2024-02-28 16:00:00,68.0,31.4,601.0,38.7,16.1,69.0,16,2,2,-0.8660254037844384,-0.5000000000000004,30.9
2024-02-28 17:00:00,63.3,30.3,525.0,30.5,14.8,72.0,17,2,2,-0.9659258262890683,-0.25881904510252063,31.4
2024-02-28 18:00:00,59.0,28.6,455.0,22.9,13.7,75.0,18,2,2,-1.0,-1.8369701987210297e-16,30.3
2024-02-28 19:00:00,55.5,27.2,408.0,17.9,13.0,77.0,19,2,2,-0.9659258262890684,0.2588190451025203,28.6
2024-02-28 20:00:00,52.5,25.9,365.0,13.6,12.6,79.0,20,2,2,-0.8660254037844386,0.5000000000000001,27.2
2024-02-28 21:00:00,50.9,24.9,333.0,10.3,12.1,81.0,21,2,2,-0.7071067811865477,0.7071067811865474,25.9
2024-02-28 22:00:00,49.5,24.2,306.0,7.7,11.5,82.0,22,2,2,-0.5000000000000004,0.8660254037844384,24.9
2024-02-28 23:00:00,48.2,23.7,289.0,6.1,10.8,83.0,23,2,2,-0.25881904510252157,0.9659258262890681,24.2
2024-02-29 00:00:00,46.2,23.6,300.0,7.1,10.2,82.0,0,3,2,0.0,1.0,23.7
2024-02-29 01:00:00,46.7,24.2,372.0,13.5,10.1,75.0,1,3,2,0.25881904510252074,0.9659258262890683,23.6
2024-02-29 02:00:00,48.8,25.6,470.0,22.0,10.1,66.0,2,3,2,0.49999999999999994,0.8660254037844387,24.2
2024-02-29 03:00:00,54.7,28.4,526.0,26.8,10.9,65.0,3,3,2,0.7071067811865475,0.7071067811865476,25.6
2024-02-29 04:00:00,61.5,31.2,503.0,24.3,13.5,81.0,4,3,2,0.8660254037844386,0.5000000000000001,28.4
2024-02-29 05:00:00,73.1,27.2,438.0,17.9,17.0,105.0,5,3,2,0.9659258262890683,0.25881904510252074,31.2
2024-02-29 06:00:00,89.9,21.5,379.0,12.4,19.4,126.0,6,3,2,1.0,6.123233995736766e-17,27.2
2024-02-29 07:00:00,92.9,21.1,338.0,9.0,19.7,140.0,7,3,2,0.9659258262890683,-0.25881904510252063,21.5
2024-02-29 08:00:00,84.1,20.9,303.0,6.4,18.9,151.0,8,3,2,0.8660254037844387,-0.4999999999999998,21.1
2024-02-29 09:00:00,75.2,20.3,282.0,5.0,17.7,157.0,9,3,2,0.7071067811865476,-0.7071067811865475,20.9
2024-02-29 10:00:00,69.2,19.8,274.0,4.6,16.2,157.0,10,3,2,0.49999999999999994,-0.8660254037844387,20.3
2024-02-29 11:00:00,63.8,19.2,279.0,5.4,14.3,151.0,11,3,2,0.258819045102521,-0.9659258262890682,19.8
2024-02-29 12:00:00,60.5,19.3,306.0,8.5,15.4,157.0,12,3,2,1.2246467991473532e-16,-1.0,19.2
2024-02-29 13:00:00,59.0,20.5,406.0,18.5,13.9,139.0,13,3,2,-0.2588190451025208,-0.9659258262890683,19.3
2024-02-29 14:00:00,58.1,24.4,540.0,32.1,11.9,114.0,14,3,2,-0.4999999999999997,-0.8660254037844388,20.5
2024-02-29 15:00:00,59.6,24.2,623.0,40.6,10.1,97.0,15,3,2,-0.7071067811865471,-0.7071067811865479,24.4
2024-02-29 16:00:00,61.0,23.5,603.0,39.0,8.9,94.0,16,3,2,-0.8660254037844384,-0.5000000000000004,24.2
2024-02-29 17:00:00,61.7,22.8,531.0,32.3,7.9,99.0,17,3,2,-0.9659258262890683,-0.25881904510252063,23.5
2024-02-29 18:00:00,61.5,22.2,472.0,26.5,7.3,102.0,18,3,2,-1.0,-1.8369701987210297e-16,22.8
2024-02-29 19:00:00,62.9,22.6,452.0,24.0,7.1,100.0,19,3,2,-0.9659258262890684,0.2588190451025203,22.2
2024-02-29 20:00:00,64.3,23.1,444.0,22.5,7.1,95.0,20,3,2,-0.8660254037844386,0.5000000000000001,22.6
2024-02-29 21:00:00,65.9,24.2,436.0,21.0,7.3,92.0,21,3,2,-0.7071067811865477,0.7071067811865474,23.1
2024-02-29 22:00:00,67.8,25.4,409.0,18.0,7.4,91.0,22,3,2,-0.5000000000000004,0.8660254037844384,24.2
2024-02-29 23:00:00,69.6,26.0,382.0,15.1,7.6,91.0,23,3,2,-0.25881904510252157,0.9659258262890681,25.4
2024-03-01 00:00:00,75.7,33.4,491.0,21.3,10.2,70.0,0,4,3,0.0,1.0,26.0
2024-03-01 01:00:00,78.7,34.3,702.0,37.1,11.6,51.0,1,4,3,0.25881904510252074,0.9659258262890683,33.4
2024-03-01 02:00:00,83.8,37.6,982.0,58.1,13.5,27.0,2,4,3,0.49999999999999994,0.8660254037844387,34.3
2024-03-01 03:00:00,96.4,47.6,1121.0,68.4,15.5,23.0,3,4,3,0.7071067811865475,0.7071067811865476,37.6
2024-03-01 04:00:00,95.9,45.6,984.0,57.7,18.0,59.0,4,4,3,0.8660254037844386,0.5000000000000001,47.6
2024-03-01 05:00:00,90.6,35.4,705.0,36.2,20.4,115.0,5,4,3,0.9659258262890683,0.25881904510252074,45.6
2024-03-01 06:00:00,90.3,32.4,477.0,18.9,20.7,155.0,6,4,3,1.0,6.123233995736766e-17,35.4
2024-03-01 07:00:00,81.3,29.6,376.0,11.5,16.9,162.0,7,4,3,0.9659258262890683,-0.25881904510252063,32.4
2024-03-01 08:00:00,75.9,30.5,325.0,8.2,10.9,152.0,8,4,3,0.8660254037844387,-0.4999999999999998,29.6
2024-03-01 09:00:00,71.5,30.3,289.0,6.6,6.2,138.0,9,4,3,0.7071067811865476,-0.7071067811865475,30.5
2024-03-01 10:00:00,53.6,24.0,257.0,6.3,4.4,121.0,10,4,3,0.49999999999999994,-0.8660254037844387,30.3
2024-03-01 11:00:00,32.8,14.7,239.0,7.6,3.8,99.0,11,4,3,0.258819045102521,-0.9659258262890682,24.0
2024-03-01 12:00:00,30.5,15.5,242.0,8.9,3.6,86.0,12,4,3,1.2246467991473532e-16,-1.0,14.7
2024-03-01 13:00:00,18.8,9.4,236.0,10.1,3.7,79.0,13,4,3,-0.2588190451025208,-0.9659258262890683,15.5
2024-03-01 14:00:00,19.2,7.7,227.0,11.7,3.9,68.0,14,4,3,-0.4999999999999997,-0.8660254037844388,9.4
2024-03-01 15:00:00,26.9,8.9,222.0,12.9,4.1,61.0,15,4,3,-0.7071067811865471,-0.7071067811865479,7.7
2024-03-01 16:00:00,41.0,12.1,224.0,13.6,4.2,59.0,16,4,3,-0.8660254037844384,-0.5000000000000004,8.9
2024-03-01 17:00:00,58.9,17.2,230.0,13.9,4.3,59.0,17,4,3,-0.9659258262890683,-0.25881904510252063,12.1
2024-03-01 18:00:00,71.5,21.7,231.0,13.6,4.3,60.0,18,4,3,-1.0,-1.8369701987210297e-16,17.2
2024-03-01 19:00:00,68.0,22.1,224.0,12.4,3.9,61.0,19,4,3,-0.9659258262890684,0.2588190451025203,21.7
2024-03-01 20:00:00,70.3,22.6,213.0,10.5,3.4,62.0,20,4,3,-0.8660254037844386,0.5000000000000001,22.1
2024-03-01 21:00:00,86.8,25.7,204.0,8.9,3.2,63.0,21,4,3,-0.7071067811865477,0.7071067811865474,22.6
2024-03-01 22:00:00,105.0,30.2,195.0,7.3,3.4,63.0,22,4,3,-0.5000000000000004,0.8660254037844384,25.7
2024-03-01 23:00:00,94.5,30.6,187.0,6.0,3.9,62.0,23,4,3,-0.25881904510252157,0.9659258262890681,30.2
2024-03-02 00:00:00,93.1,36.1,195.0,5.8,3.4,61.0,0,5,3,0.0,1.0,30.6
2024-03-02 01:00:00,68.5,28.7,223.0,8.0,5.4,55.0,1,5,3,0.25881904510252074,0.9659258262890683,36.1
2024-03-02 02:00:00,40.0,22.3,260.0,10.9,8.3,48.0,2,5,3,0.49999999999999994,0.8660254037844387,28.7
2024-03-02 03:00:00,19.2,14.6,281.0,12.3,10.4,48.0,3,5,3,0.7071067811865475,0.7071067811865476,22.3
2024-03-02 04:00:00,9.1,7.1,271.0,10.8,11.2,60.0,4,5,3,0.8660254037844386,0.5000000000000001,14.6
2024-03-02 05:00:00,8.7,4.9,244.0,7.8,11.3,79.0,5,5,3,0.9659258262890683,0.25881904510252074,7.1
2024-03-02 06:00:00,33.2,8.6,223.0,5.4,11.1,96.0,6,5,3,1.0,6.123233995736766e-17,4.9
2024-03-02 07:00:00,81.0,15.7,215.0,4.4,10.5,109.0,7,5,3,0.9659258262890683,-0.25881904510252063,8.6
2024-03-02 08:00:00,128.5,22.1,213.0,3.9,9.6,119.0,8,5,3,0.8660254037844387,-0.4999999999999998,15.7
2024-03-02 09:00:00,160.2,25.6,214.0,3.9,8.8,124.0,9,5,3,0.7071067811865476,-0.7071067811865475,22.1
2024-03-02 10:00:00,169.5,26.3,216.0,4.2,8.3,121.0,10,5,3,0.49999999999999994,-0.8660254037844387,25.6
2024-03-02 11:00:00,160.2,25.3,221.0,4.9,8.0,112.0,11,5,3,0.258819045102521,-0.9659258262890682,26.3
2024-03-02 12:00:00,130.4,21.4,233.0,5.9,7.2,106.0,12,5,3,1.2246467991473532e-16,-1.0,25.3
2024-03-02 13:00:00,99.9,18.9,254.0,8.5,6.4,98.0,13,5,3,-0.2588190451025208,-0.9659258262890683,21.4
2024-03-02 14:00:00,75.2,18.3,283.0,12.1,5.3,88.0,14,5,3,-0.4999999999999997,-0.8660254037844388,18.9
2024-03-02 15:00:00,76.8,19.5,302.0,14.7,4.7,80.0,15,5,3,-0.7071067811865471,-0.7071067811865479,18.3
2024-03-02 16:00:00,82.7,20.4,306.0,15.5,5.0,77.0,16,5,3,-0.8660254037844384,-0.5000000000000004,19.5
2024-03-02 17:00:00,76.4,19.4,300.0,15.3,5.8,77.0,17,5,3,-0.9659258262890683,-0.25881904510252063,20.4
2024-03-02 18:00:00,64.3,18.0,289.0,14.5,7.0,77.0,18,5,3,-1.0,-1.8369701987210297e-16,19.4
2024-03-02 19:00:00,59.0,17.4,269.0,12.8,8.7,78.0,19,5,3,-0.9659258262890684,0.2588190451025203,18.0
2024-03-02 20:00:00,64.5,18.5,242.0,10.3,10.7,79.0,20,5,3,-0.8660254037844386,0.5000000000000001,17.4
2024-03-02 21:00:00,75.7,20.1,221.0,8.4,12.1,80.0,21,5,3,-0.7071067811865477,0.7071067811865474,18.5
2024-03-02 22:00:00,90.6,22.5,204.0,6.9,12.4,80.0,22,5,3,-0.5000000000000004,0.8660254037844384,20.1
2024-03-02 23:00:00,112.5,26.5,193.0,5.8,12.0,80.0,23,5,3,-0.25881904510252157,0.9659258262890681,22.5
2024-03-03 00:00:00,159.7,38.4,200.0,6.0,9.7,78.0,0,6,3,0.0,1.0,26.5
2024-03-03 01:00:00,188.6,45.3,245.0,10.0,9.6,73.0,1,6,3,0.25881904510252074,0.9659258262890683,38.4
2024-03-03 02:00:00,201.2,50.4,305.0,15.4,9.5,67.0,2,6,3,0.49999999999999994,0.8660254037844387,45.3
2024-03-03 03:00:00,200.2,53.9,339.0,18.2,9.6,66.0,3,6,3,0.7071067811865475,0.7071067811865476,50.4
2024-03-03 04:00:00,246.8,56.7,321.0,16.0,10.0,74.0,4,6,3,0.8660254037844386,0.5000000000000001,53.9
2024-03-03 05:00:00,219.8,53.8,276.0,11.3,10.5,87.0,5,6,3,0.9659258262890683,0.25881904510252074,56.7
2024-03-03 06:00:00,177.4,47.6,238.0,7.6,10.9,98.0,6,6,3,1.0,6.123233995736766e-17,53.8
2024-03-03 07:00:00,144.8,41.3,219.0,6.1,11.2,106.0,7,6,3,0.9659258262890683,-0.25881904510252063,47.6
2024-03-03 08:00:00,117.8,35.2,208.0,5.6,11.4,114.0,8,6,3,0.8660254037844387,-0.4999999999999998,41.3
2024-03-03 09:00:00,98.3,30.7,201.0,5.5,11.6,118.0,9,6,3,0.7071067811865476,-0.7071067811865475,35.2
2024-03-03 10:00:00,87.3,28.0,196.0,5.6,12.0,119.0,10,6,3,0.49999999999999994,-0.8660254037844387,30.7
2024-03-03 11:00:00,85.4,27.1,197.0,6.1,12.4,118.0,11,6,3,0.258819045102521,-0.9659258262890682,28.0
2024-03-03 12:00:00,78.0,24.4,224.0,7.8,12.1,114.0,12,6,3,1.2246467991473532e-16,-1.0,27.1
2024-03-03 13:00:00,80.6,24.9,254.0,11.6,11.5,104.0,13,6,3,-0.2588190451025208,-0.9659258262890683,24.4
2024-03-03 14:00:00,77.5,26.7,296.0,17.0,10.6,89.0,14,6,3,-0.4999999999999997,-0.8660254037844388,24.9
2024-03-03 15:00:00,76.4,28.3,332.0,21.4,9.6,77.0,15,6,3,-0.7071067811865471,-0.7071067811865479,26.7
2024-03-03 16:00:00,75.9,29.4,356.0,24.2,8.6,69.0,16,6,3,-0.8660254037844384,-0.5000000000000004,28.3
2024-03-03 17:00:00,77.5,31.0,374.0,26.1,7.6,63.0,17,6,3,-0.9659258262890683,-0.25881904510252063,29.4
2024-03-03 18:00:00,84.3,33.2,384.0,27.0,6.7,58.0,18,6,3,-1.0,-1.8369701987210297e-16,31.0
2024-03-03 19:00:00,90.3,35.2,386.0,26.8,6.0,55.0,19,6,3,-0.9659258262890684,0.2588190451025203,33.2
2024-03-03 20:00:00,94.3,35.7,380.0,25.7,5.5,54.0,20,6,3,-0.8660254037844386,0.5000000000000001,35.2
2024-03-03 21:00:00,92.7,35.2,367.0,24.0,5.2,52.0,21,6,3,-0.7071067811865477,0.7071067811865474,35.7
2024-03-03 22:00:00,86.1,33.6,326.0,20.8,5.2,49.0,22,6,3,-0.5000000000000004,0.8660254037844384,35.2
2024-03-03 23:00:00,78.7,31.8,278.0,17.0,5.5,46.0,23,6,3,-0.25881904510252157,0.9659258262890681,33.6
2024-03-04 00:00:00,74.5,31.4,310.0,17.9,5.8,42.0,0,0,3,0.0,1.0,31.8
2024-03-04 01:00:00,68.5,30.2,505.0,23.8,6.1,31.0,1,0,3,0.25881904510252074,0.9659258262890683,31.4
2024-03-04 02:00:00,66.1,31.3,767.0,31.6,6.7,16.0,2,0,3,0.49999999999999994,0.8660254037844387,30.2
2024-03-04 03:00:00,72.6,37.5,904.0,35.7,9.1,15.0,3,0,3,0.7071067811865475,0.7071067811865476,31.3
2024-03-04 04:00:00,90.3,38.6,796.0,32.8,15.3,39.0,4,0,3,0.8660254037844386,0.5000000000000001,37.5
2024-03-04 05:00:00,87.5,30.9,564.0,26.2,23.3,77.0,5,0,3,0.9659258262890683,0.25881904510252074,38.6
2024-03-04 06:00:00,81.3,24.6,378.0,20.0,28.7,109.0,6,0,3,1.0,6.123233995736766e-17,30.9
2024-03-04 07:00:00,82.7,22.9,308.0,15.4,29.3,127.0,7,0,3,0.9659258262890683,-0.25881904510252063,24.6
2024-03-04 08:00:00,79.4,23.2,284.0,11.2,27.3,138.0,8,0,3,0.8660254037844387,-0.4999999999999998,22.9
2024-03-04 09:00:00,76.8,23.5,273.0,8.5,25.3,146.0,9,0,3,0.7071067811865476,-0.7071067811865475,23.2
2024-03-04 10:00:00,75.7,23.9,265.0,7.6,24.3,153.0,10,0,3,0.49999999999999994,-0.8660254037844387,23.5
2024-03-04 11:00:00,75.7,24.2,270.0,8.2,23.2,156.0,11,0,3,0.258819045102521,-0.9659258262890682,23.9
2024-03-04 12:00:00,86.8,28.1,286.0,10.4,27.1,153.0,12,0,3,1.2246467991473532e-16,-1.0,24.2
2024-03-04 13:00:00,85.7,27.8,307.0,13.4,23.9,138.0,13,0,3,-0.2588190451025208,-0.9659258262890683,28.1
2024-03-04 14:00:00,81.3,27.1,339.0,17.7,19.5,118.0,14,0,3,-0.4999999999999997,-0.8660254037844388,27.8
2024-03-04 15:00:00,76.6,26.8,377.0,22.7,15.8,98.0,15,0,3,-0.7071067811865471,-0.7071067811865479,27.1
2024-03-04 16:00:00,73.6,26.4,427.0,28.8,13.6,81.0,16,0,3,-0.8660254037844384,-0.5000000000000004,26.8
2024-03-04 17:00:00,71.5,26.9,484.0,35.5,12.1,65.0,17,0,3,-0.9659258262890683,-0.25881904510252063,26.4
2024-03-04 18:00:00,67.1,28.6,532.0,40.5,11.3,52.0,18,0,3,-1.0,-1.8369701987210297e-16,26.9
2024-03-04 19:00:00,63.3,29.6,574.0,43.7,11.4,42.0,19,0,3,-0.9659258262890684,0.2588190451025203,28.6
2024-03-04 20:00:00,59.1,29.9,607.0,45.3,12.2,34.0,20,0,3,-0.8660254037844386,0.5000000000000001,29.6
2024-03-04 21:00:00,57.2,30.7,602.0,43.3,12.6,32.0,21,0,3,-0.7071067811865477,0.7071067811865474,29.9
2024-03-04 22:00:00,55.6,30.5,525.0,34.8,12.2,37.0,22,0,3,-0.5000000000000004,0.8660254037844384,30.7
2024-03-04 23:00:00,51.9,27.6,411.0,22.8,11.4,48.0,23,0,3,-0.25881904510252157,0.9659258262890681,30.5
2024-03-05 00:00:00,51.8,27.9,434.0,22.9,12.6,42.0,0,1,3,0.0,1.0,27.6
2024-03-05 01:00:00,48.5,23.9,448.0,23.5,10.9,45.0,1,1,3,0.25881904510252074,0.9659258262890683,27.9
2024-03-05 02:00:00,45.4,21.2,465.0,24.2,8.7,49.0,2,1,3,0.49999999999999994,0.8660254037844387,23.9
2024-03-05 03:00:00,43.0,22.3,458.0,22.9,7.9,58.0,3,1,3,0.7071067811865475,0.7071067811865476,21.2
2024-03-05 04:00:00,43.2,21.9,403.0,17.9,9.9,75.0,4,1,3,0.8660254037844386,0.5000000000000001,22.3
2024-03-05 05:00:00,42.3,20.4,324.0,11.1,13.3,98.0,5,1,3,0.9659258262890683,0.25881904510252074,21.9
2024-03-05 06:00:00,43.0,16.1,265.0,6.0,15.8,116.0,6,1,3,1.0,6.123233995736766e-17,20.4
2024-03-05 07:00:00,46.3,16.9,247.0,4.2,16.3,128.0,7,1,3,0.9659258262890683,-0.25881904510252063,16.1
2024-03-05 08:00:00,46.6,18.1,249.0,4.0,15.8,136.0,8,1,3,0.8660254037844387,-0.4999999999999998,16.9
2024-03-05 09:00:00,44.9,18.5,255.0,4.5,15.6,141.0,9,1,3,0.7071067811865476,-0.7071067811865475,18.1
2024-03-05 10:00:00,43.1,18.6,254.0,4.6,16.0,145.0,10,1,3,0.49999999999999994,-0.8660254037844387,18.5
2024-03-05 11:00:00,41.3,18.5,257.0,5.4,16.7,146.0,11,1,3,0.258819045102521,-0.9659258262890682,18.6
2024-03-05 12:00:00,43.8,17.3,278.0,8.8,16.2,135.0,12,1,3,1.2246467991473532e-16,-1.0,18.5
2024-03-05 13:00:00,43.2,17.5,318.0,13.5,17.5,124.0,13,1,3,-0.2588190451025208,-0.9659258262890683,17.3
2024-03-05 14:00:00,41.2,17.6,374.0,20.1,19.3,108.0,14,1,3,-0.4999999999999997,-0.8660254037844388,17.5
2024-03-05 15:00:00,41.7,20.7,426.0,26.0,20.1,93.0,15,1,3,-0.7071067811865471,-0.7071067811865479,17.6
2024-03-05 16:00:00,41.7,23.8,473.0,31.1,19.2,78.0,16,1,3,-0.8660254037844384,-0.5000000000000004,20.7
2024-03-05 17:00:00,38.9,23.7,515.0,35.4,17.5,63.0,17,1,3,-0.9659258262890683,-0.25881904510252063,23.8
2024-03-05 18:00:00,36.6,22.6,530.0,36.6,15.7,53.0,18,1,3,-1.0,-1.8369701987210297e-16,23.7
2024-03-05 19:00:00,35.0,21.4,498.0,32.5,14.2,51.0,19,1,3,-0.9659258262890684,0.2588190451025203,22.6
2024-03-05 20:00:00,34.5,20.4,438.0,25.3,12.7,55.0,20,1,3,-0.8660254037844386,0.5000000000000001,21.4
2024-03-05 21:00:00,34.3,19.6,387.0,19.4,11.4,57.0,21,1,3,-0.7071067811865477,0.7071067811865474,20.4
2024-03-05 22:00:00,34.2,19.2,347.0,15.6,10.4,57.0,22,1,3,-0.5000000000000004,0.8660254037844384,19.6
2024-03-05 23:00:00,33.9,18.9,317.0,13.1,9.7,55.0,23,1,3,-0.25881904510252157,0.9659258262890681,19.2
2024-03-06 00:00:00,32.1,18.3,317.0,11.8,8.4,64.0,0,2,3,0.0,1.0,18.9
2024-03-06 01:00:00,32.0,18.2,393.0,18.2,7.7,58.0,1,2,3,0.25881904510252074,0.9659258262890683,18.3
2024-03-06 02:00:00,34.1,19.4,494.0,26.8,7.0,52.0,2,2,3,0.49999999999999994,0.8660254037844387,18.2
2024-03-06 03:00:00,39.2,22.1,544.0,30.9,8.2,53.0,3,2,3,0.7071067811865475,0.7071067811865476,19.4
2024-03-06 04:00:00,44.2,22.2,491.0,26.3,13.1,69.0,4,2,3,0.8660254037844386,0.5000000000000001,22.1
2024-03-06 05:00:00,50.9,19.2,387.0,17.3,19.9,93.0,5,2,3,0.9659258262890683,0.25881904510252074,22.2
2024-03-06 06:00:00,66.8,19.7,309.0,10.3,25.0,116.0,6,2,3,1.0,6.123233995736766e-17,19.2
2024-03-06 07:00:00,71.0,21.4,292.0,7.8,27.1,135.0,7,2,3,0.9659258262890683,-0.25881904510252063,19.7
2024-03-06 08:00:00,74.7,23.4,301.0,7.3,27.6,153.0,8,2,3,0.8660254037844387,-0.4999999999999998,21.4
2024-03-06 09:00:00,76.6,25.0,312.0,7.4,27.2,166.0,9,2,3,0.7071067811865476,-0.7071067811865475,23.4
2024-03-06 10:00:00,76.6,25.8,318.0,7.8,25.8,174.0,10,2,3,0.49999999999999994,-0.8660254037844387,25.0
2024-03-06 11:00:00,74.3,25.8,327.0,8.9,23.5,177.0,11,2,3,0.258819045102521,-0.9659258262890682,25.8
2024-03-06 12:00:00,57.2,21.2,304.0,9.1,16.9,168.0,12,2,3,1.2246467991473532e-16,-1.0,25.8
2024-03-06 13:00:00,52.0,19.9,311.0,10.6,15.3,157.0,13,2,3,-0.2588190451025208,-0.9659258262890683,21.2
2024-03-06 14:00:00,48.7,20.9,320.0,12.8,13.0,143.0,14,2,3,-0.4999999999999997,-0.8660254037844388,19.9
2024-03-06 15:00:00,46.9,20.7,325.0,14.4,11.2,130.0,15,2,3,-0.7071067811865471,-0.7071067811865479,20.9
2024-03-06 16:00:00,45.8,20.4,325.0,15.1,10.5,122.0,16,2,3,-0.8660254037844384,-0.5000000000000004,20.7
2024-03-06 17:00:00,45.4,20.6,322.0,15.4,10.3,116.0,17,2,3,-0.9659258262890683,-0.25881904510252063,20.4
2024-03-06 18:00:00,46.0,21.4,314.0,15.1,9.9,110.0,18,2,3,-1.0,-1.8369701987210297e-16,20.6
2024-03-06 19:00:00,46.9,22.0,300.0,14.1,9.0,104.0,19,2,3,-0.9659258262890684,0.2588190451025203,21.4
2024-03-06 20:00:00,45.6,21.6,281.0,12.7,7.9,98.0,20,2,3,-0.8660254037844386,0.5000000000000001,22.0
2024-03-06 21:00:00,42.8,20.4,263.0,11.3,7.0,92.0,21,2,3,-0.7071067811865477,0.7071067811865474,21.6
2024-03-06 22:00:00,39.0,18.9,231.0,9.0,6.2,88.0,22,2,3,-0.5000000000000004,0.8660254037844384,20.4
2024-03-06 23:00:00,35.7,17.5,200.0,6.7,5.6,85.0,23,2,3,-0.25881904510252157,0.9659258262890681,18.9
2024-03-07 00:00:00,36.2,16.7,212.0,7.9,5.5,81.0,0,3,3,0.0,1.0,17.5
2024-03-07 01:00:00,35.7,16.9,355.0,19.0,6.2,66.0,1,3,3,0.25881904510252074,0.9659258262890683,16.7
2024-03-07 02:00:00,38.3,18.9,547.0,33.8,7.3,46.0,2,3,3,0.49999999999999994,0.8660254037844387,16.9
2024-03-07 03:00:00,47.0,24.5,651.0,41.5,9.4,39.0,3,3,3,0.7071067811865475,0.7071067811865476,18.9
2024-03-07 04:00:00,56.0,23.1,581.0,35.4,13.8,58.0,4,3,3,0.8660254037844386,0.5000000000000001,24.5
2024-03-07 05:00:00,80.1,24.0,424.0,22.2,19.2,90.0,5,3,3,0.9659258262890683,0.25881904510252074,23.1
2024-03-07 06:00:00,91.5,25.0,300.0,11.6,22.4,118.0,6,3,3,1.0,6.123233995736766e-17,24.0
2024-03-07 07:00:00,87.5,24.2,260.0,7.4,21.4,137.0,7,3,3,0.9659258262890683,-0.25881904510252063,25.0
2024-03-07 08:00:00,81.0,23.8,255.0,5.8,18.1,151.0,8,3,3,0.8660254037844387,-0.4999999999999998,24.2
2024-03-07 09:00:00,75.7,23.6,255.0,5.3,15.6,160.0,9,3,3,0.7071067811865476,-0.7071067811865475,23.8
2024-03-07 10:00:00,72.6,23.7,251.0,5.5,15.2,162.0,10,3,3,0.49999999999999994,-0.8660254037844387,23.6
2024-03-07 11:00:00,70.8,23.7,254.0,6.7,15.5,157.0,11,3,3,0.258819045102521,-0.9659258262890682,23.7
2024-03-07 12:00:00,78.0,24.9,276.0,8.4,14.3,146.0,12,3,3,1.2246467991473532e-16,-1.0,23.7
2024-03-07 13:00:00,78.0,25.6,305.0,13.3,12.8,125.0,13,3,3,-0.2588190451025208,-0.9659258262890683,24.9
2024-03-07 14:00:00,71.2,26.0,344.0,20.0,10.6,97.0,14,3,3,-0.4999999999999997,-0.8660254037844388,25.6
2024-03-07 15:00:00,65.7,24.9,371.0,24.8,8.8,75.0,15,3,3,-0.7071067811865471,-0.7071067811865479,26.0
2024-03-07 16:00:00,58.9,23.5,366.0,25.2,7.5,67.0,16,3,3,-0.8660254037844384,-0.5000000000000004,24.9
2024-03-07 17:00:00,55.5,21.5,348.0,23.8,6.5,66.0,17,3,3,-0.9659258262890683,-0.25881904510252063,23.5
2024-03-07 18:00:00,51.7,21.4,352.0,24.4,6.0,63.0,18,3,3,-1.0,-1.8369701987210297e-16,21.5
2024-03-07 19:00:00,51.5,23.6,405.0,30.0,6.2,52.0,19,3,3,-0.9659258262890684,0.2588190451025203,21.4
2024-03-07 20:00:00,51.2,26.2,481.0,37.6,7.0,39.0,20,3,3,-0.8660254037844386,0.5000000000000001,23.6
2024-03-07 21:00:00,51.0,27.9,533.0,42.4,7.7,29.0,21,3,3,-0.7071067811865477,0.7071067811865474,26.2
2024-03-07 22:00:00,51.8,29.0,528.0,41.5,8.2,24.0,22,3,3,-0.5000000000000004,0.8660254037844384,27.9
2024-03-07 23:00:00,52.4,29.3,500.0,37.9,8.8,23.0,23,3,3,-0.25881904510252157,0.9659258262890681,29.0
2024-03-08 00:00:00,47.3,26.5,416.0,28.5,8.3,30.0,0,4,3,0.0,1.0,29.3
2024-03-08 01:00:00,48.1,27.0,622.0,33.9,8.8,22.0,1,4,3,0.25881904510252074,0.9659258262890683,26.5
2024-03-08 02:00:00,51.5,29.5,896.0,40.8,9.6,13.0,2,4,3,0.49999999999999994,0.8660254037844387,27.0
2024-03-08 03:00:00,61.9,36.1,1026.0,42.7,12.1,19.0,3,4,3,0.7071067811865475,0.7071067811865476,29.5
2024-03-08 04:00:00,67.3,34.7,872.0,34.6,17.9,54.0,4,4,3,0.8660254037844386,0.5000000000000001,36.1
2024-03-08 05:00:00,58.9,28.3,576.0,21.5,25.3,104.0,5,4,3,0.9659258262890683,0.25881904510252074,34.7
2024-03-08 06:00:00,51.1,23.6,347.0,11.2,30.0,143.0,6,4,3,1.0,6.123233995736766e-17,28.3
2024-03-08 07:00:00,48.7,21.4,276.0,7.1,29.6,160.0,7,4,3,0.9659258262890683,-0.25881904510252063,23.6
2024-03-08 08:00:00,48.7,21.7,273.0,5.9,26.4,166.0,8,4,3,0.8660254037844387,-0.4999999999999998,21.4
2024-03-08 09:00:00,49.5,22.3,283.0,5.7,23.8,170.0,9,4,3,0.7071067811865476,-0.7071067811865475,21.7
2024-03-08 10:00:00,51.3,23.3,288.0,5.9,23.0,178.0,10,4,3,0.49999999999999994,-0.8660254037844387,22.3
2024-03-08 11:00:00,53.0,24.5,305.0,7.2,22.6,185.0,11,4,3,0.258819045102521,-0.9659258262890682,23.3
2024-03-08 12:00:00,62.2,28.1,315.0,8.5,21.3,181.0,12,4,3,1.2246467991473532e-16,-1.0,24.5
2024-03-08 13:00:00,63.3,29.3,362.0,13.2,19.7,167.0,13,4,3,-0.2588190451025208,-0.9659258262890683,28.1
2024-03-08 14:00:00,65.7,32.2,427.0,19.7,17.4,147.0,14,4,3,-0.4999999999999997,-0.8660254037844388,29.3
2024-03-08 15:00:00,66.1,33.2,478.0,25.0,15.6,129.0,15,4,3,-0.7071067811865471,-0.7071067811865479,32.2
2024-03-08 16:00:00,65.0,33.1,489.0,26.9,14.6,116.0,16,4,3,-0.8660254037844384,-0.5000000000000004,33.2
2024-03-08 17:00:00,65.4,32.9,486.0,27.5,14.1,105.0,17,4,3,-0.9659258262890683,-0.25881904510252063,33.1
2024-03-08 18:00:00,66.6,34.5,517.0,31.1,13.8,91.0,18,4,3,-1.0,-1.8369701987210297e-16,32.9
2024-03-08 19:00:00,68.7,38.2,632.0,42.1,13.8,69.0,19,4,3,-0.9659258262890684,0.2588190451025203,34.5
2024-03-08 20:00:00,77.1,46.3,781.0,56.0,14.1,43.0,20,4,3,-0.8660254037844386,0.5000000000000001,38.2
2024-03-08 21:00:00,76.8,47.5,863.0,62.9,14.3,26.0,21,4,3,-0.7071067811865477,0.7071067811865474,46.3
2024-03-08 22:00:00,73.6,45.4,813.0,56.2,14.1,23.0,22,4,3,-0.5000000000000004,0.8660254037844384,47.5
2024-03-08 23:00:00,68.2,41.6,696.0,42.5,13.8,29.0,23,4,3,-0.25881904510252157,0.9659258262890681,45.4
2024-03-09 00:00:00,66.6,39.6,659.0,36.4,14.3,32.0,0,5,3,0.0,1.0,41.6
2024-03-09 01:00:00,60.8,35.2,687.0,37.9,14.8,32.0,1,5,3,0.25881904510252074,0.9659258262890683,39.6
2024-03-09 02:00:00,56.9,32.2,719.0,39.5,15.6,33.0,2,5,3,0.49999999999999994,0.8660254037844387,35.2
2024-03-09 03:00:00,56.0,31.2,704.0,37.8,16.7,43.0,3,5,3,0.7071067811865475,0.7071067811865476,32.2
2024-03-09 04:00:00,54.9,30.0,595.0,29.6,18.8,70.0,4,5,3,0.8660254037844386,0.5000000000000001,31.2
2024-03-09 05:00:00,52.9,26.5,437.0,18.1,21.3,106.0,5,5,3,0.9659258262890683,0.25881904510252074,30.0
2024-03-09 06:00:00,44.1,20.1,318.0,9.2,22.6,135.0,6,5,3,1.0,6.123233995736766e-17,26.5
2024-03-09 07:00:00,44.1,19.3,275.0,5.5,21.4,148.0,7,5,3,0.9659258262890683,-0.25881904510252063,20.1
2024-03-09 08:00:00,46.4,20.5,270.0,4.6,19.0,154.0,8,5,3,0.8660254037844387,-0.4999999999999998,19.3
2024-03-09 09:00:00,46.9,21.0,275.0,4.6,17.3,158.0,9,5,3,0.7071067811865476,-0.7071067811865475,20.5
2024-03-09 10:00:00,47.1,21.4,275.0,4.9,17.4,162.0,10,5,3,0.49999999999999994,-0.8660254037844387,21.0
2024-03-09 11:00:00,47.1,21.8,285.0,6.3,18.3,164.0,11,5,3,0.258819045102521,-0.9659258262890682,21.4
2024-03-09 12:00:00,65.7,30.3,319.0,9.5,19.1,160.0,12,5,3,1.2246467991473532e-16,-1.0,21.8
2024-03-09 13:00:00,64.7,30.2,370.0,13.9,17.8,150.0,13,5,3,-0.2588190451025208,-0.9659258262890683,30.3
2024-03-09 14:00:00,65.4,32.4,443.0,20.2,15.9,136.0,14,5,3,-0.4999999999999997,-0.8660254037844388,30.2
2024-03-09 15:00:00,64.0,32.8,517.0,26.5,14.6,122.0,15,5,3,-0.7071067811865471,-0.7071067811865479,32.4
2024-03-09 16:00:00,63.8,33.3,585.0,32.5,14.1,110.0,16,5,3,-0.8660254037844384,-0.5000000000000004,32.8
2024-03-09 17:00:00,66.1,35.4,654.0,38.6,14.1,98.0,17,5,3,-0.9659258262890683,-0.25881904510252063,33.3
2024-03-09 18:00:00,70.8,39.6,719.0,43.6,14.4,87.0,18,5,3,-1.0,-1.8369701987210297e-16,35.4
2024-03-09 19:00:00,81.0,46.8,792.0,48.2,15.1,75.0,19,5,3,-0.9659258262890684,0.2588190451025203,39.6
2024-03-09 20:00:00,88.5,52.3,861.0,51.9,16.0,63.0,20,5,3,-0.8660254037844386,0.5000000000000001,46.8
2024-03-09 21:00:00,89.4,53.3,886.0,51.7,16.8,56.0,21,5,3,-0.7071067811865477,0.7071067811865474,52.3
2024-03-09 22:00:00,86.6,51.5,822.0,43.7,17.0,56.0,22,5,3,-0.5000000000000004,0.8660254037844384,53.3
2024-03-09 23:00:00,83.8,49.2,715.0,31.9,17.0,60.0,23,5,3,-0.25881904510252157,0.9659258262890681,51.5
2024-03-10 00:00:00,91.0,56.3,952.0,61.2,15.4,19.0,0,6,3,0.0,1.0,49.2
2024-03-10 01:00:00,87.1,53.6,1012.0,64.6,16.6,15.0,1,6,3,0.25881904510252074,0.9659258262890683,56.3
2024-03-10 02:00:00,85.2,52.2,1085.0,68.5,18.3,11.0,2,6,3,0.49999999999999994,0.8660254037844387,53.6
2024-03-10 03:00:00,87.5,53.3,1071.0,66.0,20.6,21.0,3,6,3,0.7071067811865475,0.7071067811865476,52.2
2024-03-10 04:00:00,88.2,53.0,887.0,50.9,24.2,59.0,4,6,3,0.8660254037844386,0.5000000000000001,53.3
2024-03-10 05:00:00,84.3,44.5,616.0,29.3,28.3,111.0,5,6,3,0.9659258262890683,0.25881904510252074,53.0
2024-03-10 06:00:00,89.9,37.7,406.0,13.2,30.7,147.0,6,6,3,1.0,6.123233995736766e-17,44.5
2024-03-10 07:00:00,80.6,33.9,322.0,7.9,29.9,151.0,7,6,3,0.9659258262890683,-0.25881904510252063,37.7
2024-03-10 08:00:00,78.9,32.0,299.0,8.0,27.4,139.0,8,6,3,0.8660254037844387,-0.4999999999999998,33.9
2024-03-10 09:00:00,90.6,32.9,294.0,9.0,25.6,129.0,9,6,3,0.7071067811865476,-0.7071067811865475,32.0
2024-03-10 10:00:00,98.5,33.9,283.0,8.2,25.7,132.0,10,6,3,0.49999999999999994,-0.8660254037844387,32.9
2024-03-10 11:00:00,95.0,33.2,289.0,8.4,26.5,137.0,11,6,3,0.258819045102521,-0.9659258262890682,33.9
2024-03-10 12:00:00,120.6,40.7,376.0,17.6,28.0,124.0,12,6,3,1.2246467991473532e-16,-1.0,33.2
2024-03-10 13:00:00,117.6,41.2,434.0,23.5,28.0,114.0,13,6,3,-0.2588190451025208,-0.9659258262890683,40.7
2024-03-10 14:00:00,111.8,41.9,512.0,31.6,27.8,99.0,14,6,3,-0.4999999999999997,-0.8660254037844388,41.2
2024-03-10 15:00:00,98.7,42.5,566.0,36.9,27.0,87.0,15,6,3,-0.7071067811865471,-0.7071067811865479,41.9
2024-03-10 16:00:00,88.5,41.6,577.0,37.3,25.1,80.0,16,6,3,-0.8660254037844384,-0.5000000000000004,42.5
2024-03-10 17:00:00,80.8,40.0,563.0,34.9,22.6,76.0,17,6,3,-0.9659258262890683,-0.25881904510252063,41.6
2024-03-10 18:00:00,75.4,38.1,531.0,31.2,19.8,74.0,18,6,3,-1.0,-1.8369701987210297e-16,40.0
2024-03-10 19:00:00,72.4,35.0,472.0,25.8,16.8,77.0,19,6,3,-0.9659258262890684,0.2588190451025203,38.1
2024-03-10 20:00:00,69.4,31.1,395.0,19.1,13.6,82.0,20,6,3,-0.8660254037844386,0.5000000000000001,35.0
2024-03-10 21:00:00,67.8,28.1,331.0,13.7,10.9,85.0,21,6,3,-0.7071067811865477,0.7071067811865474,31.1
2024-03-10 22:00:00,66.4,25.7,279.0,9.8,8.6,85.0,22,6,3,-0.5000000000000004,0.8660254037844384,28.1
2024-03-10 23:00:00,64.5,23.8,240.0,7.2,6.8,83.0,23,6,3,-0.25881904510252157,0.9659258262890681,25.7
2024-03-11 00:00:00,62.2,22.8,245.0,7.9,6.4,81.0,0,0,3,0.0,1.0,23.8
2024-03-11 01:00:00,61.2,22.3,342.0,16.3,7.0,70.0,1,0,3,0.25881904510252074,0.9659258262890683,22.8
2024-03-11 02:00:00,60.3,23.4,471.0,27.6,7.9,56.0,2,0,3,0.49999999999999994,0.8660254037844387,22.3
2024-03-11 03:00:00,63.3,26.5,538.0,33.1,8.6,52.0,3,0,3,0.7071067811865475,0.7071067811865476,23.4
2024-03-11 04:00:00,68.5,24.3,482.0,27.4,9.3,68.0,4,0,3,0.8660254037844386,0.5000000000000001,26.5
2024-03-11 05:00:00,60.3,21.1,364.0,16.1,9.9,95.0,5,0,3,0.9659258262890683,0.25881904510252074,24.3
2024-03-11 06:00:00,50.3,18.6,269.0,7.2,9.8,114.0,6,0,3,1.0,6.123233995736766e-17,21.1
2024-03-11 07:00:00,44.1,16.8,230.0,4.0,8.3,118.0,7,0,3,0.9659258262890683,-0.25881904510252063,18.6
2024-03-11 08:00:00,38.9,14.3,215.0,3.3,6.1,114.0,8,0,3,0.8660254037844387,-0.4999999999999998,16.8
2024-03-11 09:00:00,40.5,14.6,210.0,3.5,4.6,109.0,9,0,3,0.7071067811865476,-0.7071067811865475,14.3
2024-03-11 10:00:00,42.1,15.4,212.0,4.2,4.5,104.0,10,0,3,0.49999999999999994,-0.8660254037844387,14.6
2024-03-11 11:00:00,43.0,16.1,224.0,5.7,5.2,99.0,11,0,3,0.258819045102521,-0.9659258262890682,15.4
2024-03-11 12:00:00,43.3,17.2,242.0,7.8,6.0,99.0,12,0,3,1.2246467991473532e-16,-1.0,16.1
2024-03-11 13:00:00,45.5,19.0,274.0,11.4,6.5,95.0,13,0,3,-0.2588190451025208,-0.9659258262890683,17.2
2024-03-11 14:00:00,51.7,23.1,318.0,16.3,7.1,89.0,14,0,3,-0.4999999999999997,-0.8660254037844388,19.0
2024-03-11 15:00:00,57.3,26.3,352.0,20.2,7.6,83.0,15,0,3,-0.7071067811865471,-0.7071067811865479,23.1
2024-03-11 16:00:00,59.6,27.8,369.0,22.2,7.8,79.0,16,0,3,-0.8660254037844384,-0.5000000000000004,26.3
2024-03-11 17:00:00,59.8,28.6,377.0,23.2,7.8,75.0,17,0,3,-0.9659258262890683,-0.25881904510252063,27.8
2024-03-11 18:00:00,58.9,28.5,375.0,23.5,7.6,70.0,18,0,3,-1.0,-1.8369701987210297e-16,28.6
2024-03-11 19:00:00,54.8,26.8,360.0,23.0,7.1,64.0,19,0,3,-0.9659258262890684,0.2588190451025203,28.5
2024-03-11 20:00:00,47.7,23.9,334.0,21.7,6.5,57.0,20,0,3,-0.8660254037844386,0.5000000000000001,26.8
2024-03-11 21:00:00,41.1,21.0,307.0,19.9,5.9,52.0,21,0,3,-0.7071067811865477,0.7071067811865474,23.9
2024-03-11 22:00:00,36.0,18.6,264.0,16.5,5.4,50.0,22,0,3,-0.5000000000000004,0.8660254037844384,21.0
2024-03-11 23:00:00,32.5,16.9,219.0,12.7,5.0,49.0,23,0,3,-0.25881904510252157,0.9659258262890681,18.6
2024-03-12 00:00:00,33.1,18.5,263.0,15.3,5.5,42.0,0,1,3,0.0,1.0,16.9
2024-03-12 01:00:00,32.9,18.6,330.0,20.0,5.5,36.0,1,1,3,0.25881904510252074,0.9659258262890683,18.5
2024-03-12 02:00:00,35.6,20.9,420.0,26.2,5.7,28.0,2,1,3,0.49999999999999994,0.8660254037844387,18.6
2024-03-12 03:00:00,39.9,23.1,470.0,29.0,6.6,30.0,3,1,3,0.7071067811865475,0.7071067811865476,20.9
2024-03-12 04:00:00,38.6,20.8,440.0,25.4,9.0,49.0,4,1,3,0.8660254037844386,0.5000000000000001,23.1
2024-03-12 05:00:00,39.7,17.9,370.0,18.3,12.1,78.0,5,1,3,0.9659258262890683,0.25881904510252074,20.8
2024-03-12 06:00:00,44.1,17.3,312.0,12.4,14.5,104.0,6,1,3,1.0,6.123233995736766e-17,17.9
2024-03-12 07:00:00,49.9,19.2,287.0,9.0,15.8,127.0,7,1,3,0.9659258262890683,-0.25881904510252063,17.3
2024-03-12 08:00:00,51.5,20.4,274.0,6.6,16.3,148.0,8,1,3,0.8660254037844387,-0.4999999999999998,19.2
2024-03-12 09:00:00,48.7,20.0,265.0,5.5,15.7,156.0,9,1,3,0.7071067811865476,-0.7071067811865475,20.4
2024-03-12 10:00:00,44.5,18.9,257.0,6.0,13.3,142.0,10,1,3,0.49999999999999994,-0.8660254037844387,20.0
2024-03-12 11:00:00,37.8,16.3,251.0,7.8,9.8,116.0,11,1,3,0.258819045102521,-0.9659258262890682,18.9
2024-03-12 12:00:00,44.4,17.4,249.0,9.4,9.2,106.0,12,1,3,1.2246467991473532e-16,-1.0,16.3
2024-03-12 13:00:00,38.2,15.3,256.0,11.7,7.8,92.0,13,1,3,-0.2588190451025208,-0.9659258262890683,17.4
2024-03-12 14:00:00,32.8,14.3,265.0,14.9,5.8,72.0,14,1,3,-0.4999999999999997,-0.8660254037844388,15.3
2024-03-12 15:00:00,29.6,14.0,270.0,17.1,4.4,57.0,15,1,3,-0.7071067811865471,-0.7071067811865479,14.3
2024-03-12 16:00:00,26.8,13.7,271.0,17.7,4.2,52.0,16,1,3,-0.8660254037844384,-0.5000000000000004,14.0
2024-03-12 17:00:00,24.9,13.7,268.0,17.4,4.5,52.0,17,1,3,-0.9659258262890683,-0.25881904510252063,13.7
2024-03-12 18:00:00,23.6,13.5,258.0,16.2,4.7,53.0,18,1,3,-1.0,-1.8369701987210297e-16,13.7
2024-03-12 19:00:00,22.2,13.0,237.0,13.8,4.4,55.0,19,1,3,-0.9659258262890684,0.2588190451025203,13.5
2024-03-12 20:00:00,21.5,12.0,209.0,10.6,3.9,59.0,20,1,3,-0.8660254037844386,0.5000000000000001,13.0
2024-03-12 21:00:00,22.9,11.6,187.0,8.0,3.5,62.0,21,1,3,-0.7071067811865477,0.7071067811865474,12.0
2024-03-12 22:00:00,26.5,11.8,169.0,6.1,3.4,65.0,22,1,3,-0.5000000000000004,0.8660254037844384,11.6
2024-03-12 23:00:00,30.9,12.3,156.0,4.9,3.4,67.0,23,1,3,-0.25881904510252157,0.9659258262890681,11.8
2024-03-13 00:00:00,26.8,10.8,167.0,5.5,3.6,67.0,0,2,3,0.0,1.0,12.3
2024-03-13 01:00:00,28.2,10.6,219.0,10.0,3.9,61.0,1,2,3,0.25881904510252074,0.9659258262890683,10.8
2024-03-13 02:00:00,30.3,11.3,289.0,16.0,4.5,55.0,2,2,3,0.49999999999999994,0.8660254037844387,10.6
2024-03-13 03:00:00,35.7,13.0,329.0,19.1,5.6,55.0,3,2,3,0.7071067811865475,0.7071067811865476,11.3
2024-03-13 04:00:00,74.7,17.6,308.0,16.4,8.0,69.0,4,2,3,0.8660254037844386,0.5000000000000001,13.0
2024-03-13 05:00:00,215.1,36.9,257.0,10.7,11.0,91.0,5,2,3,0.9659258262890683,0.25881904510252074,17.6
2024-03-13 06:00:00,281.3,46.2,216.0,6.2,12.7,109.0,6,2,3,1.0,6.123233995736766e-17,36.9
2024-03-13 07:00:00,173.7,32.8,199.0,4.4,11.8,121.0,7,2,3,0.9659258262890683,-0.25881904510252063,46.2
2024-03-13 08:00:00,102.0,23.7,191.0,3.7,9.6,129.0,8,2,3,0.8660254037844387,-0.4999999999999998,32.8
2024-03-13 09:00:00,72.2,19.8,190.0,3.7,7.8,133.0,9,2,3,0.7071067811865476,-0.7071067811865475,23.7
2024-03-13 10:00:00,68.7,19.2,193.0,4.0,7.4,131.0,10,2,3,0.49999999999999994,-0.8660254037844387,19.8
2024-03-13 11:00:00,75.2,20.4,202.0,5.1,7.4,124.0,11,2,3,0.258819045102521,-0.9659258262890682,19.2
2024-03-13 12:00:00,82.9,25.3,220.0,7.2,6.4,113.0,12,2,3,1.2246467991473532e-16,-1.0,20.4
2024-03-13 13:00:00,78.2,29.6,278.0,13.9,6.0,99.0,13,2,3,-0.2588190451025208,-0.9659258262890683,25.3
2024-03-13 14:00:00,75.7,34.6,356.0,22.8,5.3,79.0,14,2,3,-0.4999999999999997,-0.8660254037844388,29.6
2024-03-13 15:00:00,105.2,42.3,401.0,28.0,4.8,66.0,15,2,3,-0.7071067811865471,-0.7071067811865479,34.6
2024-03-13 16:00:00,160.7,53.1,379.0,25.6,4.2,67.0,16,2,3,-0.8660254037844384,-0.5000000000000004,42.3
2024-03-13 17:00:00,192.3,60.1,323.0,19.5,3.7,76.0,17,2,3,-0.9659258262890683,-0.25881904510252063,53.1
2024-03-13 18:00:00,181.6,59.1,278.0,14.6,4.0,81.0,18,2,3,-1.0,-1.8369701987210297e-16,60.1
2024-03-13 19:00:00,150.9,53.4,261.0,13.2,5.7,78.0,19,2,3,-0.9659258262890684,0.2588190451025203,59.1
2024-03-13 20:00:00,139.7,48.1,255.0,13.1,8.2,72.0,20,2,3,-0.8660254037844386,0.5000000000000001,53.4
2024-03-13 21:00:00,151.8,46.9,247.0,12.6,10.2,68.0,21,2,3,-0.7071067811865477,0.7071067811865474,48.1
2024-03-13 22:00:00,166.2,49.7,218.0,10.1,11.1,69.0,22,2,3,-0.5000000000000004,0.8660254037844384,46.9
2024-03-13 23:00:00,179.3,53.6,188.0,7.3,11.5,71.0,23,2,3,-0.25881904510252157,0.9659258262890681,49.7
2024-03-14 00:00:00,190.5,53.1,206.0,8.8,14.5,67.0,0,3,3,0.0,1.0,53.6
2024-03-14 01:00:00,195.6,55.3,321.0,16.9,13.9,55.0,1,3,3,0.25881904510252074,0.9659258262890683,53.1
2024-03-14 02:00:00,179.7,56.1,476.0,27.8,13.2,40.0,2,3,3,0.49999999999999994,0.8660254037844387,55.3
2024-03-14 03:00:00,167.6,57.9,563.0,33.4,13.1,37.0,3,3,3,0.7071067811865475,0.7071067811865476,56.1
2024-03-14 04:00:00,182.5,54.9,515.0,28.8,14.2,56.0,4,3,3,0.8660254037844386,0.5000000000000001,57.9
2024-03-14 05:00:00,155.5,42.8,399.0,19.0,15.9,87.0,5,3,3,0.9659258262890683,0.25881904510252074,54.9
2024-03-14 06:00:00,111.5,32.9,303.0,11.0,17.0,113.0,6,3,3,1.0,6.123233995736766e-17,42.8
2024-03-14 07:00:00,102.2,29.6,260.0,7.3,17.0,127.0,7,3,3,0.9659258262890683,-0.25881904510252063,32.9
2024-03-14 08:00:00,90.8,27.7,239.0,5.4,16.3,136.0,8,3,3,0.8660254037844387,-0.4999999999999998,29.6
2024-03-14 09:00:00,81.7,26.7,230.0,4.8,15.8,141.0,9,3,3,0.7071067811865476,-0.7071067811865475,27.7
2024-03-14 10:00:00,76.6,26.3,231.0,5.2,15.6,144.0,10,3,3,0.49999999999999994,-0.8660254037844387,26.7
2024-03-14 11:00:00,74.0,26.3,246.0,6.9,15.5,143.0,11,3,3,0.258819045102521,-0.9659258262890682,26.3
2024-03-14 12:00:00,90.3,31.0,278.0,10.3,15.8,144.0,12,3,3,1.2246467991473532e-16,-1.0,26.3
2024-03-14 13:00:00,114.1,37.8,324.0,15.4,14.9,133.0,13,3,3,-0.2588190451025208,-0.9659258262890683,31.0
2024-03-14 14:00:00,119.2,42.1,392.0,22.9,13.7,117.0,14,3,3,-0.4999999999999997,-0.8660254037844388,37.8
2024-03-14 15:00:00,116.4,43.9,469.0,31.4,12.8,100.0,15,3,3,-0.7071067811865471,-0.7071067811865479,42.1
2024-03-14 16:00:00,103.6,44.6,567.0,42.0,12.7,81.0,16,3,3,-0.8660254037844384,-0.5000000000000004,43.9
2024-03-14 17:00:00,101.7,45.4,675.0,53.6,12.9,61.0,17,3,3,-0.9659258262890683,-0.25881904510252063,44.6
2024-03-14 18:00:00,92.0,45.3,745.0,61.2,12.7,46.0,18,3,3,-1.0,-1.8369701987210297e-16,45.4
2024-03-14 19:00:00,81.3,43.8,761.0,62.9,11.8,38.0,19,3,3,-0.9659258262890684,0.2588190451025203,45.3
2024-03-14 20:00:00,69.2,39.1,739.0,60.5,10.5,34.0,20,3,3,-0.8660254037844386,0.5000000000000001,43.8
2024-03-14 21:00:00,55.4,33.9,683.0,54.5,9.3,35.0,21,3,3,-0.7071067811865477,0.7071067811865474,39.1
2024-03-14 22:00:00,38.9,26.4,563.0,42.1,8.1,43.0,22,3,3,-0.5000000000000004,0.8660254037844384,33.9
2024-03-14 23:00:00,29.3,20.6,408.0,26.1,7.0,57.0,23,3,3,-0.25881904510252157,0.9659258262890681,26.4
2024-03-15 00:00:00,24.3,18.3,314.0,16.7,6.2,62.0,0,4,3,0.0,1.0,20.6
2024-03-15 01:00:00,23.5,16.8,357.0,20.2,6.8,62.0,1,4,3,0.25881904510252074,0.9659258262890683,18.3
2024-03-15 02:00:00,26.2,17.6,414.0,24.7,7.8,63.0,2,4,3,0.49999999999999994,0.8660254037844387,16.8
2024-03-15 03:00:00,33.9,20.7,441.0,26.0,9.2,70.0,3,4,3,0.7071067811865475,0.7071067811865476,17.6
2024-03-15 04:00:00,45.1,24.3,411.0,21.0,11.6,88.0,4,4,3,0.8660254037844386,0.5000000000000001,20.7
2024-03-15 05:00:00,61.0,28.7,352.0,12.8,14.4,112.0,5,4,3,0.9659258262890683,0.25881904510252074,24.3
2024-03-15 06:00:00,64.0,27.4,301.0,6.5,15.9,130.0,6,4,3,1.0,6.123233995736766e-17,28.7
2024-03-15 07:00:00,55.3,21.7,272.0,4.2,15.0,138.0,7,4,3,0.9659258262890683,-0.25881904510252063,27.4
2024-03-15 08:00:00,52.2,20.4,252.0,3.8,12.7,142.0,8,4,3,0.8660254037844387,-0.4999999999999998,21.7
2024-03-15 09:00:00,49.9,19.8,241.0,4.1,11.0,143.0,9,4,3,0.7071067811865476,-0.7071067811865475,20.4
2024-03-15 10:00:00,48.1,19.3,235.0,4.0,10.6,145.0,10,4,3,0.49999999999999994,-0.8660254037844387,19.8
2024-03-15 11:00:00,46.6,18.9,239.0,4.5,10.7,146.0,11,4,3,0.258819045102521,-0.9659258262890682,19.3
2024-03-15 12:00:00,49.5,20.0,262.0,7.4,10.0,138.0,12,4,3,1.2246467991473532e-16,-1.0,18.9
2024-03-15 13:00:00,47.7,20.7,326.0,15.0,9.5,121.0,13,4,3,-0.2588190451025208,-0.9659258262890683,20.0
2024-03-15 14:00:00,47.8,24.3,415.0,25.6,8.8,97.0,14,4,3,-0.4999999999999997,-0.8660254037844388,20.7
2024-03-15 15:00:00,48.5,27.2,484.0,33.8,8.6,78.0,15,4,3,-0.7071067811865471,-0.7071067811865479,24.3
2024-03-15 16:00:00,49.6,28.1,516.0,37.4,9.2,70.0,16,4,3,-0.8660254037844384,-0.5000000000000004,27.2
2024-03-15 17:00:00,52.4,29.4,529.0,38.7,10.3,67.0,17,4,3,-0.9659258262890683,-0.25881904510252063,28.1
2024-03-15 18:00:00,55.9,31.3,530.0,38.7,10.9,65.0,18,4,3,-1.0,-1.8369701987210297e-16,29.4
2024-03-15 19:00:00,58.6,32.9,524.0,37.9,10.7,61.0,19,4,3,-0.9659258262890684,0.2588190451025203,31.3
2024-03-15 20:00:00,59.4,33.3,507.0,35.8,10.0,56.0,20,4,3,-0.8660254037844386,0.5000000000000001,32.9
2024-03-15 21:00:00,57.9,31.9,473.0,32.2,9.2,55.0,21,4,3,-0.7071067811865477,0.7071067811865474,33.3
2024-03-15 22:00:00,55.4,29.6,392.0,24.8,8.0,59.0,22,4,3,-0.5000000000000004,0.8660254037844384,31.9
2024-03-15 23:00:00,54.0,27.6,295.0,15.8,6.6,66.0,23,4,3,-0.25881904510252157,0.9659258262890681,29.6
2024-03-16 00:00:00,55.3,25.3,221.0,8.8,5.0,79.0,0,5,3,0.0,1.0,27.6
2024-03-16 01:00:00,60.1,25.9,325.0,17.4,5.7,69.0,1,5,3,0.25881904510252074,0.9659258262890683,25.3
2024-03-16 02:00:00,65.2,27.7,464.0,28.9,6.7,55.0,2,5,3,0.49999999999999994,0.8660254037844387,25.9
2024-03-16 03:00:00,73.3,31.7,541.0,34.9,8.2,53.0,3,5,3,0.7071067811865475,0.7071067811865476,27.7
2024-03-16 04:00:00,83.4,33.5,494.0,30.2,10.5,71.0,4,5,3,0.8660254037844386,0.5000000000000001,31.7
2024-03-16 05:00:00,84.8,28.2,385.0,20.0,13.2,100.0,5,5,3,0.9659258262890683,0.25881904510252074,33.5
2024-03-16 06:00:00,71.7,24.4,298.0,11.7,15.3,126.0,6,5,3,1.0,6.123233995736766e-17,28.2
2024-03-16 07:00:00,59.4,22.4,267.0,8.0,16.4,145.0,7,5,3,0.9659258262890683,-0.25881904510252063,24.4
2024-03-16 08:00:00,56.1,22.0,259.0,6.2,16.8,161.0,8,5,3,0.8660254037844387,-0.4999999999999998,22.4
2024-03-16 09:00:00,56.5,22.6,258.0,5.6,16.6,169.0,9,5,3,0.7071067811865476,-0.7071067811865475,22.0
2024-03-16 10:00:00,57.3,23.1,257.0,5.7,15.8,169.0,10,5,3,0.49999999999999994,-0.8660254037844387,22.6
2024-03-16 11:00:00,58.0,23.3,263.0,7.1,14.5,162.0,11,5,3,0.258819045102521,-0.9659258262890682,23.1
2024-03-16 12:00:00,65.9,24.5,280.0,10.5,12.6,151.0,12,5,3,1.2246467991473532e-16,-1.0,23.3
2024-03-16 13:00:00,60.1,23.0,349.0,20.0,10.4,121.0,13,5,3,-0.2588190451025208,-0.9659258262890683,24.5
2024-03-16 14:00:00,53.6,22.7,442.0,32.9,7.3,81.0,14,5,3,-0.4999999999999997,-0.8660254037844388,23.0
2024-03-16 15:00:00,49.6,22.2,498.0,41.0,5.1,52.0,15,5,3,-0.7071067811865471,-0.7071067811865479,22.7
2024-03-16 16:00:00,48.2,22.3,483.0,39.9,4.7,46.0,16,5,3,-0.8660254037844384,-0.5000000000000004,22.2
2024-03-16 17:00:00,47.5,20.4,431.0,34.0,5.2,52.0,17,5,3,-0.9659258262890683,-0.25881904510252063,22.3
2024-03-16 18:00:00,46.0,20.0,380.0,28.2,5.6,58.0,18,5,3,-1.0,-1.8369701987210297e-16,20.4
2024-03-16 19:00:00,43.1,19.1,342.0,24.0,5.5,59.0,19,5,3,-0.9659258262890684,0.2588190451025203,20.0
2024-03-16 20:00:00,39.0,17.6,306.0,19.9,5.4,59.0,20,5,3,-0.8660254037844386,0.5000000000000001,19.1
2024-03-16 21:00:00,35.3,16.0,274.0,16.3,5.3,60.0,21,5,3,-0.7071067811865477,0.7071067811865474,17.6
2024-03-16 22:00:00,33.1,14.8,236.0,12.5,5.3,62.0,22,5,3,-0.5000000000000004,0.8660254037844384,16.0
2024-03-16 23:00:00,32.4,13.7,202.0,9.3,5.5,65.0,23,5,3,-0.25881904510252157,0.9659258262890681,14.8
2024-03-17 00:00:00,31.9,13.0,202.0,8.6,5.7,68.0,0,6,3,0.0,1.0,13.7
2024-03-17 01:00:00,33.8,13.0,292.0,16.0,6.1,61.0,1,6,3,0.25881904510252074,0.9659258262890683,13.0
2024-03-17 02:00:00,37.5,14.8,412.0,25.9,6.9,54.0,2,6,3,0.49999999999999994,0.8660254037844387,13.0
2024-03-17 03:00:00,46.1,18.7,479.0,30.8,8.3,56.0,3,6,3,0.7071067811865475,0.7071067811865476,14.8
2024-03-17 04:00:00,58.4,22.3,439.0,25.7,11.3,78.0,4,6,3,0.8660254037844386,0.5000000000000001,18.7
2024-03-17 05:00:00,71.7,22.3,345.0,15.7,15.0,111.0,5,6,3,0.9659258262890683,0.25881904510252074,22.3
2024-03-17 06:00:00,61.5,21.9,272.0,7.8,17.4,137.0,6,6,3,1.0,6.123233995736766e-17,22.3
2024-03-17 07:00:00,51.1,19.2,248.0,5.0,17.2,150.0,7,6,3,0.9659258262890683,-0.25881904510252063,21.9
2024-03-17 08:00:00,47.1,17.9,244.0,4.4,15.7,158.0,8,6,3,0.8660254037844387,-0.4999999999999998,19.2
2024-03-17 09:00:00,47.6,18.4,248.0,4.7,14.6,163.0,9,6,3,0.7071067811865476,-0.7071067811865475,17.9
2024-03-17 10:00:00,49.0,19.5,251.0,4.8,14.9,171.0,10,6,3,0.49999999999999994,-0.8660254037844387,18.4
2024-03-17 11:00:00,50.5,20.5,262.0,5.9,15.7,178.0,11,6,3,0.258819045102521,-0.9659258262890682,19.5
2024-03-17 12:00:00,53.1,22.1,286.0,7.8,15.8,178.0,12,6,3,1.2246467991473532e-16,-1.0,20.5
2024-03-17 13:00:00,57.5,25.3,374.0,18.3,14.6,150.0,13,6,3,-0.2588190451025208,-0.9659258262890683,22.1
2024-03-17 14:00:00,57.9,27.5,492.0,32.4,12.9,113.0,14,6,3,-0.4999999999999997,-0.8660254037844388,25.3
2024-03-17 15:00:00,56.3,27.8,559.0,41.0,11.4,84.0,15,6,3,-0.7071067811865471,-0.7071067811865479,27.5
2024-03-17 16:00:00,54.5,27.0,528.0,38.7,10.3,75.0,16,6,3,-0.8660254037844384,-0.5000000000000004,27.8
2024-03-17 17:00:00,54.7,23.8,446.0,30.9,9.3,75.0,17,6,3,-0.9659258262890683,-0.25881904510252063,27.0
2024-03-17 18:00:00,52.3,22.4,378.0,24.4,8.5,75.0,18,6,3,-1.0,-1.8369701987210297e-16,23.8
2024-03-17 19:00:00,51.0,21.5,350.0,21.9,7.9,71.0,19,6,3,-0.9659258262890684,0.2588190451025203,22.4
2024-03-17 20:00:00,48.4,20.8,335.0,20.7,7.6,66.0,20,6,3,-0.8660254037844386,0.5000000000000001,21.5
2024-03-17 21:00:00,46.1,19.3,316.0,19.0,7.2,63.0,21,6,3,-0.7071067811865477,0.7071067811865474,20.8
2024-03-17 22:00:00,43.2,17.3,270.0,14.9,6.6,63.0,22,6,3,-0.5000000000000004,0.8660254037844384,19.3
2024-03-17 23:00:00,39.5,15.4,221.0,10.4,6.0,65.0,23,6,3,-0.25881904510252157,0.9659258262890681,17.3
2024-03-18 00:00:00,36.0,13.8,219.0,9.5,5.9,65.0,0,0,3,0.0,1.0,15.4
2024-03-18 01:00:00,36.1,14.5,335.0,18.2,6.7,54.0,1,0,3,0.25881904510252074,0.9659258262890683,13.8
2024-03-18 02:00:00,38.3,17.2,491.0,29.9,7.9,39.0,2,0,3,0.49999999999999994,0.8660254037844387,14.5
2024-03-18 03:00:00,45.5,22.4,582.0,36.1,10.1,40.0,3,0,3,0.7071067811865475,0.7071067811865476,17.2
2024-03-18 04:00:00,52.2,26.4,545.0,31.5,14.1,68.0,4,0,3,0.8660254037844386,0.5000000000000001,22.4
2024-03-18 05:00:00,49.5,23.7,443.0,21.5,19.0,111.0,5,0,3,0.9659258262890683,0.25881904510252074,26.4
2024-03-18 06:00:00,46.1,20.1,360.0,13.2,22.4,147.0,6,0,3,1.0,6.123233995736766e-17,23.7
2024-03-18 07:00:00,49.0,21.1,326.0,9.1,23.0,170.0,7,0,3,0.9659258262890683,-0.25881904510252063,20.1
2024-03-18 08:00:00,48.9,21.4,311.0,6.8,22.0,187.0,8,0,3,0.8660254037844387,-0.4999999999999998,21.1
2024-03-18 09:00:00,50.3,22.4,308.0,6.2,20.8,196.0,9,0,3,0.7071067811865476,-0.7071067811865475,21.4
2024-03-18 10:00:00,51.8,23.3,315.0,7.2,19.8,199.0,10,0,3,0.49999999999999994,-0.8660254037844387,22.4
2024-03-18 11:00:00,54.2,24.9,333.0,9.8,18.5,195.0,11,0,3,0.258819045102521,-0.9659258262890682,23.3
2024-03-18 12:00:00,62.4,27.6,363.0,13.5,17.2,185.0,12,0,3,1.2246467991473532e-16,-1.0,24.9
2024-03-18 13:00:00,62.6,28.7,427.0,22.1,15.1,155.0,13,0,3,-0.2588190451025208,-0.9659258262890683,27.6
2024-03-18 14:00:00,58.9,28.9,512.0,33.7,12.3,113.0,14,0,3,-0.4999999999999997,-0.8660254037844388,28.7
2024-03-18 15:00:00,56.9,28.2,560.0,41.0,10.1,81.0,15,0,3,-0.7071067811865471,-0.7071067811865479,28.9
2024-03-18 16:00:00,53.8,26.7,538.0,40.1,9.3,70.0,16,0,3,-0.8660254037844384,-0.5000000000000004,28.2
2024-03-18 17:00:00,51.5,24.2,479.0,34.8,9.1,70.0,17,0,3,-0.9659258262890683,-0.25881904510252063,26.7
2024-03-18 18:00:00,48.4,22.5,421.0,29.5,8.8,71.0,18,0,3,-1.0,-1.8369701987210297e-16,24.2
2024-03-18 19:00:00,46.2,21.1,377.0,25.5,8.1,69.0,19,0,3,-0.9659258262890684,0.2588190451025203,22.5
2024-03-18 20:00:00,42.7,19.2,335.0,21.4,7.3,68.0,20,0,3,-0.8660254037844386,0.5000000000000001,21.1
2024-03-18 21:00:00,37.6,16.2,296.0,17.6,6.6,67.0,21,0,3,-0.7071067811865477,0.7071067811865474,19.2
2024-03-18 22:00:00,31.8,12.6,247.0,12.9,5.9,68.0,22,0,3,-0.5000000000000004,0.8660254037844384,16.2
2024-03-18 23:00:00,29.7,10.3,201.0,8.3,5.2,71.0,23,0,3,-0.25881904510252157,0.9659258262890681,12.6
2024-03-19 00:00:00,33.9,10.5,189.0,6.7,4.6,72.0,0,1,3,0.0,1.0,10.3
2024-03-19 01:00:00,38.4,11.8,282.0,14.4,5.5,63.0,1,1,3,0.25881904510252074,0.9659258262890683,10.5
2024-03-19 02:00:00,43.0,14.3,408.0,24.7,6.8,50.0,2,1,3,0.49999999999999994,0.8660254037844387,11.8
2024-03-19 03:00:00,50.8,18.5,483.0,30.5,8.1,48.0,3,1,3,0.7071067811865475,0.7071067811865476,14.3
2024-03-19 04:00:00,58.0,20.9,461.0,27.6,9.6,64.0,4,1,3,0.8660254037844386,0.5000000000000001,18.5
2024-03-19 05:00:00,65.7,20.0,389.0,20.2,11.2,91.0,5,1,3,0.9659258262890683,0.25881904510252074,20.9
2024-03-19 06:00:00,67.8,18.8,324.0,13.8,11.8,111.0,6,1,3,1.0,6.123233995736766e-17,20.0
2024-03-19 07:00:00,66.6,18.2,284.0,9.9,10.7,120.0,7,1,3,0.9659258262890683,-0.25881904510252063,18.8
2024-03-19 08:00:00,64.3,17.5,251.0,7.1,8.6,124.0,8,1,3,0.8660254037844387,-0.4999999999999998,18.2
2024-03-19 09:00:00,64.3,17.0,235.0,6.1,7.0,122.0,9,1,3,0.7071067811865476,-0.7071067811865475,17.5
2024-03-19 10:00:00,65.9,16.6,242.0,7.5,6.4,114.0,10,1,3,0.49999999999999994,-0.8660254037844387,17.0
2024-03-19 11:00:00,67.3,15.9,265.0,10.8,6.1,100.0,11,1,3,0.258819045102521,-0.9659258262890682,16.6
2024-03-19 12:00:00,68.5,15.8,297.0,14.6,6.0,92.0,12,1,3,1.2246467991473532e-16,-1.0,15.9
2024-03-19 13:00:00,68.2,16.5,344.0,21.4,5.7,78.0,13,1,3,-0.2588190451025208,-0.9659258262890683,15.8
2024-03-19 14:00:00,61.0,17.5,407.0,30.5,5.3,59.0,14,1,3,-0.4999999999999997,-0.8660254037844388,16.5
2024-03-19 15:00:00,60.5,17.9,441.0,36.0,5.0,46.0,15,1,3,-0.7071067811865471,-0.7071067811865479,17.5
2024-03-19 16:00:00,63.1,17.7,421.0,34.5,5.1,45.0,16,1,3,-0.8660254037844384,-0.5000000000000004,17.9
2024-03-19 17:00:00,61.5,17.5,373.0,29.2,5.4,50.0,17,1,3,-0.9659258262890683,-0.25881904510252063,17.7
2024-03-19 18:00:00,59.8,17.3,328.0,24.2,5.6,54.0,18,1,3,-1.0,-1.8369701987210297e-16,17.5
2024-03-19 19:00:00,58.7,17.2,295.0,20.4,5.4,56.0,19,1,3,-0.9659258262890684,0.2588190451025203,17.3
2024-03-19 20:00:00,57.9,16.9,265.0,16.9,5.0,58.0,20,1,3,-0.8660254037844386,0.5000000000000001,17.2
2024-03-19 21:00:00,55.9,16.2,241.0,14.0,4.8,59.0,21,1,3,-0.7071067811865477,0.7071067811865474,16.9
2024-03-19 22:00:00,54.6,15.4,201.0,10.8,4.7,60.0,22,1,3,-0.5000000000000004,0.8660254037844384,16.2
2024-03-19 23:00:00,54.4,14.8,167.0,8.2,4.8,60.0,23,1,3,-0.25881904510252157,0.9659258262890681,15.4
2024-03-20 00:00:00,51.3,15.0,230.0,12.6,5.9,49.0,0,2,3,0.0,1.0,14.8
2024-03-20 01:00:00,52.3,15.7,419.0,22.1,6.8,37.0,1,2,3,0.25881904510252074,0.9659258262890683,15.0
2024-03-20 02:00:00,56.6,18.7,675.0,34.9,8.2,21.0,2,2,3,0.49999999999999994,0.8660254037844387,15.7
2024-03-20 03:00:00,65.4,26.1,832.0,42.9,10.0,22.0,3,2,3,0.7071067811865475,0.7071067811865476,18.7
2024-03-20 04:00:00,76.8,27.9,795.0,41.8,12.5,52.0,4,2,3,0.8660254037844386,0.5000000000000001,26.1
2024-03-20 05:00:00,84.8,25.8,659.0,35.8,15.3,98.0,5,2,3,0.9659258262890683,0.25881904510252074,27.9
2024-03-20 06:00:00,86.1,26.0,540.0,29.5,17.4,138.0,6,2,3,1.0,6.123233995736766e-17,25.8
2024-03-20 07:00:00,88.9,27.5,481.0,23.5,18.4,169.0,7,2,3,0.9659258262890683,-0.25881904510252063,26.0
2024-03-20 08:00:00,90.6,28.3,439.0,17.1,18.5,193.0,8,2,3,0.8660254037844387,-0.4999999999999998,27.5
2024-03-20 09:00:00,90.3,28.8,406.0,13.1,17.6,202.0,9,2,3,0.7071067811865476,-0.7071067811865475,28.3
2024-03-20 10:00:00,86.8,28.1,377.0,12.3,15.0,186.0,10,2,3,0.49999999999999994,-0.8660254037844387,28.8
2024-03-20 11:00:00,80.1,25.6,357.0,13.9,11.4,154.0,11,2,3,0.258819045102521,-0.9659258262890682,28.1
2024-03-20 12:00:00,86.1,25.8,352.0,16.3,7.8,127.0,12,2,3,1.2246467991473532e-16,-1.0,25.6
2024-03-20 13:00:00,81.0,24.7,413.0,25.8,6.9,98.0,13,2,3,-0.2588190451025208,-0.9659258262890683,25.8
2024-03-20 14:00:00,75.4,24.5,494.0,38.8,5.6,59.0,14,2,3,-0.4999999999999997,-0.8660254037844388,24.7
2024-03-20 15:00:00,72.6,25.1,540.0,46.8,4.8,32.0,15,2,3,-0.7071067811865471,-0.7071067811865479,24.5
2024-03-20 16:00:00,72.2,25.6,522.0,45.8,5.0,27.0,16,2,3,-0.8660254037844384,-0.5000000000000004,25.1
2024-03-20 17:00:00,81.0,25.1,468.0,39.9,5.7,35.0,17,2,3,-0.9659258262890683,-0.25881904510252063,25.6
2024-03-20 18:00:00,78.5,25.0,409.0,33.2,6.1,43.0,18,2,3,-1.0,-1.8369701987210297e-16,25.1
2024-03-20 19:00:00,75.2,24.2,349.0,26.4,5.8,50.0,19,2,3,-0.9659258262890684,0.2588190451025203,25.0
2024-03-20 20:00:00,70.3,22.5,284.0,18.8,5.2,57.0,20,2,3,-0.8660254037844386,0.5000000000000001,24.2
2024-03-20 21:00:00,65.4,20.7,233.0,13.0,4.7,63.0,21,2,3,-0.7071067811865477,0.7071067811865474,22.5
2024-03-20 22:00:00,61.0,19.2,194.0,9.1,4.5,65.0,22,2,3,-0.5000000000000004,0.8660254037844384,20.7
2024-03-20 23:00:00,57.4,18.2,170.0,6.9,4.5,66.0,23,2,3,-0.25881904510252157,0.9659258262890681,19.2
2024-03-21 00:00:00,57.3,18.0,175.0,7.3,4.4,66.0,0,3,3,0.0,1.0,18.2
2024-03-21 01:00:00,55.8,18.3,272.0,16.0,5.2,55.0,1,3,3,0.25881904510252074,0.9659258262890683,18.0
2024-03-21 02:00:00,56.1,20.0,403.0,27.8,6.3,41.0,2,3,3,0.49999999999999994,0.8660254037844387,18.3
2024-03-21 03:00:00,60.3,23.6,485.0,34.5,7.4,38.0,3,3,3,0.7071067811865475,0.7071067811865476,20.0
2024-03-21 04:00:00,65.2,25.1,475.0,31.6,8.4,56.0,4,3,3,0.8660254037844386,0.5000000000000001,23.6
2024-03-21 05:00:00,65.0,24.6,415.0,23.6,9.4,85.0,5,3,3,0.9659258262890683,0.25881904510252074,25.1
2024-03-21 06:00:00,61.2,24.0,356.0,16.5,9.6,108.0,6,3,3,1.0,6.123233995736766e-17,24.6
2024-03-21 07:00:00,58.9,23.6,306.0,11.7,8.4,117.0,7,3,3,0.9659258262890683,-0.25881904510252063,24.0
2024-03-21 08:00:00,57.9,23.6,256.0,7.7,6.5,120.0,8,3,3,0.8660254037844387,-0.4999999999999998,23.6
2024-03-21 09:00:00,58.2,24.8,226.0,5.6,5.1,119.0,9,3,3,0.7071067811865476,-0.7071067811865475,23.6
2024-03-21 10:00:00,59.1,26.7,229.0,6.1,5.0,115.0,10,3,3,0.49999999999999994,-0.8660254037844387,24.8
2024-03-21 11:00:00,59.8,28.7,253.0,8.4,5.4,108.0,11,3,3,0.258819045102521,-0.9659258262890682,26.7
2024-03-21 12:00:00,59.3,29.2,287.0,11.2,5.6,102.0,12,3,3,1.2246467991473532e-16,-1.0,28.7
2024-03-21 13:00:00,61.2,32.0,325.0,16.4,5.5,91.0,13,3,3,-0.2588190451025208,-0.9659258262890683,29.2
2024-03-21 14:00:00,61.5,33.6,376.0,23.3,5.4,77.0,14,3,3,-0.4999999999999997,-0.8660254037844388,32.0
2024-03-21 15:00:00,62.2,34.3,401.0,27.1,5.3,67.0,15,3,3,-0.7071067811865471,-0.7071067811865479,33.6
2024-03-21 16:00:00,62.9,34.0,378.0,25.0,5.2,67.0,16,3,3,-0.8660254037844384,-0.5000000000000004,34.3
2024-03-21 17:00:00,61.5,33.4,330.0,19.8,5.0,73.0,17,3,3,-0.9659258262890683,-0.25881904510252063,34.0
2024-03-21 18:00:00,59.5,32.5,287.0,15.1,4.8,78.0,18,3,3,-1.0,-1.8369701987210297e-16,33.4
2024-03-21 19:00:00,55.8,30.6,259.0,12.1,4.5,81.0,19,3,3,-0.9659258262890684,0.2588190451025203,32.5
2024-03-21 20:00:00,50.8,28.1,237.0,9.6,4.1,84.0,20,3,3,-0.8660254037844386,0.5000000000000001,30.6
2024-03-21 21:00:00,45.8,25.5,219.0,7.7,3.9,86.0,21,3,3,-0.7071067811865477,0.7071067811865474,28.1
2024-03-21 22:00:00,41.3,23.5,200.0,5.9,3.8,87.0,22,3,3,-0.5000000000000004,0.8660254037844384,25.5
2024-03-21 23:00:00,38.6,22.2,186.0,4.7,3.8,87.0,23,3,3,-0.25881904510252157,0.9659258262890681,23.5
2024-03-22 00:00:00,39.6,21.8,193.0,5.1,4.0,85.0,0,4,3,0.0,1.0,22.2
2024-03-22 01:00:00,38.8,21.7,246.0,10.1,4.5,79.0,1,4,3,0.25881904510252074,0.9659258262890683,21.8
2024-03-22 02:00:00,39.7,22.2,316.0,16.7,5.1,71.0,2,4,3,0.49999999999999994,0.8660254037844387,21.7
2024-03-22 03:00:00,43.0,23.8,359.0,20.3,5.7,70.0,3,4,3,0.7071067811865475,0.7071067811865476,22.2
2024-03-22 04:00:00,49.0,23.7,346.0,17.8,6.2,82.0,4,4,3,0.8660254037844386,0.5000000000000001,23.8
2024-03-22 05:00:00,56.1,23.9,304.0,12.2,6.5,102.0,5,4,3,0.9659258262890683,0.25881904510252074,23.7
2024-03-22 06:00:00,63.1,24.5,269.0,7.7,6.7,117.0,6,4,3,1.0,6.123233995736766e-17,23.9
2024-03-22 07:00:00,67.8,25.1,252.0,5.8,6.5,124.0,7,4,3,0.9659258262890683,-0.25881904510252063,24.5
2024-03-22 08:00:00,69.8,25.4,241.0,5.1,6.1,127.0,8,4,3,0.8660254037844387,-0.4999999999999998,25.1
2024-03-22 09:00:00,70.3,25.4,236.0,5.1,5.7,126.0,9,4,3,0.7071067811865476,-0.7071067811865475,25.4
2024-03-22 10:00:00,69.4,25.4,239.0,6.0,5.6,119.0,10,4,3,0.49999999999999994,-0.8660254037844387,25.4
2024-03-22 11:00:00,69.6,25.4,248.0,7.7,5.5,107.0,11,4,3,0.258819045102521,-0.9659258262890682,25.4
2024-03-22 12:00:00,64.7,22.8,265.0,10.2,5.1,96.0,12,4,3,1.2246467991473532e-16,-1.0,25.4
2024-03-22 13:00:00,69.2,23.6,281.0,13.0,5.0,88.0,13,4,3,-0.2588190451025208,-0.9659258262890683,22.8
2024-03-22 14:00:00,66.6,23.3,302.0,16.7,5.0,78.0,14,4,3,-0.4999999999999997,-0.8660254037844388,23.6
2024-03-22 15:00:00,62.9,22.4,314.0,19.2,4.9,70.0,15,4,3,-0.7071067811865471,-0.7071067811865479,23.3
2024-03-22 16:00:00,58.1,21.5,311.0,19.3,4.9,68.0,16,4,3,-0.8660254037844384,-0.5000000000000004,22.4
2024-03-22 17:00:00,57.5,21.1,298.0,18.0,4.8,68.0,17,4,3,-0.9659258262890683,-0.25881904510252063,21.5
2024-03-22 18:00:00,58.6,21.1,283.0,16.5,4.7,68.0,18,4,3,-1.0,-1.8369701987210297e-16,21.1
2024-03-22 19:00:00,56.2,20.5,264.0,14.7,4.5,68.0,19,4,3,-0.9659258262890684,0.2588190451025203,21.1
2024-03-22 20:00:00,51.9,19.2,243.0,12.7,4.2,68.0,20,4,3,-0.8660254037844386,0.5000000000000001,20.5
2024-03-22 21:00:00,46.7,17.4,223.0,10.9,4.0,67.0,21,4,3,-0.7071067811865477,0.7071067811865474,19.2
2024-03-22 22:00:00,42.0,15.9,202.0,9.4,4.1,66.0,22,4,3,-0.5000000000000004,0.8660254037844384,17.4
2024-03-22 23:00:00,38.6,14.8,184.0,8.1,4.2,64.0,23,4,3,-0.25881904510252157,0.9659258262890681,15.9
2024-03-23 00:00:00,37.6,15.2,193.0,9.3,5.0,61.0,0,5,3,0.0,1.0,14.8
2024-03-23 01:00:00,38.3,15.4,228.0,12.4,5.4,58.0,1,5,3,0.25881904510252074,0.9659258262890683,15.2
2024-03-23 02:00:00,41.3,16.9,275.0,16.6,6.0,56.0,2,5,3,0.49999999999999994,0.8660254037844387,15.4
2024-03-23 03:00:00,50.8,19.0,304.0,18.5,6.5,59.0,3,5,3,0.7071067811865475,0.7071067811865476,16.9
2024-03-23 04:00:00,65.9,20.7,297.0,16.0,6.9,74.0,4,5,3,0.8660254037844386,0.5000000000000001,19.0
2024-03-23 05:00:00,80.8,22.9,271.0,11.3,7.2,96.0,5,5,3,0.9659258262890683,0.25881904510252074,20.7
2024-03-23 06:00:00,94.5,25.0,249.0,7.5,7.2,112.0,6,5,3,1.0,6.123233995736766e-17,22.9
2024-03-23 07:00:00,103.8,26.9,236.0,5.6,6.7,119.0,7,5,3,0.9659258262890683,-0.25881904510252063,25.0
2024-03-23 08:00:00,110.4,28.5,226.0,4.7,5.9,121.0,8,5,3,0.8660254037844387,-0.4999999999999998,26.9
2024-03-23 09:00:00,111.3,29.0,224.0,5.0,5.4,119.0,9,5,3,0.7071067811865476,-0.7071067811865475,28.5
2024-03-23 10:00:00,109.7,29.0,235.0,7.2,5.6,111.0,10,5,3,0.49999999999999994,-0.8660254037844387,29.0
2024-03-23 11:00:00,106.9,28.6,255.0,10.7,6.0,99.0,11,5,3,0.258819045102521,-0.9659258262890682,29.0
2024-03-23 12:00:00,109.2,29.7,283.0,16.1,6.0,79.0,12,5,3,1.2246467991473532e-16,-1.0,28.6
2024-03-23 13:00:00,97.6,27.6,290.0,18.0,5.5,71.0,13,5,3,-0.2588190451025208,-0.9659258262890683,29.7
2024-03-23 14:00:00,80.3,24.7,299.0,20.5,4.9,61.0,14,5,3,-0.4999999999999997,-0.8660254037844388,27.6
2024-03-23 15:00:00,67.3,22.5,300.0,21.9,4.5,53.0,15,5,3,-0.7071067811865471,-0.7071067811865479,24.7
2024-03-23 16:00:00,60.5,21.8,288.0,21.3,4.6,50.0,16,5,3,-0.8660254037844384,-0.5000000000000004,22.5
2024-03-23 17:00:00,54.2,21.3,268.0,19.4,4.8,50.0,17,5,3,-0.9659258262890683,-0.25881904510252063,21.8
2024-03-23 18:00:00,48.5,19.8,245.0,17.2,4.9,51.0,18,5,3,-1.0,-1.8369701987210297e-16,21.3
2024-03-23 19:00:00,40.4,17.6,219.0,14.4,4.5,52.0,19,5,3,-0.9659258262890684,0.2588190451025203,19.8
2024-03-23 20:00:00,35.6,16.2,190.0,11.1,3.8,55.0,20,5,3,-0.8660254037844386,0.5000000000000001,17.6
2024-03-23 21:00:00,33.8,15.5,168.0,8.6,3.4,57.0,21,5,3,-0.7071067811865477,0.7071067811865474,16.2
2024-03-23 22:00:00,33.5,15.4,149.0,6.7,3.3,59.0,22,5,3,-0.5000000000000004,0.8660254037844384,15.5
2024-03-23 23:00:00,34.0,15.4,135.0,5.6,3.4,61.0,23,5,3,-0.25881904510252157,0.9659258262890681,15.4
2024-03-24 00:00:00,41.8,17.1,147.0,6.2,3.6,63.0,0,6,3,0.0,1.0,15.4
2024-03-24 01:00:00,44.1,17.8,203.0,11.0,4.2,57.0,1,6,3,0.25881904510252074,0.9659258262890683,17.1
2024-03-24 02:00:00,45.5,18.8,279.0,17.5,5.0,51.0,2,6,3,0.49999999999999994,0.8660254037844387,17.8
2024-03-24 03:00:00,53.8,21.3,326.0,21.0,5.8,51.0,3,6,3,0.7071067811865475,0.7071067811865476,18.8
2024-03-24 04:00:00,70.3,22.9,317.0,18.6,6.6,66.0,4,6,3,0.8660254037844386,0.5000000000000001,21.3
2024-03-24 05:00:00,92.4,25.6,279.0,13.2,7.3,88.0,5,6,3,0.9659258262890683,0.25881904510252074,22.9
2024-03-24 06:00:00,108.0,28.1,245.0,8.8,7.5,104.0,6,6,3,1.0,6.123233995736766e-17,25.6
2024-03-24 07:00:00,112.9,29.5,224.0,6.6,6.9,109.0,7,6,3,0.9659258262890683,-0.25881904510252063,28.1
2024-03-24 08:00:00,111.3,29.7,208.0,5.4,5.8,109.0,8,6,3,0.8660254037844387,-0.4999999999999998,29.5
2024-03-24 09:00:00,103.4,29.0,200.0,5.2,5.0,106.0,9,6,3,0.7071067811865476,-0.7071067811865475,29.7
2024-03-24 10:00:00,91.7,27.8,204.0,6.0,4.7,101.0,10,6,3,0.49999999999999994,-0.8660254037844387,29.0
2024-03-24 11:00:00,77.1,25.7,218.0,7.8,4.6,93.0,11,6,3,0.258819045102521,-0.9659258262890682,27.8
2024-03-24 12:00:00,47.1,18.2,250.0,11.2,4.9,85.0,12,6,3,1.2246467991473532e-16,-1.0,25.7
2024-03-24 13:00:00,40.6,17.2,292.0,16.9,4.8,74.0,13,6,3,-0.2588190451025208,-0.9659258262890683,18.2
2024-03-24 14:00:00,36.4,17.0,350.0,24.6,4.6,60.0,14,6,3,-0.4999999999999997,-0.8660254037844388,17.2
2024-03-24 15:00:00,35.2,17.2,384.0,29.5,4.6,50.0,15,6,3,-0.7071067811865471,-0.7071067811865479,17.0
2024-03-24 16:00:00,35.0,17.3,374.0,28.8,4.8,49.0,16,6,3,-0.8660254037844384,-0.5000000000000004,17.2
2024-03-24 17:00:00,34.9,17.0,341.0,25.1,5.1,52.0,17,6,3,-0.9659258262890683,-0.25881904510252063,17.3
2024-03-24 18:00:00,34.7,17.1,311.0,21.8,5.3,55.0,18,6,3,-1.0,-1.8369701987210297e-16,17.0
2024-03-24 19:00:00,35.3,17.4,295.0,20.0,5.2,54.0,19,6,3,-0.9659258262890684,0.2588190451025203,17.1
2024-03-24 20:00:00,36.3,17.8,283.0,18.5,5.1,53.0,20,6,3,-0.8660254037844386,0.5000000000000001,17.4
2024-03-24 21:00:00,37.3,18.1,270.0,17.0,5.0,52.0,21,6,3,-0.7071067811865477,0.7071067811865474,17.8
2024-03-24 22:00:00,37.8,17.8,241.0,14.3,5.0,53.0,22,6,3,-0.5000000000000004,0.8660254037844384,18.1
2024-03-24 23:00:00,38.5,17.5,210.0,11.6,5.1,53.0,23,6,3,-0.25881904510252157,0.9659258262890681,17.8
2024-03-25 00:00:00,46.4,19.0,210.0,11.3,5.2,57.0,0,0,3,0.0,1.0,17.5
2024-03-25 01:00:00,48.4,19.5,303.0,18.4,5.9,50.0,1,0,3,0.25881904510252074,0.9659258262890683,19.0
2024-03-25 02:00:00,51.3,21.1,429.0,27.9,6.9,42.0,2,0,3,0.49999999999999994,0.8660254037844387,19.5
2024-03-25 03:00:00,56.9,24.6,504.0,32.9,8.2,45.0,3,0,3,0.7071067811865475,0.7071067811865476,21.1
2024-03-25 04:00:00,66.6,23.6,480.0,29.1,10.1,69.0,4,0,3,0.8660254037844386,0.5000000000000001,24.6
2024-03-25 05:00:00,72.6,23.7,405.0,20.8,12.2,105.0,5,0,3,0.9659258262890683,0.25881904510252074,23.6
2024-03-25 06:00:00,78.9,25.4,344.0,13.9,13.6,135.0,6,0,3,1.0,6.123233995736766e-17,23.7
2024-03-25 07:00:00,84.5,27.7,323.0,10.4,13.7,157.0,7,0,3,0.9659258262890683,-0.25881904510252063,25.4
2024-03-25 08:00:00,89.6,29.3,316.0,8.2,13.0,175.0,8,0,3,0.8660254037844387,-0.4999999999999998,27.7
2024-03-25 09:00:00,93.1,29.6,312.0,7.6,12.0,179.0,9,0,3,0.7071067811865476,-0.7071067811865475,29.3
2024-03-25 10:00:00,96.6,28.9,308.0,8.9,10.6,162.0,10,0,3,0.49999999999999994,-0.8660254037844387,29.6
2024-03-25 11:00:00,98.0,27.8,307.0,11.6,8.7,132.0,11,0,3,0.258819045102521,-0.9659258262890682,28.9
2024-03-25 12:00:00,79.4,22.5,343.0,15.4,7.5,114.0,12,0,3,1.2246467991473532e-16,-1.0,27.8
2024-03-25 13:00:00,65.4,18.9,356.0,19.9,6.4,94.0,13,0,3,-0.2588190451025208,-0.9659258262890683,22.5
2024-03-25 14:00:00,43.9,14.8,373.0,26.0,4.8,68.0,14,0,3,-0.4999999999999997,-0.8660254037844388,18.9
2024-03-25 15:00:00,29.9,11.9,379.0,29.9,3.8,48.0,15,0,3,-0.7071067811865471,-0.7071067811865479,14.8
2024-03-25 16:00:00,21.7,10.3,368.0,29.6,3.9,42.0,16,0,3,-0.8660254037844384,-0.5000000000000004,11.9
2024-03-25 17:00:00,19.3,10.0,347.0,27.1,4.7,44.0,17,0,3,-0.9659258262890683,-0.25881904510252063,10.3
2024-03-25 18:00:00,19.9,9.7,322.0,24.0,5.2,47.0,18,0,3,-1.0,-1.8369701987210297e-16,10.0
2024-03-25 19:00:00,22.8,10.4,292.0,20.4,5.2,49.0,19,0,3,-0.9659258262890684,0.2588190451025203,9.7
2024-03-25 20:00:00,26.5,11.6,258.0,16.3,5.1,53.0,20,0,3,-0.8660254037844386,0.5000000000000001,10.4
2024-03-25 21:00:00,30.3,12.7,231.0,13.0,5.0,56.0,21,0,3,-0.7071067811865477,0.7071067811865474,11.6
2024-03-25 22:00:00,33.1,13.6,205.0,10.3,5.0,58.0,22,0,3,-0.5000000000000004,0.8660254037844384,12.7
2024-03-25 23:00:00,34.9,14.4,186.0,8.4,5.0,60.0,23,0,3,-0.25881904510252157,0.9659258262890681,13.6
2024-03-26 00:00:00,40.7,16.5,197.0,8.4,4.8,62.0,0,1,3,0.0,1.0,14.4
2024-03-26 01:00:00,41.1,17.3,277.0,14.7,5.3,57.0,1,1,3,0.25881904510252074,0.9659258262890683,16.5
2024-03-26 02:00:00,42.3,19.0,386.0,23.2,6.1,50.0,2,1,3,0.49999999999999994,0.8660254037844387,17.3
2024-03-26 03:00:00,44.8,21.2,448.0,27.6,6.8,51.0,3,1,3,0.7071067811865475,0.7071067811865476,19.0
2024-03-26 04:00:00,46.1,19.8,421.0,23.9,7.5,68.0,4,1,3,0.8660254037844386,0.5000000000000001,21.2
2024-03-26 05:00:00,49.4,19.2,348.0,16.1,8.1,93.0,5,1,3,0.9659258262890683,0.25881904510252074,19.8
2024-03-26 06:00:00,55.1,19.2,287.0,9.8,8.2,111.0,6,1,3,1.0,6.123233995736766e-17,19.2
2024-03-26 07:00:00,57.9,19.1,259.0,7.2,7.6,118.0,7,1,3,0.9659258262890683,-0.25881904510252063,19.2
2024-03-26 08:00:00,54.5,18.2,244.0,6.1,6.5,119.0,8,1,3,0.8660254037844387,-0.4999999999999998,19.1
2024-03-26 09:00:00,48.0,16.6,237.0,6.1,5.6,115.0,9,1,3,0.7071067811865476,-0.7071067811865475,18.2
2024-03-26 10:00:00,39.9,14.7,240.0,7.1,5.2,104.0,10,1,3,0.49999999999999994,-0.8660254037844387,16.6
2024-03-26 11:00:00,32.2,13.0,252.0,9.0,4.9,89.0,11,1,3,0.258819045102521,-0.9659258262890682,14.7
2024-03-26 12:00:00,39.5,19.2,259.0,11.7,4.7,74.0,12,1,3,1.2246467991473532e-16,-1.0,13.0
2024-03-26 13:00:00,38.5,19.8,283.0,15.8,4.6,65.0,13,1,3,-0.2588190451025208,-0.9659258262890683,19.2
2024-03-26 14:00:00,36.2,20.4,315.0,21.3,4.5,53.0,14,1,3,-0.4999999999999997,-0.8660254037844388,19.8
2024-03-26 15:00:00,36.8,21.0,334.0,24.9,4.5,45.0,15,1,3,-0.7071067811865471,-0.7071067811865479,20.4
2024-03-26 16:00:00,39.0,20.8,330.0,24.8,4.6,43.0,16,1,3,-0.8660254037844384,-0.5000000000000004,21.0
2024-03-26 17:00:00,41.9,20.5,313.0,22.7,4.8,46.0,17,1,3,-0.9659258262890683,-0.25881904510252063,20.8
2024-03-26 18:00:00,45.1,20.0,292.0,20.1,4.9,48.0,18,1,3,-1.0,-1.8369701987210297e-16,20.5
2024-03-26 19:00:00,44.1,18.5,268.0,17.3,4.8,50.0,19,1,3,-0.9659258262890684,0.2588190451025203,20.0
2024-03-26 20:00:00,42.7,16.8,240.0,14.0,4.5,53.0,20,1,3,-0.8660254037844386,0.5000000000000001,18.5
2024-03-26 21:00:00,41.4,15.3,217.0,11.4,4.3,55.0,21,1,3,-0.7071067811865477,0.7071067811865474,16.8
2024-03-26 22:00:00,40.9,14.3,199.0,9.5,4.2,56.0,22,1,3,-0.5000000000000004,0.8660254037844384,15.3
2024-03-26 23:00:00,40.3,13.3,186.0,8.1,4.1,56.0,23,1,3,-0.25881904510252157,0.9659258262890681,14.3
2024-03-27 00:00:00,37.8,12.7,179.0,7.0,4.0,59.0,0,2,3,0.0,1.0,13.3
2024-03-27 01:00:00,37.4,12.6,211.0,9.8,4.3,58.0,1,2,3,0.25881904510252074,0.9659258262890683,12.7
2024-03-27 02:00:00,39.8,13.6,255.0,13.6,4.8,57.0,2,2,3,0.49999999999999994,0.8660254037844387,12.6
2024-03-27 03:00:00,46.8,14.6,284.0,15.7,5.3,60.0,3,2,3,0.7071067811865475,0.7071067811865476,13.6
2024-03-27 04:00:00,48.0,15.0,284.0,14.4,6.1,71.0,4,2,3,0.8660254037844386,0.5000000000000001,14.6
2024-03-27 05:00:00,49.9,15.5,270.0,11.5,7.0,87.0,5,2,3,0.9659258262890683,0.25881904510252074,15.0
2024-03-27 06:00:00,58.7,16.5,255.0,8.9,7.4,99.0,6,2,3,1.0,6.123233995736766e-17,15.5
2024-03-27 07:00:00,67.1,17.5,241.0,7.2,6.9,105.0,7,2,3,0.9659258262890683,-0.25881904510252063,16.5
2024-03-27 08:00:00,72.4,18.0,227.0,6.0,6.0,108.0,8,2,3,0.8660254037844387,-0.4999999999999998,17.5
2024-03-27 09:00:00,74.5,18.3,222.0,5.8,5.4,107.0,9,2,3,0.7071067811865476,-0.7071067811865475,18.0
2024-03-27 10:00:00,78.9,19.1,230.0,7.0,5.4,101.0,10,2,3,0.49999999999999994,-0.8660254037844387,18.3
2024-03-27 11:00:00,85.7,21.0,247.0,9.2,5.7,92.0,11,2,3,0.258819045102521,-0.9659258262890682,19.1
2024-03-27 12:00:00,108.7,28.1,252.0,12.0,5.9,85.0,12,2,3,1.2246467991473532e-16,-1.0,21.0
2024-03-27 13:00:00,109.7,31.2,287.0,16.7,5.7,79.0,13,2,3,-0.2588190451025208,-0.9659258262890683,28.1
2024-03-27 14:00:00,97.3,32.2,335.0,23.0,5.5,71.0,14,2,3,-0.4999999999999997,-0.8660254037844388,31.2
2024-03-27 15:00:00,85.0,30.9,363.0,26.9,5.3,67.0,15,2,3,-0.7071067811865471,-0.7071067811865479,32.2
2024-03-27 16:00:00,70.3,27.9,356.0,26.1,5.3,72.0,16,2,3,-0.8660254037844384,-0.5000000000000004,30.9
2024-03-27 17:00:00,56.1,22.4,329.0,22.8,5.3,81.0,17,2,3,-0.9659258262890683,-0.25881904510252063,27.9
2024-03-27 18:00:00,40.9,18.2,300.0,19.3,5.2,89.0,18,2,3,-1.0,-1.8369701987210297e-16,22.4
2024-03-27 19:00:00,30.0,15.0,272.0,16.2,4.9,92.0,19,2,3,-0.9659258262890684,0.2588190451025203,18.2
2024-03-27 20:00:00,23.5,12.2,242.0,12.9,4.5,94.0,20,2,3,-0.8660254037844386,0.5000000000000001,15.0
2024-03-27 21:00:00,21.9,10.7,219.0,10.4,4.3,94.0,21,2,3,-0.7071067811865477,0.7071067811865474,12.2
2024-03-27 22:00:00,23.0,10.1,198.0,8.3,4.2,93.0,22,2,3,-0.5000000000000004,0.8660254037844384,10.7
2024-03-27 23:00:00,24.9,9.9,183.0,7.0,4.3,91.0,23,2,3,-0.25881904510252157,0.9659258262890681,10.1
2024-03-28 00:00:00,25.8,10.0,189.0,7.4,4.4,92.0,0,3,3,0.0,1.0,9.9
2024-03-28 01:00:00,26.4,10.4,269.0,14.8,5.1,85.0,1,3,3,0.25881904510252074,0.9659258262890683,10.0
2024-03-28 02:00:00,28.1,12.3,377.0,24.7,6.1,76.0,2,3,3,0.49999999999999994,0.8660254037844387,10.4
2024-03-28 03:00:00,31.3,14.3,440.0,29.8,7.0,76.0,3,3,3,0.7071067811865475,0.7071067811865476,12.3
2024-03-28 04:00:00,33.5,12.4,414.0,25.5,7.8,95.0,4,3,3,0.8660254037844386,0.5000000000000001,14.3
2024-03-28 05:00:00,44.7,12.3,342.0,16.4,8.5,123.0,5,3,3,0.9659258262890683,0.25881904510252074,12.4
2024-03-28 06:00:00,64.0,14.2,281.0,9.1,8.6,143.0,6,3,3,1.0,6.123233995736766e-17,12.3
2024-03-28 07:00:00,84.3,16.5,248.0,6.0,7.8,148.0,7,3,3,0.9659258262890683,-0.25881904510252063,14.2
2024-03-28 08:00:00,92.7,17.4,224.0,4.6,6.5,146.0,8,3,3,0.8660254037844387,-0.4999999999999998,16.5
2024-03-28 09:00:00,90.1,16.9,213.0,4.6,5.5,141.0,9,3,3,0.7071067811865476,-0.7071067811865475,17.4
2024-03-28 10:00:00,78.0,15.3,217.0,6.0,5.1,135.0,10,3,3,0.49999999999999994,-0.8660254037844387,16.9
2024-03-28 11:00:00,60.8,13.1,233.0,8.7,5.1,126.0,11,3,3,0.258819045102521,-0.9659258262890682,15.3
2024-03-28 12:00:00,40.0,10.3,257.0,12.4,4.9,119.0,12,3,3,1.2246467991473532e-16,-1.0,13.1
2024-03-28 13:00:00,31.9,9.4,292.0,16.7,4.7,110.0,13,3,3,-0.2588190451025208,-0.9659258262890683,10.3
2024-03-28 14:00:00,24.0,9.5,339.0,22.5,4.4,97.0,14,3,3,-0.4999999999999997,-0.8660254037844388,9.4
2024-03-28 15:00:00,22.8,10.0,366.0,25.9,4.3,89.0,15,3,3,-0.7071067811865471,-0.7071067811865479,9.5
2024-03-28 16:00:00,24.7,10.8,354.0,24.7,4.4,89.0,16,3,3,-0.8660254037844384,-0.5000000000000004,10.0
2024-03-28 17:00:00,32.2,11.5,320.0,21.2,4.7,93.0,17,3,3,-0.9659258262890683,-0.25881904510252063,10.8
2024-03-28 18:00:00,40.0,12.9,289.0,17.7,4.9,96.0,18,3,3,-1.0,-1.8369701987210297e-16,11.5
2024-03-28 19:00:00,48.7,14.8,265.0,14.9,4.8,98.0,19,3,3,-0.9659258262890684,0.2588190451025203,12.9
2024-03-28 20:00:00,57.4,17.1,243.0,12.2,4.6,100.0,20,3,3,-0.8660254037844386,0.5000000000000001,14.8
2024-03-28 21:00:00,63.8,19.2,227.0,10.2,4.5,100.0,21,3,3,-0.7071067811865477,0.7071067811865474,17.1
2024-03-28 22:00:00,68.0,21.0,211.0,8.5,4.6,99.0,22,3,3,-0.5000000000000004,0.8660254037844384,19.2
2024-03-28 23:00:00,71.2,22.6,201.0,7.6,4.9,96.0,23,3,3,-0.25881904510252157,0.9659258262890681,21.0
2024-03-29 00:00:00,71.5,23.9,219.0,9.1,5.3,93.0,0,4,3,0.0,1.0,22.6
2024-03-29 01:00:00,74.0,25.3,306.0,17.0,6.5,87.0,1,4,3,0.25881904510252074,0.9659258262890683,23.9
2024-03-29 02:00:00,78.0,28.6,422.0,27.6,8.1,80.0,2,4,3,0.49999999999999994,0.8660254037844387,25.3
2024-03-29 03:00:00,92.0,31.5,484.0,32.6,9.2,82.0,3,4,3,0.7071067811865475,0.7071067811865476,28.6
2024-03-29 04:00:00,105.5,28.4,439.0,26.7,9.6,102.0,4,4,3,0.8660254037844386,0.5000000000000001,31.5
2024-03-29 05:00:00,114.8,27.9,339.0,15.4,9.6,130.0,5,4,3,0.9659258262890683,0.25881904510252074,28.4
2024-03-29 06:00:00,115.9,28.2,259.0,6.6,9.1,150.0,6,4,3,1.0,6.123233995736766e-17,27.9
2024-03-29 07:00:00,110.1,27.4,227.0,3.7,7.7,152.0,7,4,3,0.9659258262890683,-0.25881904510252063,28.2
2024-03-29 08:00:00,102.2,26.0,216.0,3.4,5.7,144.0,8,4,3,0.8660254037844387,-0.4999999999999998,27.4
2024-03-29 09:00:00,95.5,24.4,211.0,3.9,4.4,136.0,9,4,3,0.7071067811865476,-0.7071067811865475,26.0
2024-03-29 10:00:00,88.7,22.9,211.0,4.6,4.2,130.0,10,4,3,0.49999999999999994,-0.8660254037844387,24.4
2024-03-29 11:00:00,81.3,21.5,218.0,6.1,4.6,123.0,11,4,3,0.258819045102521,-0.9659258262890682,22.9
2024-03-29 12:00:00,73.1,20.7,230.0,7.9,5.0,115.0,12,4,3,1.2246467991473532e-16,-1.0,21.5
2024-03-29 13:00:00,66.4,20.6,245.0,10.3,5.1,109.0,13,4,3,-0.2588190451025208,-0.9659258262890683,20.7
2024-03-29 14:00:00,63.1,22.1,267.0,13.5,5.2,100.0,14,4,3,-0.4999999999999997,-0.8660254037844388,20.6
2024-03-29 15:00:00,64.7,23.9,283.0,16.0,5.3,92.0,15,4,3,-0.7071067811865471,-0.7071067811865479,22.1
2024-03-29 16:00:00,64.5,25.0,292.0,17.3,5.3,87.0,16,4,3,-0.8660254037844384,-0.5000000000000004,23.9
2024-03-29 17:00:00,62.6,25.3,296.0,17.7,5.2,83.0,17,4,3,-0.9659258262890683,-0.25881904510252063,25.0
2024-03-29 18:00:00,61.2,25.7,290.0,17.2,5.0,81.0,18,4,3,-1.0,-1.8369701987210297e-16,25.3
2024-03-29 19:00:00,60.5,25.4,268.0,15.0,4.6,81.0,19,4,3,-0.9659258262890684,0.2588190451025203,25.7
2024-03-29 20:00:00,60.1,24.9,236.0,11.8,4.1,82.0,20,4,3,-0.8660254037844386,0.5000000000000001,25.4
2024-03-29 21:00:00,61.5,24.4,210.0,9.1,3.7,83.0,21,4,3,-0.7071067811865477,0.7071067811865474,24.9
2024-03-29 22:00:00,65.2,24.4,191.0,7.3,3.6,83.0,22,4,3,-0.5000000000000004,0.8660254037844384,24.4
2024-03-29 23:00:00,70.3,24.7,177.0,6.1,3.7,83.0,23,4,3,-0.25881904510252157,0.9659258262890681,24.4
2024-03-30 00:00:00,83.4,26.1,174.0,5.4,3.7,87.0,0,5,3,0.0,1.0,24.7
2024-03-30 01:00:00,85.7,26.8,208.0,8.2,4.4,87.0,1,5,3,0.25881904510252074,0.9659258262890683,26.1
2024-03-30 02:00:00,88.9,28.2,253.0,12.0,5.3,87.0,2,5,3,0.49999999999999994,0.8660254037844387,26.8
2024-03-30 03:00:00,114.1,29.3,278.0,13.8,5.9,91.0,3,5,3,0.7071067811865475,0.7071067811865476,28.2
2024-03-30 04:00:00,121.5,29.0,264.0,11.6,5.8,102.0,4,5,3,0.8660254037844386,0.5000000000000001,29.3
2024-03-30 05:00:00,130.4,29.3,231.0,7.3,5.3,116.0,5,5,3,0.9659258262890683,0.25881904510252074,29.0
2024-03-30 06:00:00,128.5,28.9,205.0,4.1,4.9,126.0,6,5,3,1.0,6.123233995736766e-17,29.3
2024-03-30 07:00:00,124.8,28.9,195.0,3.1,4.6,127.0,7,5,3,0.9659258262890683,-0.25881904510252063,28.9
2024-03-30 08:00:00,125.7,29.6,193.0,3.1,4.4,124.0,8,5,3,0.8660254037844387,-0.4999999999999998,28.9
2024-03-30 09:00:00,132.7,31.1,194.0,3.5,4.3,120.0,9,5,3,0.7071067811865476,-0.7071067811865475,29.6
2024-03-30 10:00:00,144.8,33.4,199.0,4.3,4.3,115.0,10,5,3,0.49999999999999994,-0.8660254037844387,31.1
2024-03-30 11:00:00,157.4,36.4,208.0,5.6,4.3,109.0,11,5,3,0.258819045102521,-0.9659258262890682,33.4
2024-03-30 12:00:00,149.5,36.2,216.0,7.1,4.4,102.0,12,5,3,1.2246467991473532e-16,-1.0,36.4
2024-03-30 13:00:00,149.5,38.0,227.0,9.0,4.5,97.0,13,5,3,-0.2588190451025208,-0.9659258262890683,36.2
2024-03-30 14:00:00,134.6,37.5,242.0,11.6,4.6,89.0,14,5,3,-0.4999999999999997,-0.8660254037844388,38.0
2024-03-30 15:00:00,117.3,35.5,254.0,13.6,4.6,83.0,15,5,3,-0.7071067811865471,-0.7071067811865479,37.5
2024-03-30 16:00:00,100.8,33.3,260.0,14.5,4.5,80.0,16,5,3,-0.8660254037844384,-0.5000000000000004,35.5
2024-03-30 17:00:00,92.9,31.9,263.0,14.7,4.3,78.0,17,5,3,-0.9659258262890683,-0.25881904510252063,33.3
2024-03-30 18:00:00,87.5,31.4,260.0,14.4,4.2,77.0,18,5,3,-1.0,-1.8369701987210297e-16,31.9
2024-03-30 19:00:00,85.2,31.4,249.0,13.3,4.1,77.0,19,5,3,-0.9659258262890684,0.2588190451025203,31.4
2024-03-30 20:00:00,86.8,32.4,233.0,11.7,4.1,78.0,20,5,3,-0.8660254037844386,0.5000000000000001,31.4
2024-03-30 21:00:00,93.1,34.1,219.0,10.3,4.1,79.0,21,5,3,-0.7071067811865477,0.7071067811865474,32.4
2024-03-30 22:00:00,102.4,36.3,192.0,8.2,4.0,80.0,22,5,3,-0.5000000000000004,0.8660254037844384,34.1
2024-03-30 23:00:00,110.8,38.8,167.0,6.3,4.0,81.0,23,5,3,-0.25881904510252157,0.9659258262890681,36.3
2024-03-31 00:00:00,132.2,42.0,191.0,8.1,4.4,79.0,0,6,3,0.0,1.0,38.8
2024-03-31 01:00:00,126.2,43.4,328.0,18.8,5.4,65.0,1,6,3,0.25881904510252074,0.9659258262890683,42.0
2024-03-31 02:00:00,122.9,46.6,514.0,33.2,6.8,48.0,2,6,3,0.49999999999999994,0.8660254037844387,43.4
2024-03-31 03:00:00,135.5,51.0,619.0,40.8,8.9,45.0,3,6,3,0.7071067811865475,0.7071067811865476,46.6
2024-03-31 04:00:00,192.3,57.9,568.0,35.1,12.4,69.0,4,6,3,0.8660254037844386,0.5000000000000001,51.0
2024-03-31 05:00:00,256.1,66.8,438.0,22.6,16.5,107.0,5,6,3,0.9659258262890683,0.25881904510252074,57.9
2024-03-31 06:00:00,272.9,59.6,331.0,12.4,18.8,138.0,6,6,3,1.0,6.123233995736766e-17,66.8
2024-03-31 07:00:00,246.8,48.5,284.0,7.9,17.5,154.0,7,6,3,0.9659258262890683,-0.25881904510252063,59.6
2024-03-31 08:00:00,219.8,42.3,259.0,5.8,14.4,164.0,8,6,3,0.8660254037844387,-0.4999999999999998,48.5
2024-03-31 09:00:00,205.4,40.4,248.0,5.2,12.0,168.0,9,6,3,0.7071067811865476,-0.7071067811865475,42.3
2024-03-31 10:00:00,185.3,38.3,250.0,5.9,11.3,167.0,10,6,3,0.49999999999999994,-0.8660254037844387,40.4
2024-03-31 11:00:00,170.9,37.8,265.0,8.0,11.3,162.0,11,6,3,0.258819045102521,-0.9659258262890682,38.3
2024-03-31 12:00:00,179.7,45.4,283.0,10.5,10.7,157.0,12,6,3,1.2246467991473532e-16,-1.0,37.8
2024-03-31 13:00:00,184.4,55.3,318.0,15.2,10.9,141.0,13,6,3,-0.2588190451025208,-0.9659258262890683,45.4
2024-03-31 14:00:00,167.2,59.6,366.0,21.7,11.2,118.0,14,6,3,-0.4999999999999997,-0.8660254037844388,55.3
2024-03-31 15:00:00,153.2,58.8,395.0,26.0,11.3,100.0,15,6,3,-0.7071067811865471,-0.7071067811865479,59.6
2024-03-31 16:00:00,138.3,54.9,391.0,26.5,11.3,91.0,16,6,3,-0.8660254037844384,-0.5000000000000004,58.8
2024-03-31 17:00:00,127.1,51.5,368.0,24.9,11.1,85.0,17,6,3,-0.9659258262890683,-0.25881904510252063,54.9
2024-03-31 18:00:00,122.0,48.3,340.0,22.5,10.7,82.0,18,6,3,-1.0,-1.8369701987210297e-16,51.5
2024-03-31 19:00:00,116.9,45.4,305.0,19.2,9.8,80.0,19,6,3,-0.9659258262890684,0.2588190451025203,48.3
2024-03-31 20:00:00,110.6,42.0,265.0,15.1,8.7,80.0,20,6,3,-0.8660254037844386,0.5000000000000001,45.4
2024-03-31 21:00:00,102.7,38.3,233.0,11.9,7.8,80.0,21,6,3,-0.7071067811865477,0.7071067811865474,42.0
2024-03-31 22:00:00,95.0,34.9,205.0,9.5,7.2,79.0,22,6,3,-0.5000000000000004,0.8660254037844384,38.3
2024-03-31 23:00:00,87.5,32.2,187.0,8.1,6.8,77.0,23,6,3,-0.25881904510252157,0.9659258262890681,34.9
2024-04-01 00:00:00,76.4,30.2,220.0,11.3,8.4,71.0,0,0,4,0.0,1.0,32.2
2024-04-01 01:00:00,76.1,29.9,386.0,23.6,9.7,59.0,1,0,4,0.25881904510252074,0.9659258262890683,30.2
2024-04-01 02:00:00,82.7,33.6,610.0,40.1,11.5,44.0,2,0,4,0.49999999999999994,0.8660254037844387,29.9
2024-04-01 03:00:00,92.4,38.6,733.0,48.7,13.3,42.0,3,0,4,0.7071067811865475,0.7071067811865476,33.6
2024-04-01 04:00:00,95.9,32.5,659.0,41.8,15.5,67.0,4,0,4,0.8660254037844386,0.5000000000000001,38.6
2024-04-01 05:00:00,96.9,30.0,485.0,27.0,17.8,105.0,5,0,4,0.9659258262890683,0.25881904510252074,32.5
2024-04-01 06:00:00,97.8,29.8,346.0,15.0,18.3,136.0,6,0,4,1.0,6.123233995736766e-17,30.0
2024-04-01 07:00:00,100.4,30.5,294.0,9.6,15.8,152.0,7,0,4,0.9659258262890683,-0.25881904510252063,29.8
2024-04-01 08:00:00,102.0,30.9,277.0,7.1,11.5,159.0,8,0,4,0.8660254037844387,-0.4999999999999998,30.5
2024-04-01 09:00:00,103.1,29.9,269.0,6.2,8.1,158.0,9,0,4,0.7071067811865476,-0.7071067811865475,30.9
2024-04-01 10:00:00,106.2,28.8,265.0,7.3,6.5,144.0,10,0,4,0.49999999999999994,-0.8660254037844387,29.9
2024-04-01 11:00:00,110.1,28.3,271.0,10.0,5.7,121.0,11,0,4,0.258819045102521,-0.9659258262890682,28.8
2024-04-01 12:00:00,101.7,28.1,279.0,13.6,5.2,101.0,12,0,4,1.2246467991473532e-16,-1.0,28.3
2024-04-01 13:00:00,103.8,29.5,296.0,16.6,4.9,93.0,13,0,4,-0.2588190451025208,-0.9659258262890683,28.1
2024-04-01 14:00:00,104.1,30.6,319.0,20.7,4.5,81.0,14,0,4,-0.4999999999999997,-0.8660254037844388,29.5
2024-04-01 15:00:00,100.1,30.3,326.0,22.8,4.2,74.0,15,0,4,-0.7071067811865471,-0.7071067811865479,30.6
2024-04-01 16:00:00,89.4,28.1,305.0,21.1,4.2,75.0,16,0,4,-0.8660254037844384,-0.5000000000000004,30.3
2024-04-01 17:00:00,79.2,25.4,268.0,17.5,4.3,79.0,17,0,4,-0.9659258262890683,-0.25881904510252063,28.1
2024-04-01 18:00:00,75.0,22.6,236.0,14.1,4.3,83.0,18,0,4,-1.0,-1.8369701987210297e-16,25.4
2024-04-01 19:00:00,71.2,21.4,214.0,11.8,4.1,85.0,19,0,4,-0.9659258262890684,0.2588190451025203,22.6
2024-04-01 20:00:00,68.0,20.8,197.0,9.7,3.9,85.0,20,0,4,-0.8660254037844386,0.5000000000000001,21.4
2024-04-01 21:00:00,65.4,20.6,183.0,8.2,3.8,86.0,21,0,4,-0.7071067811865477,0.7071067811865474,20.8
2024-04-01 22:00:00,62.6,20.5,169.0,6.9,3.9,86.0,22,0,4,-0.5000000000000004,0.8660254037844384,20.6
2024-04-01 23:00:00,59.5,20.4,159.0,6.1,4.2,87.0,23,0,4,-0.25881904510252157,0.9659258262890681,20.5
2024-04-02 00:00:00,53.9,20.0,169.0,6.9,4.7,85.0,0,1,4,0.0,1.0,20.4
2024-04-02 01:00:00,51.5,20.2,204.0,10.0,5.1,85.0,1,1,4,0.25881904510252074,0.9659258262890683,20.0
2024-04-02 02:00:00,50.1,21.3,252.0,14.1,5.6,85.0,2,1,4,0.49999999999999994,0.8660254037844387,20.2
2024-04-02 03:00:00,53.8,22.1,282.0,16.1,6.1,90.0,3,1,4,0.7071067811865475,0.7071067811865476,21.3
2024-04-02 04:00:00,56.7,21.8,279.0,14.1,6.7,105.0,4,1,4,0.8660254037844386,0.5000000000000001,22.1
2024-04-02 05:00:00,62.2,22.1,258.0,10.1,7.3,125.0,5,1,4,0.9659258262890683,0.25881904510252074,21.8
2024-04-02 06:00:00,66.6,22.5,239.0,6.9,7.4,139.0,6,1,4,1.0,6.123233995736766e-17,22.1
2024-04-02 07:00:00,66.6,22.8,226.0,5.4,6.8,143.0,7,1,4,0.9659258262890683,-0.25881904510252063,22.5
2024-04-02 08:00:00,65.4,22.5,215.0,4.6,5.7,141.0,8,1,4,0.8660254037844387,-0.4999999999999998,22.8
2024-04-02 09:00:00,63.3,22.0,208.0,4.5,4.9,136.0,9,1,4,0.7071067811865476,-0.7071067811865475,22.5
2024-04-02 10:00:00,60.3,21.8,207.0,5.1,4.6,128.0,10,1,4,0.49999999999999994,-0.8660254037844387,22.0
2024-04-02 11:00:00,56.9,21.8,212.0,6.5,4.6,118.0,11,1,4,0.258819045102521,-0.9659258262890682,21.8
2024-04-02 12:00:00,54.1,22.4,221.0,8.3,4.6,109.0,12,1,4,1.2246467991473532e-16,-1.0,21.8
2024-04-02 13:00:00,53.7,23.6,230.0,10.1,4.8,104.0,13,1,4,-0.2588190451025208,-0.9659258262890683,22.4
2024-04-02 14:00:00,54.7,25.1,244.0,12.6,5.0,96.0,14,1,4,-0.4999999999999997,-0.8660254037844388,23.6
2024-04-02 15:00:00,56.8,26.3,254.0,14.5,5.2,90.0,15,1,4,-0.7071067811865471,-0.7071067811865479,25.1
2024-04-02 16:00:00,58.8,27.0,261.0,15.4,5.3,86.0,16,1,4,-0.8660254037844384,-0.5000000000000004,26.3
2024-04-02 17:00:00,61.0,27.6,265.0,15.6,5.4,84.0,17,1,4,-0.9659258262890683,-0.25881904510252063,27.0
2024-04-02 18:00:00,62.6,28.4,263.0,15.1,5.3,84.0,18,1,4,-1.0,-1.8369701987210297e-16,27.6
2024-04-02 19:00:00,63.3,28.6,248.0,13.3,5.0,85.0,19,1,4,-0.9659258262890684,0.2588190451025203,28.4
2024-04-02 20:00:00,63.3,28.4,227.0,10.6,4.6,88.0,20,1,4,-0.8660254037844386,0.5000000000000001,28.6
2024-04-02 21:00:00,62.9,28.3,213.0,8.4,4.4,93.0,21,1,4,-0.7071067811865477,0.7071067811865474,28.4
2024-04-02 22:00:00,61.2,27.9,210.0,6.8,4.4,101.0,22,1,4,-0.5000000000000004,0.8660254037844384,28.3
2024-04-02 23:00:00,63.1,28.5,215.0,5.7,4.6,112.0,23,1,4,-0.25881904510252157,0.9659258262890681,27.9
2024-04-03 00:00:00,64.3,30.0,236.0,5.3,4.6,128.0,0,2,4,0.0,1.0,28.5
2024-04-03 01:00:00,65.2,30.9,270.0,8.5,5.1,130.0,1,2,4,0.25881904510252074,0.9659258262890683,30.0
2024-04-03 02:00:00,67.1,32.6,317.0,12.7,5.8,134.0,2,2,4,0.49999999999999994,0.8660254037844387,30.9
2024-04-03 03:00:00,71.2,32.7,347.0,15.0,6.4,139.0,3,2,4,0.7071067811865475,0.7071067811865476,32.6
2024-04-03 04:00:00,76.4,31.9,345.0,13.5,6.9,148.0,4,2,4,0.8660254037844386,0.5000000000000001,32.7
2024-04-03 05:00:00,87.3,32.4,326.0,10.1,7.2,159.0,5,2,4,0.9659258262890683,0.25881904510252074,31.9
2024-04-03 06:00:00,99.2,33.4,309.0,7.3,7.7,167.0,6,2,4,1.0,6.123233995736766e-17,32.4
2024-04-03 07:00:00,112.7,34.7,298.0,6.1,8.3,170.0,7,2,4,0.9659258262890683,-0.25881904510252063,33.4
2024-04-03 08:00:00,126.2,36.1,289.0,5.5,8.9,171.0,8,2,4,0.8660254037844387,-0.4999999999999998,34.7
2024-04-03 09:00:00,139.7,37.6,284.0,5.8,9.5,167.0,9,2,4,0.7071067811865476,-0.7071067811865475,36.1
2024-04-03 10:00:00,156.9,39.7,285.0,7.0,10.1,158.0,10,2,4,0.49999999999999994,-0.8660254037844387,37.6
2024-04-03 11:00:00,178.8,43.0,290.0,9.0,10.6,144.0,11,2,4,0.258819045102521,-0.9659258262890682,39.7
2024-04-03 12:00:00,170.9,39.5,307.0,11.7,9.8,136.0,12,2,4,1.2246467991473532e-16,-1.0,43.0
2024-04-03 13:00:00,176.5,40.9,329.0,15.2,8.5,124.0,13,2,4,-0.2588190451025208,-0.9659258262890683,39.5
2024-04-03 14:00:00,166.2,39.7,358.0,19.9,6.7,107.0,14,2,4,-0.4999999999999997,-0.8660254037844388,40.9
2024-04-03 15:00:00,154.6,36.7,375.0,22.9,5.3,95.0,15,2,4,-0.7071067811865471,-0.7071067811865479,39.7
2024-04-03 16:00:00,135.5,32.5,371.0,22.8,4.8,92.0,16,2,4,-0.8660254037844384,-0.5000000000000004,36.7
2024-04-03 17:00:00,125.7,28.4,355.0,21.0,4.8,95.0,17,2,4,-0.9659258262890683,-0.25881904510252063,32.5
2024-04-03 18:00:00,116.6,24.7,334.0,18.8,4.8,97.0,18,2,4,-1.0,-1.8369701987210297e-16,28.4
2024-04-03 19:00:00,102.0,20.8,308.0,16.4,4.7,98.0,19,2,4,-0.9659258262890684,0.2588190451025203,24.7
2024-04-03 20:00:00,91.0,18.2,277.0,13.6,4.6,99.0,20,2,4,-0.8660254037844386,0.5000000000000001,20.8
2024-04-03 21:00:00,82.7,17.1,252.0,11.5,4.7,100.0,21,2,4,-0.7071067811865477,0.7071067811865474,18.2
2024-04-03 22:00:00,76.6,16.8,228.0,9.6,4.9,100.0,22,2,4,-0.5000000000000004,0.8660254037844384,17.1
2024-04-03 23:00:00,67.5,16.3,210.0,8.3,5.2,100.0,23,2,4,-0.25881904510252157,0.9659258262890681,16.8
2024-04-04 00:00:00,54.4,15.1,207.0,8.0,5.3,106.0,0,3,4,0.0,1.0,16.3
2024-04-04 01:00:00,48.8,15.3,276.0,14.7,6.1,103.0,1,3,4,0.25881904510252074,0.9659258262890683,15.1
2024-04-04 02:00:00,46.3,16.8,370.0,23.8,7.1,99.0,2,3,4,0.49999999999999994,0.8660254037844387,15.3
2024-04-04 03:00:00,49.6,18.5,424.0,28.5,7.9,100.0,3,3,4,0.7071067811865475,0.7071067811865476,16.8
2024-04-04 04:00:00,56.7,19.2,402.0,24.8,8.2,112.0,4,3,4,0.8660254037844386,0.5000000000000001,18.5
2024-04-04 05:00:00,61.7,19.4,341.0,16.8,8.3,130.0,5,3,4,0.9659258262890683,0.25881904510252074,19.2
2024-04-04 06:00:00,62.6,19.0,287.0,10.3,8.0,142.0,6,3,4,1.0,6.123233995736766e-17,19.4
2024-04-04 07:00:00,60.5,18.6,253.0,7.3,7.2,142.0,7,3,4,0.9659258262890683,-0.25881904510252063,19.0
2024-04-04 08:00:00,57.7,17.8,226.0,5.8,6.1,137.0,8,3,4,0.8660254037844387,-0.4999999999999998,18.6
2024-04-04 09:00:00,50.4,16.6,212.0,5.4,5.3,131.0,9,3,4,0.7071067811865476,-0.7071067811865475,17.8
2024-04-04 10:00:00,45.3,15.9,215.0,6.4,5.2,127.0,10,3,4,0.49999999999999994,-0.8660254037844387,16.6
2024-04-04 11:00:00,44.7,15.9,231.0,8.5,5.4,123.0,11,3,4,0.258819045102521,-0.9659258262890682,15.9
2024-04-04 12:00:00,37.1,14.6,261.0,13.4,5.4,112.0,12,3,4,1.2246467991473532e-16,-1.0,15.9
2024-04-04 13:00:00,38.5,15.7,285.0,16.2,5.4,107.0,13,3,4,-0.2588190451025208,-0.9659258262890683,14.6
2024-04-04 14:00:00,38.9,16.9,318.0,20.0,5.4,100.0,14,3,4,-0.4999999999999997,-0.8660254037844388,15.7
2024-04-04 15:00:00,40.4,18.0,334.0,21.8,5.3,96.0,15,3,4,-0.7071067811865471,-0.7071067811865479,16.9
2024-04-04 16:00:00,43.4,19.1,319.0,19.9,5.2,97.0,16,3,4,-0.8660254037844384,-0.5000000000000004,18.0
2024-04-04 17:00:00,46.8,19.1,287.0,16.0,5.1,101.0,17,3,4,-0.9659258262890683,-0.25881904510252063,19.1
2024-04-04 18:00:00,50.9,19.4,257.0,12.3,5.0,105.0,18,3,4,-1.0,-1.8369701987210297e-16,19.1
2024-04-04 19:00:00,54.6,19.5,233.0,9.4,4.7,110.0,19,3,4,-0.9659258262890684,0.2588190451025203,19.4
2024-04-04 20:00:00,58.4,19.6,211.0,6.8,4.4,115.0,20,3,4,-0.8660254037844386,0.5000000000000001,19.5
2024-04-04 21:00:00,58.3,19.4,196.0,5.0,4.2,118.0,21,3,4,-0.7071067811865477,0.7071067811865474,19.6
2024-04-04 22:00:00,53.1,18.6,185.0,3.9,4.3,116.0,22,3,4,-0.5000000000000004,0.8660254037844384,19.4
2024-04-04 23:00:00,46.4,17.8,182.0,3.6,4.6,111.0,23,3,4,-0.25881904510252157,0.9659258262890681,18.6
2024-04-05 00:00:00,38.4,16.0,194.0,5.2,4.5,109.0,0,4,4,0.0,1.0,17.8
2024-04-05 01:00:00,46.9,16.4,258.0,11.9,5.1,99.0,1,4,4,0.25881904510252074,0.9659258262890683,16.0
2024-04-05 02:00:00,56.0,18.6,343.0,20.9,5.9,86.0,2,4,4,0.49999999999999994,0.8660254037844387,16.4
2024-04-05 03:00:00,67.5,21.8,391.0,25.7,6.5,82.0,3,4,4,0.7071067811865475,0.7071067811865476,18.6
2024-04-05 04:00:00,85.9,23.1,366.0,22.1,6.9,95.0,4,4,4,0.8660254037844386,0.5000000000000001,21.8
2024-04-05 05:00:00,100.4,24.3,304.0,14.1,7.2,118.0,5,4,4,0.9659258262890683,0.25881904510252074,23.1
2024-04-05 06:00:00,99.0,24.0,252.0,7.9,7.2,134.0,6,4,4,1.0,6.123233995736766e-17,24.3
2024-04-05 07:00:00,86.6,21.7,227.0,5.5,6.6,138.0,7,4,4,0.9659258262890683,-0.25881904510252063,24.0
2024-04-05 08:00:00,72.4,18.9,212.0,4.8,5.6,136.0,8,4,4,0.8660254037844387,-0.4999999999999998,21.7
2024-04-05 09:00:00,60.3,16.5,207.0,5.0,4.9,133.0,9,4,4,0.7071067811865476,-0.7071067811865475,18.9
2024-04-05 10:00:00,50.5,14.8,208.0,5.6,4.8,130.0,10,4,4,0.49999999999999994,-0.8660254037844387,16.5
2024-04-05 11:00:00,45.2,14.0,219.0,7.1,5.1,126.0,11,4,4,0.258819045102521,-0.9659258262890682,14.8
2024-04-05 12:00:00,54.1,13.7,254.0,11.5,5.7,119.0,12,4,4,1.2246467991473532e-16,-1.0,14.0
2024-04-05 13:00:00,46.1,13.1,283.0,15.1,5.7,111.0,13,4,4,-0.2588190451025208,-0.9659258262890683,13.7
2024-04-05 14:00:00,37.3,12.9,322.0,19.8,5.7,100.0,14,4,4,-0.4999999999999997,-0.8660254037844388,13.1
2024-04-05 15:00:00,37.5,13.6,342.0,22.4,5.7,93.0,15,4,4,-0.7071067811865471,-0.7071067811865479,12.9
2024-04-05 16:00:00,38.1,13.9,327.0,20.9,5.8,94.0,16,4,4,-0.8660254037844384,-0.5000000000000004,13.6
2024-04-05 17:00:00,37.6,13.8,293.0,17.1,5.8,100.0,17,4,4,-0.9659258262890683,-0.25881904510252063,13.9
2024-04-05 18:00:00,37.6,13.6,261.0,13.6,5.8,106.0,18,4,4,-1.0,-1.8369701987210297e-16,13.8
2024-04-05 19:00:00,38.0,13.1,236.0,10.8,5.6,111.0,19,4,4,-0.9659258262890684,0.2588190451025203,13.6
2024-04-05 20:00:00,38.4,12.6,213.0,8.2,5.4,115.0,20,4,4,-0.8660254037844386,0.5000000000000001,13.1
2024-04-05 21:00:00,39.6,12.5,196.0,6.4,5.2,118.0,21,4,4,-0.7071067811865477,0.7071067811865474,12.6
2024-04-05 22:00:00,41.8,12.8,182.0,5.0,5.1,118.0,22,4,4,-0.5000000000000004,0.8660254037844384,12.5
2024-04-05 23:00:00,43.1,13.1,174.0,4.4,5.1,117.0,23,4,4,-0.25881904510252157,0.9659258262890681,12.8
2024-04-06 00:00:00,44.1,13.6,189.0,5.6,5.2,117.0,0,5,4,0.0,1.0,13.1
2024-04-06 01:00:00,44.7,13.9,253.0,11.6,5.7,111.0,1,5,4,0.25881904510252074,0.9659258262890683,13.6
2024-04-06 02:00:00,47.4,15.3,338.0,19.5,6.3,104.0,2,5,4,0.49999999999999994,0.8660254037844387,13.9
2024-04-06 03:00:00,51.9,17.6,386.0,23.6,6.8,104.0,3,5,4,0.7071067811865475,0.7071067811865476,15.3
2024-04-06 04:00:00,57.2,17.2,360.0,20.0,7.1,117.0,4,5,4,0.8660254037844386,0.5000000000000001,17.6
2024-04-06 05:00:00,56.9,16.7,297.0,12.4,7.3,136.0,5,5,4,0.9659258262890683,0.25881904510252074,17.2
2024-04-06 06:00:00,53.8,15.5,246.0,6.6,7.2,150.0,6,5,4,1.0,6.123233995736766e-17,16.7
2024-04-06 07:00:00,53.9,15.2,226.0,4.7,6.8,154.0,7,5,4,0.9659258262890683,-0.25881904510252063,15.5
2024-04-06 08:00:00,56.8,15.5,219.0,4.4,6.2,153.0,8,5,4,0.8660254037844387,-0.4999999999999998,15.2
2024-04-06 09:00:00,60.3,16.3,219.0,5.0,5.7,149.0,9,5,4,0.7071067811865476,-0.7071067811865475,15.5
2024-04-06 10:00:00,63.3,17.0,225.0,6.2,5.5,143.0,10,5,4,0.49999999999999994,-0.8660254037844387,16.3
2024-04-06 11:00:00,65.0,17.5,237.0,8.1,5.5,134.0,11,5,4,0.258819045102521,-0.9659258262890682,17.0
2024-04-06 12:00:00,53.6,15.0,256.0,11.1,5.5,123.0,12,5,4,1.2246467991473532e-16,-1.0,17.5
2024-04-06 13:00:00,51.3,15.3,278.0,14.1,5.3,115.0,13,5,4,-0.2588190451025208,-0.9659258262890683,15.0
2024-04-06 14:00:00,46.0,15.8,307.0,18.3,4.9,104.0,14,5,4,-0.4999999999999997,-0.8660254037844388,15.3
2024-04-06 15:00:00,42.6,15.9,327.0,21.1,4.8,95.0,15,5,4,-0.7071067811865471,-0.7071067811865479,15.8
2024-04-06 16:00:00,41.0,16.4,329.0,21.5,5.0,92.0,16,5,4,-0.8660254037844384,-0.5000000000000004,15.9
2024-04-06 17:00:00,42.7,16.7,321.0,20.6,5.4,91.0,17,5,4,-0.9659258262890683,-0.25881904510252063,16.4
2024-04-06 18:00:00,42.6,16.8,309.0,19.3,5.7,90.0,18,5,4,-1.0,-1.8369701987210297e-16,16.7
2024-04-06 19:00:00,41.8,17.1,293.0,17.7,5.7,89.0,19,5,4,-0.9659258262890684,0.2588190451025203,16.8
2024-04-06 20:00:00,40.5,16.9,272.0,15.6,5.6,87.0,20,5,4,-0.8660254037844386,0.5000000000000001,17.1
2024-04-06 21:00:00,39.0,16.5,254.0,13.8,5.5,86.0,21,5,4,-0.7071067811865477,0.7071067811865474,16.9
2024-04-06 22:00:00,36.9,15.9,232.0,11.7,5.5,85.0,22,5,4,-0.5000000000000004,0.8660254037844384,16.5
2024-04-06 23:00:00,35.2,15.4,211.0,9.8,5.6,85.0,23,5,4,-0.25881904510252157,0.9659258262890681,15.9
2024-04-07 00:00:00,29.8,13.8,214.0,9.5,5.7,85.0,0,6,4,0.0,1.0,15.4
2024-04-07 01:00:00,31.3,14.6,285.0,15.8,6.5,80.0,1,6,4,0.25881904510252074,0.9659258262890683,13.8
2024-04-07 02:00:00,35.4,17.3,381.0,24.2,7.5,73.0,2,6,4,0.49999999999999994,0.8660254037844387,14.6
2024-04-07 03:00:00,41.8,19.4,438.0,28.5,8.4,76.0,3,6,4,0.7071067811865475,0.7071067811865476,17.3
2024-04-07 04:00:00,48.8,19.8,418.0,24.8,9.1,96.0,4,6,4,0.8660254037844386,0.5000000000000001,19.4
2024-04-07 05:00:00,54.7,20.8,359.0,16.9,9.6,125.0,5,6,4,0.9659258262890683,0.25881904510252074,19.8
2024-04-07 06:00:00,61.5,21.4,307.0,10.6,9.6,146.0,6,6,4,1.0,6.123233995736766e-17,20.8
2024-04-07 07:00:00,64.0,21.6,278.0,7.7,8.7,153.0,7,6,4,0.9659258262890683,-0.25881904510252063,21.4
2024-04-07 08:00:00,64.3,21.2,256.0,6.3,7.3,152.0,8,6,4,0.8660254037844387,-0.4999999999999998,21.6
2024-04-07 09:00:00,65.7,21.0,246.0,6.2,6.2,148.0,9,6,4,0.7071067811865476,-0.7071067811865475,21.2
2024-04-07 10:00:00,68.7,21.5,248.0,7.2,5.9,140.0,10,6,4,0.49999999999999994,-0.8660254037844387,21.0
2024-04-07 11:00:00,73.3,22.5,261.0,9.5,6.0,128.0,11,6,4,0.258819045102521,-0.9659258262890682,21.5
2024-04-07 12:00:00,67.3,20.8,279.0,13.4,6.1,115.0,12,6,4,1.2246467991473532e-16,-1.0,22.5
2024-04-07 13:00:00,68.7,21.8,321.0,19.6,5.9,100.0,13,6,4,-0.2588190451025208,-0.9659258262890683,20.8
2024-04-07 14:00:00,61.0,22.3,377.0,27.9,5.5,79.0,14,6,4,-0.4999999999999997,-0.8660254037844388,21.8
2024-04-07 15:00:00,54.6,21.3,407.0,32.7,5.3,65.0,15,6,4,-0.7071067811865471,-0.7071067811865479,22.3
2024-04-07 16:00:00,48.4,20.2,388.0,30.9,5.3,64.0,16,6,4,-0.8660254037844384,-0.5000000000000004,21.3
2024-04-07 17:00:00,49.6,18.6,342.0,25.5,5.5,70.0,17,6,4,-0.9659258262890683,-0.25881904510252063,20.2
2024-04-07 18:00:00,45.5,17.6,300.0,20.4,5.5,76.0,18,6,4,-1.0,-1.8369701987210297e-16,18.6
2024-04-07 19:00:00,42.8,17.3,268.0,16.6,5.3,80.0,19,6,4,-0.9659258262890684,0.2588190451025203,17.6
2024-04-07 20:00:00,42.3,17.2,240.0,13.0,5.0,85.0,20,6,4,-0.8660254037844386,0.5000000000000001,17.3
2024-04-07 21:00:00,42.1,17.5,220.0,10.3,4.8,89.0,21,6,4,-0.7071067811865477,0.7071067811865474,17.2
2024-04-07 22:00:00,41.9,17.8,199.0,7.6,4.7,92.0,22,6,4,-0.5000000000000004,0.8660254037844384,17.5
2024-04-07 23:00:00,42.7,18.0,186.0,5.7,4.8,95.0,23,6,4,-0.25881904510252157,0.9659258262890681,17.8
2024-04-08 00:00:00,44.2,17.7,226.0,9.1,5.4,86.0,0,0,4,0.0,1.0,18.0
2024-04-08 01:00:00,46.6,18.2,357.0,19.4,6.4,75.0,1,0,4,0.25881904510252074,0.9659258262890683,17.7
2024-04-08 02:00:00,51.5,20.9,535.0,33.2,7.8,62.0,2,0,4,0.49999999999999994,0.8660254037844387,18.2
2024-04-08 03:00:00,60.5,24.4,638.0,40.7,9.0,62.0,3,0,4,0.7071067811865475,0.7071067811865476,20.9
2024-04-08 04:00:00,67.8,24.9,600.0,36.1,9.8,89.0,4,0,4,0.8660254037844386,0.5000000000000001,24.4
2024-04-08 05:00:00,69.6,23.5,488.0,25.2,10.4,129.0,5,0,4,0.9659258262890683,0.25881904510252074,24.9
2024-04-08 06:00:00,65.7,21.1,387.0,15.9,10.3,157.0,6,0,4,1.0,6.123233995736766e-17,23.5
2024-04-08 07:00:00,61.7,18.7,322.0,10.8,9.2,162.0,7,0,4,0.9659258262890683,-0.25881904510252063,21.1
2024-04-08 08:00:00,59.8,16.9,269.0,7.4,7.5,156.0,8,0,4,0.8660254037844387,-0.4999999999999998,18.7
2024-04-08 09:00:00,59.4,15.9,237.0,5.9,6.2,147.0,9,0,4,0.7071067811865476,-0.7071067811865475,16.9
2024-04-08 10:00:00,59.6,16.5,232.0,6.4,5.6,137.0,10,0,4,0.49999999999999994,-0.8660254037844387,15.9
2024-04-08 11:00:00,60.8,17.3,249.0,8.9,5.3,125.0,11,0,4,0.258819045102521,-0.9659258262890682,16.5
2024-04-08 12:00:00,55.3,18.9,294.0,13.8,5.3,112.0,12,0,4,1.2246467991473532e-16,-1.0,17.3
2024-04-08 13:00:00,56.7,21.2,342.0,20.2,5.3,99.0,13,0,4,-0.2588190451025208,-0.9659258262890683,18.9
2024-04-08 14:00:00,53.9,23.3,407.0,28.8,5.3,82.0,14,0,4,-0.4999999999999997,-0.8660254037844388,21.2
2024-04-08 15:00:00,50.1,23.1,443.0,34.0,5.3,70.0,15,0,4,-0.7071067811865471,-0.7071067811865479,23.3
2024-04-08 16:00:00,44.4,20.4,427.0,32.8,5.4,68.0,16,0,4,-0.8660254037844384,-0.5000000000000004,23.1
2024-04-08 17:00:00,39.5,18.0,382.0,28.1,5.6,70.0,17,0,4,-0.9659258262890683,-0.25881904510252063,20.4
2024-04-08 18:00:00,35.9,16.2,337.0,23.3,5.6,73.0,18,0,4,-1.0,-1.8369701987210297e-16,18.0
2024-04-08 19:00:00,33.1,14.4,296.0,19.1,5.3,75.0,19,0,4,-0.9659258262890684,0.2588190451025203,16.2
2024-04-08 20:00:00,30.7,12.9,254.0,14.7,4.8,77.0,20,0,4,-0.8660254037844386,0.5000000000000001,14.4
2024-04-08 21:00:00,28.7,11.8,222.0,11.2,4.4,79.0,21,0,4,-0.7071067811865477,0.7071067811865474,12.9
2024-04-08 22:00:00,26.5,11.3,194.0,8.0,4.2,80.0,22,0,4,-0.5000000000000004,0.8660254037844384,11.8
2024-04-08 23:00:00,25.0,11.0,177.0,5.7,4.0,81.0,23,0,4,-0.25881904510252157,0.9659258262890681,11.3
2024-04-09 00:00:00,23.6,10.7,194.0,6.5,4.1,79.0,0,1,4,0.0,1.0,11.0
2024-04-09 01:00:00,25.3,11.1,299.0,14.7,4.8,70.0,1,1,4,0.25881904510252074,0.9659258262890683,10.7
2024-04-09 02:00:00,29.2,13.4,439.0,25.7,5.8,59.0,2,1,4,0.49999999999999994,0.8660254037844387,11.1
2024-04-09 03:00:00,36.0,17.1,522.0,31.7,6.7,58.0,3,1,4,0.7071067811865475,0.7071067811865476,13.4
2024-04-09 04:00:00,40.5,18.3,491.0,28.1,7.6,79.0,4,1,4,0.8660254037844386,0.5000000000000001,17.1
2024-04-09 05:00:00,40.2,16.8,402.0,19.6,8.4,110.0,5,1,4,0.9659258262890683,0.25881904510252074,18.3
2024-04-09 06:00:00,36.8,15.0,324.0,12.5,8.6,133.0,6,1,4,1.0,6.123233995736766e-17,16.8
2024-04-09 07:00:00,34.1,13.1,278.0,8.8,7.8,139.0,7,1,4,0.9659258262890683,-0.25881904510252063,15.0
2024-04-09 08:00:00,31.7,12.0,243.0,6.4,6.6,136.0,8,1,4,0.8660254037844387,-0.4999999999999998,13.1
2024-04-09 09:00:00,31.0,11.9,224.0,5.5,5.6,130.0,9,1,4,0.7071067811865476,-0.7071067811865475,12.0
2024-04-09 10:00:00,31.1,11.9,225.0,6.3,5.4,122.0,10,1,4,0.49999999999999994,-0.8660254037844387,11.9
2024-04-09 11:00:00,32.5,12.0,242.0,8.5,5.6,111.0,11,1,4,0.258819045102521,-0.9659258262890682,11.9
2024-04-09 12:00:00,30.2,11.6,275.0,12.5,5.8,100.0,12,1,4,1.2246467991473532e-16,-1.0,12.0
2024-04-09 13:00:00,32.8,13.0,323.0,19.5,5.6,82.0,13,1,4,-0.2588190451025208,-0.9659258262890683,11.6
2024-04-09 14:00:00,35.0,15.2,388.0,28.9,5.4,58.0,14,1,4,-0.4999999999999997,-0.8660254037844388,13.0
2024-04-09 15:00:00,38.3,16.9,424.0,34.6,5.2,41.0,15,1,4,-0.7071067811865471,-0.7071067811865479,15.2
2024-04-09 16:00:00,42.4,17.4,405.0,33.1,5.2,37.0,16,1,4,-0.8660254037844384,-0.5000000000000004,16.9
2024-04-09 17:00:00,43.5,17.4,357.0,27.8,5.3,39.0,17,1,4,-0.9659258262890683,-0.25881904510252063,17.4
2024-04-09 18:00:00,44.9,17.5,310.0,22.6,5.3,42.0,18,1,4,-1.0,-1.8369701987210297e-16,17.4
2024-04-09 19:00:00,44.9,17.2,274.0,18.8,5.1,43.0,19,1,4,-0.9659258262890684,0.2588190451025203,17.5
2024-04-09 20:00:00,43.5,16.5,240.0,15.2,4.8,44.0,20,1,4,-0.8660254037844386,0.5000000000000001,17.2
2024-04-09 21:00:00,41.2,15.6,211.0,12.1,4.5,46.0,21,1,4,-0.7071067811865477,0.7071067811865474,16.5
2024-04-09 22:00:00,38.4,14.8,182.0,9.2,4.3,49.0,22,1,4,-0.5000000000000004,0.8660254037844384,15.6
2024-04-09 23:00:00,35.7,14.1,158.0,6.8,4.2,52.0,23,1,4,-0.25881904510252157,0.9659258262890681,14.8
2024-04-10 00:00:00,36.0,14.3,161.0,6.9,4.3,52.0,0,2,4,0.0,1.0,14.1
2024-04-10 01:00:00,35.9,14.8,224.0,11.6,5.1,48.0,1,2,4,0.25881904510252074,0.9659258262890683,14.3
2024-04-10 02:00:00,37.6,17.0,310.0,17.8,6.2,42.0,2,2,4,0.49999999999999994,0.8660254037844387,14.8
2024-04-10 03:00:00,42.0,18.4,365.0,21.4,7.2,44.0,3,2,4,0.7071067811865475,0.7071067811865476,17.0
2024-04-10 04:00:00,44.6,18.6,361.0,19.8,8.3,59.0,4,2,4,0.8660254037844386,0.5000000000000001,18.4
2024-04-10 05:00:00,45.9,19.1,327.0,15.5,9.3,80.0,5,2,4,0.9659258262890683,0.25881904510252074,18.6
2024-04-10 06:00:00,46.1,19.0,292.0,11.6,9.6,97.0,6,2,4,1.0,6.123233995736766e-17,19.1
2024-04-10 07:00:00,45.8,18.7,263.0,8.9,8.7,104.0,7,2,4,0.9659258262890683,-0.25881904510252063,19.0
2024-04-10 08:00:00,44.7,18.2,234.0,6.6,7.1,107.0,8,2,4,0.8660254037844387,-0.4999999999999998,18.7
2024-04-10 09:00:00,43.8,17.3,215.0,5.6,5.9,104.0,9,2,4,0.7071067811865476,-0.7071067811865475,18.2
2024-04-10 10:00:00,41.7,16.3,212.0,6.4,5.4,94.0,10,2,4,0.49999999999999994,-0.8660254037844387,17.3
2024-04-10 11:00:00,39.8,15.8,219.0,8.4,5.2,79.0,11,2,4,0.258819045102521,-0.9659258262890682,16.3
2024-04-10 12:00:00,43.2,17.1,237.0,11.1,5.7,69.0,12,2,4,1.2246467991473532e-16,-1.0,15.8
2024-04-10 13:00:00,41.0,17.1,252.0,14.2,5.7,61.0,13,2,4,-0.2588190451025208,-0.9659258262890683,17.1
2024-04-10 14:00:00,38.1,17.3,274.0,18.6,5.7,51.0,14,2,4,-0.4999999999999997,-0.8660254037844388,17.1
2024-04-10 15:00:00,37.0,17.5,298.0,22.7,5.8,42.0,15,2,4,-0.7071067811865471,-0.7071067811865479,17.3
2024-04-10 16:00:00,36.2,17.6,329.0,26.6,6.1,37.0,16,2,4,-0.8660254037844384,-0.5000000000000004,17.5
2024-04-10 17:00:00,35.7,18.5,362.0,30.3,6.4,33.0,17,2,4,-0.9659258262890683,-0.25881904510252063,17.6
2024-04-10 18:00:00,36.3,19.2,378.0,32.0,6.5,32.0,18,2,4,-1.0,-1.8369701987210297e-16,18.5
2024-04-10 19:00:00,36.2,19.2,367.0,30.7,6.3,34.0,19,2,4,-0.9659258262890684,0.2588190451025203,19.2
2024-04-10 20:00:00,35.5,18.8,339.0,27.4,5.9,37.0,20,2,4,-0.8660254037844386,0.5000000000000001,19.2
2024-04-10 21:00:00,34.7,18.4,309.0,23.9,5.5,41.0,21,2,4,-0.7071067811865477,0.7071067811865474,18.8
2024-04-10 22:00:00,34.5,18.2,272.0,19.7,5.3,44.0,22,2,4,-0.5000000000000004,0.8660254037844384,18.4
2024-04-10 23:00:00,35.9,18.7,232.0,15.1,5.1,48.0,23,2,4,-0.25881904510252157,0.9659258262890681,18.2
2024-04-11 00:00:00,30.3,16.1,206.0,12.7,4.8,50.0,0,3,4,0.0,1.0,18.7
2024-04-11 01:00:00,31.5,17.5,248.0,16.1,5.0,48.0,1,3,4,0.25881904510252074,0.9659258262890683,16.1
2024-04-11 02:00:00,34.3,19.4,304.0,20.5,5.2,45.0,2,3,4,0.49999999999999994,0.8660254037844387,17.5
2024-04-11 03:00:00,38.3,20.0,336.0,22.4,5.7,51.0,3,3,4,0.7071067811865475,0.7071067811865476,19.4
2024-04-11 04:00:00,42.6,18.1,321.0,19.2,6.7,71.0,4,3,4,0.8660254037844386,0.5000000000000001,20.0
2024-04-11 05:00:00,49.0,18.0,282.0,13.4,8.0,99.0,5,3,4,0.9659258262890683,0.25881904510252074,18.1
2024-04-11 06:00:00,55.4,18.5,250.0,8.7,8.8,122.0,6,3,4,1.0,6.123233995736766e-17,18.0
2024-04-11 07:00:00,61.2,19.0,233.0,6.5,8.6,135.0,7,3,4,0.9659258262890683,-0.25881904510252063,18.5
2024-04-11 08:00:00,66.8,19.6,223.0,5.4,7.9,142.0,8,3,4,0.8660254037844387,-0.4999999999999998,19.0
2024-04-11 09:00:00,71.0,20.0,221.0,5.4,7.3,144.0,9,3,4,0.7071067811865476,-0.7071067811865475,19.6
2024-04-11 10:00:00,72.4,20.0,229.0,6.6,7.3,139.0,10,3,4,0.49999999999999994,-0.8660254037844387,20.0
2024-04-11 11:00:00,71.7,19.9,245.0,8.9,7.4,129.0,11,3,4,0.258819045102521,-0.9659258262890682,20.0
2024-04-11 12:00:00,44.4,13.7,270.0,11.3,7.8,116.0,12,3,4,1.2246467991473532e-16,-1.0,19.9
2024-04-11 13:00:00,43.4,13.9,282.0,14.2,7.1,103.0,13,3,4,-0.2588190451025208,-0.9659258262890683,13.7
2024-04-11 14:00:00,41.6,14.4,300.0,18.3,6.3,84.0,14,3,4,-0.4999999999999997,-0.8660254037844388,13.9
2024-04-11 15:00:00,41.6,14.9,321.0,22.3,5.8,68.0,15,3,4,-0.7071067811865471,-0.7071067811865479,14.4
2024-04-11 16:00:00,41.9,15.4,354.0,26.6,6.2,58.0,16,3,4,-0.8660254037844384,-0.5000000000000004,14.9
2024-04-11 17:00:00,42.0,16.8,390.0,30.9,7.0,50.0,17,3,4,-0.9659258262890683,-0.25881904510252063,15.4
2024-04-11 18:00:00,42.4,18.2,407.0,32.9,7.5,46.0,18,3,4,-1.0,-1.8369701987210297e-16,16.8
2024-04-11 19:00:00,40.5,18.3,391.0,31.3,7.4,45.0,19,3,4,-0.9659258262890684,0.2588190451025203,18.2
2024-04-11 20:00:00,38.4,17.6,355.0,27.5,7.0,47.0,20,3,4,-0.8660254037844386,0.5000000000000001,18.3
2024-04-11 21:00:00,36.4,16.3,315.0,23.2,6.5,50.0,21,3,4,-0.7071067811865477,0.7071067811865474,17.6
2024-04-11 22:00:00,34.5,15.0,267.0,18.2,6.0,54.0,22,3,4,-0.5000000000000004,0.8660254037844384,16.3
2024-04-11 23:00:00,31.8,13.8,215.0,12.8,5.5,59.0,23,3,4,-0.25881904510252157,0.9659258262890681,15.0
2024-04-12 00:00:00,30.3,13.3,200.0,10.6,5.4,60.0,0,4,4,0.0,1.0,13.8
2024-04-12 01:00:00,29.6,13.6,249.0,14.3,5.9,58.0,1,4,4,0.25881904510252074,0.9659258262890683,13.3
2024-04-12 02:00:00,32.2,15.8,314.0,19.1,6.7,55.0,2,4,4,0.49999999999999994,0.8660254037844387,13.6
2024-04-12 03:00:00,36.8,16.5,352.0,21.4,7.4,59.0,3,4,4,0.7071067811865475,0.7071067811865476,15.8
2024-04-12 04:00:00,42.3,16.5,336.0,18.5,8.0,75.0,4,4,4,0.8660254037844386,0.5000000000000001,16.5
2024-04-12 05:00:00,43.0,16.0,293.0,13.1,8.6,97.0,5,4,4,0.9659258262890683,0.25881904510252074,16.5
2024-04-12 06:00:00,43.8,15.7,255.0,8.6,8.7,113.0,6,4,4,1.0,6.123233995736766e-17,16.0
2024-04-12 07:00:00,44.8,15.1,232.0,6.4,7.9,119.0,7,4,4,0.9659258262890683,-0.25881904510252063,15.7
2024-04-12 08:00:00,44.8,14.4,215.0,5.2,6.6,119.0,8,4,4,0.8660254037844387,-0.4999999999999998,15.1
2024-04-12 09:00:00,44.7,13.5,205.0,5.0,5.7,114.0,9,4,4,0.7071067811865476,-0.7071067811865475,14.4
2024-04-12 10:00:00,44.0,12.7,207.0,6.1,5.5,103.0,10,4,4,0.49999999999999994,-0.8660254037844387,13.5
2024-04-12 11:00:00,43.3,12.0,217.0,8.1,5.7,88.0,11,4,4,0.258819045102521,-0.9659258262890682,12.7
2024-04-12 12:00:00,30.5,8.6,211.0,9.4,5.2,74.0,12,4,4,1.2246467991473532e-16,-1.0,12.0
2024-04-12 13:00:00,29.5,8.7,217.0,11.6,5.2,66.0,13,4,4,-0.2588190451025208,-0.9659258262890683,8.6
2024-04-12 14:00:00,26.8,8.7,226.0,14.7,5.3,55.0,14,4,4,-0.4999999999999997,-0.8660254037844388,8.7
2024-04-12 15:00:00,25.4,9.0,234.0,17.3,5.4,46.0,15,4,4,-0.7071067811865471,-0.7071067811865479,8.7
2024-04-12 16:00:00,25.6,9.3,244.0,19.1,5.6,42.0,16,4,4,-0.8660254037844384,-0.5000000000000004,9.0
2024-04-12 17:00:00,26.4,9.9,255.0,20.4,5.9,40.0,17,4,4,-0.9659258262890683,-0.25881904510252063,9.3
2024-04-12 18:00:00,27.5,10.8,254.0,20.4,5.9,39.0,18,4,4,-1.0,-1.8369701987210297e-16,9.9
2024-04-12 19:00:00,28.5,11.0,234.0,18.3,5.5,40.0,19,4,4,-0.9659258262890684,0.2588190451025203,10.8
2024-04-12 20:00:00,26.7,10.3,204.0,14.9,4.8,43.0,20,4,4,-0.8660254037844386,0.5000000000000001,11.0
2024-04-12 21:00:00,26.3,9.8,178.0,12.0,4.3,45.0,21,4,4,-0.7071067811865477,0.7071067811865474,10.3
2024-04-12 22:00:00,27.0,9.8,159.0,10.0,4.1,47.0,22,4,4,-0.5000000000000004,0.8660254037844384,9.8
2024-04-12 23:00:00,27.2,10.0,143.0,8.5,4.0,48.0,23,4,4,-0.25881904510252157,0.9659258262890681,9.8
2024-04-13 00:00:00,27.4,9.8,134.0,6.9,3.7,51.0,0,5,4,0.0,1.0,10.0
2024-04-13 01:00:00,27.5,10.8,160.0,8.7,4.4,50.0,1,5,4,0.25881904510252074,0.9659258262890683,9.8
2024-04-13 02:00:00,30.5,12.6,195.0,11.1,5.4,49.0,2,5,4,0.49999999999999994,0.8660254037844387,10.8
2024-04-13 03:00:00,33.6,13.9,218.0,12.2,6.2,52.0,3,5,4,0.7071067811865475,0.7071067811865476,12.6
2024-04-13 04:00:00,39.6,14.5,219.0,10.7,6.7,64.0,4,5,4,0.8660254037844386,0.5000000000000001,13.9
2024-04-13 05:00:00,44.8,15.7,208.0,7.8,7.1,81.0,5,5,4,0.9659258262890683,0.25881904510252074,14.5
2024-04-13 06:00:00,50.9,16.8,198.0,5.6,7.1,93.0,6,5,4,1.0,6.123233995736766e-17,15.7
2024-04-13 07:00:00,57.2,17.8,192.0,4.6,6.5,98.0,7,5,4,0.9659258262890683,-0.25881904510252063,16.8
2024-04-13 08:00:00,60.1,18.3,186.0,4.2,5.7,98.0,8,5,4,0.8660254037844387,-0.4999999999999998,17.8
2024-04-13 09:00:00,58.6,17.8,185.0,4.5,4.9,95.0,9,5,4,0.7071067811865476,-0.7071067811865475,18.3
2024-04-13 10:00:00,57.5,17.1,189.0,5.6,4.4,88.0,10,5,4,0.49999999999999994,-0.8660254037844387,17.8
2024-04-13 11:00:00,72.9,17.6,198.0,7.4,4.0,78.0,11,5,4,0.258819045102521,-0.9659258262890682,17.1
2024-04-13 12:00:00,67.1,15.3,222.0,10.1,5.8,79.0,12,5,4,1.2246467991473532e-16,-1.0,17.6
2024-04-13 13:00:00,70.5,16.5,265.0,16.3,5.9,67.0,13,5,4,-0.2588190451025208,-0.9659258262890683,15.3
2024-04-13 14:00:00,62.2,16.5,324.0,24.7,6.0,51.0,14,5,4,-0.4999999999999997,-0.8660254037844388,16.5
2024-04-13 15:00:00,56.9,16.4,363.0,30.4,6.1,39.0,15,5,4,-0.7071067811865471,-0.7071067811865479,16.5
2024-04-13 16:00:00,52.3,16.3,366.0,31.3,6.0,35.0,16,5,4,-0.8660254037844384,-0.5000000000000004,16.4
2024-04-13 17:00:00,50.1,15.9,349.0,29.6,5.9,36.0,17,5,4,-0.9659258262890683,-0.25881904510252063,16.3
2024-04-13 18:00:00,47.0,15.3,321.0,26.6,5.7,38.0,18,5,4,-1.0,-1.8369701987210297e-16,15.9
2024-04-13 19:00:00,48.9,14.5,277.0,21.8,5.3,42.0,19,5,4,-0.9659258262890684,0.2588190451025203,15.3
2024-04-13 20:00:00,46.3,14.3,223.0,15.7,4.8,47.0,20,5,4,-0.8660254037844386,0.5000000000000001,14.5
2024-04-13 21:00:00,43.0,13.8,187.0,11.7,4.6,50.0,21,5,4,-0.7071067811865477,0.7071067811865474,14.3
2024-04-13 22:00:00,39.3,13.4,181.0,11.4,4.6,47.0,22,5,4,-0.5000000000000004,0.8660254037844384,13.8
2024-04-13 23:00:00,36.3,13.3,193.0,13.2,4.9,41.0,23,5,4,-0.25881904510252157,0.9659258262890681,13.4
2024-04-14 00:00:00,35.6,14.2,207.0,14.6,5.4,38.0,0,6,4,0.0,1.0,13.3
2024-04-14 01:00:00,34.8,15.1,233.0,17.3,6.5,38.0,1,6,4,0.25881904510252074,0.9659258262890683,14.2
2024-04-14 02:00:00,36.8,17.6,269.0,20.9,8.0,38.0,2,6,4,0.49999999999999994,0.8660254037844387,15.1
2024-04-14 03:00:00,37.1,14.6,294.0,23.0,9.2,40.0,3,6,4,0.7071067811865475,0.7071067811865476,17.6
2024-04-14 04:00:00,61.7,17.3,296.0,22.3,9.6,45.0,4,6,4,0.8660254037844386,0.5000000000000001,14.6
2024-04-14 05:00:00,53.6,17.1,286.0,20.2,9.8,52.0,5,6,4,0.9659258262890683,0.25881904510252074,17.3
2024-04-14 06:00:00,122.0,24.2,279.0,18.4,10.8,59.0,6,6,4,1.0,6.123233995736766e-17,17.1
2024-04-14 07:00:00,155.1,28.4,278.0,17.4,13.2,65.0,7,6,4,0.9659258262890683,-0.25881904510252063,24.2
2024-04-14 08:00:00,184.9,32.2,279.0,16.7,16.4,70.0,8,6,4,0.8660254037844387,-0.4999999999999998,28.4
2024-04-14 09:00:00,191.4,34.2,284.0,16.9,19.7,74.0,9,6,4,0.7071067811865476,-0.7071067811865475,32.2
2024-04-14 10:00:00,189.5,35.0,290.0,18.3,23.6,75.0,10,6,4,0.49999999999999994,-0.8660254037844387,34.2
2024-04-14 11:00:00,216.1,37.8,299.0,20.7,27.7,74.0,11,6,4,0.258819045102521,-0.9659258262890682,35.0
2024-04-14 12:00:00,193.7,34.7,281.0,20.2,28.6,71.0,12,6,4,1.2246467991473532e-16,-1.0,37.8
2024-04-14 13:00:00,188.6,35.0,320.0,24.7,28.1,63.0,13,6,4,-0.2588190451025208,-0.9659258262890683,34.7
2024-04-14 14:00:00,183.9,37.1,375.0,30.8,27.3,52.0,14,6,4,-0.4999999999999997,-0.8660254037844388,35.0
2024-04-14 15:00:00,167.6,38.1,414.0,35.0,25.6,43.0,15,6,4,-0.7071067811865471,-0.7071067811865479,37.1
2024-04-14 16:00:00,149.9,38.8,424.0,35.5,22.1,40.0,16,6,4,-0.8660254037844384,-0.5000000000000004,38.1
2024-04-14 17:00:00,140.6,37.8,419.0,34.2,17.6,40.0,17,6,4,-0.9659258262890683,-0.25881904510252063,38.8
2024-04-14 18:00:00,130.9,36.6,413.0,33.0,14.3,40.0,18,6,4,-1.0,-1.8369701987210297e-16,37.8
2024-04-14 19:00:00,128.1,37.1,414.0,32.9,13.2,40.0,19,6,4,-0.9659258262890684,0.2588190451025203,36.6
2024-04-14 20:00:00,130.9,36.6,416.0,32.8,13.3,40.0,20,6,4,-0.8660254037844386,0.5000000000000001,37.1
2024-04-14 21:00:00,113.9,36.3,408.0,31.9,13.4,40.0,21,6,4,-0.7071067811865477,0.7071067811865474,36.6
2024-04-14 22:00:00,99.9,34.5,372.0,28.1,12.9,42.0,22,6,4,-0.5000000000000004,0.8660254037844384,36.3
2024-04-14 23:00:00,91.0,32.4,327.0,23.5,12.3,44.0,23,6,4,-0.25881904510252157,0.9659258262890681,34.5
2024-04-15 00:00:00,88.7,28.4,271.0,15.7,9.9,54.0,0,0,4,0.0,1.0,32.4
2024-04-15 01:00:00,78.2,26.8,340.0,21.5,9.8,47.0,1,0,4,0.25881904510252074,0.9659258262890683,28.4
2024-04-15 02:00:00,73.3,27.8,431.0,29.2,9.8,39.0,2,0,4,0.49999999999999994,0.8660254037844387,26.8
2024-04-15 03:00:00,76.1,28.6,477.0,32.7,9.7,38.0,3,0,4,0.7071067811865475,0.7071067811865476,27.8
2024-04-15 04:00:00,68.7,24.6,434.0,27.8,9.8,51.0,4,0,4,0.8660254037844386,0.5000000000000001,28.6
2024-04-15 05:00:00,56.7,21.0,346.0,18.6,10.0,71.0,5,0,4,0.9659258262890683,0.25881904510252074,24.6
2024-04-15 06:00:00,53.1,18.5,275.0,11.3,9.8,87.0,6,0,4,1.0,6.123233995736766e-17,21.0
2024-04-15 07:00:00,57.6,17.6,247.0,8.1,8.9,95.0,7,0,4,0.9659258262890683,-0.25881904510252063,18.5
2024-04-15 08:00:00,68.9,18.0,237.0,6.7,7.7,98.0,8,0,4,0.8660254037844387,-0.4999999999999998,17.6
2024-04-15 09:00:00,80.1,19.2,231.0,6.2,6.6,97.0,9,0,4,0.7071067811865476,-0.7071067811865475,18.0
2024-04-15 10:00:00,82.7,18.9,226.0,6.6,5.9,90.0,10,0,4,0.49999999999999994,-0.8660254037844387,19.2
2024-04-15 11:00:00,77.5,17.8,226.0,7.8,5.3,78.0,11,0,4,0.258819045102521,-0.9659258262890682,18.9
2024-04-15 12:00:00,71.2,14.8,225.0,9.9,5.4,66.0,12,0,4,1.2246467991473532e-16,-1.0,17.8
2024-04-15 13:00:00,63.1,14.0,248.0,13.2,5.3,58.0,13,0,4,-0.2588190451025208,-0.9659258262890683,14.8
2024-04-15 14:00:00,49.5,13.2,278.0,17.7,5.1,47.0,14,0,4,-0.4999999999999997,-0.8660254037844388,14.0
2024-04-15 15:00:00,40.7,12.6,296.0,20.5,4.9,40.0,15,0,4,-0.7071067811865471,-0.7071067811865479,13.2
2024-04-15 16:00:00,37.0,12.5,290.0,20.1,4.8,39.0,16,0,4,-0.8660254037844384,-0.5000000000000004,12.6
2024-04-15 17:00:00,35.3,12.7,271.0,18.2,4.7,41.0,17,0,4,-0.9659258262890683,-0.25881904510252063,12.5
2024-04-15 18:00:00,34.9,12.5,255.0,16.4,4.7,43.0,18,0,4,-1.0,-1.8369701987210297e-16,12.7
2024-04-15 19:00:00,33.4,12.6,246.0,15.6,4.7,43.0,19,0,4,-0.9659258262890684,0.2588190451025203,12.5
2024-04-15 20:00:00,32.0,12.5,239.0,14.9,4.7,42.0,20,0,4,-0.8660254037844386,0.5000000000000001,12.6
2024-04-15 21:00:00,29.2,11.9,232.0,14.3,4.7,42.0,21,0,4,-0.7071067811865477,0.7071067811865474,12.5
2024-04-15 22:00:00,26.3,11.4,220.0,13.2,4.6,42.0,22,0,4,-0.5000000000000004,0.8660254037844384,11.9
2024-04-15 23:00:00,23.9,11.0,208.0,12.1,4.6,42.0,23,0,4,-0.25881904510252157,0.9659258262890681,11.4
2024-04-16 00:00:00,21.7,11.0,218.0,13.0,5.2,40.0,0,1,4,0.0,1.0,11.0
2024-04-16 01:00:00,21.4,11.4,267.0,16.2,5.8,39.0,1,1,4,0.25881904510252074,0.9659258262890683,11.0
2024-04-16 02:00:00,23.6,13.2,333.0,20.6,6.7,38.0,2,1,4,0.49999999999999994,0.8660254037844387,11.4
2024-04-16 03:00:00,27.8,13.9,373.0,22.6,8.5,43.0,3,1,4,0.7071067811865475,0.7071067811865476,13.2
2024-04-16 04:00:00,42.3,14.1,363.0,20.3,12.0,61.0,4,1,4,0.8660254037844386,0.5000000000000001,13.9
2024-04-16 05:00:00,65.4,16.9,327.0,15.7,16.3,86.0,5,1,4,0.9659258262890683,0.25881904510252074,14.1
2024-04-16 06:00:00,90.1,21.0,293.0,11.8,19.5,105.0,6,1,4,1.0,6.123233995736766e-17,16.9
2024-04-16 07:00:00,112.7,24.8,268.0,9.6,20.6,112.0,7,1,4,0.9659258262890683,-0.25881904510252063,21.0
2024-04-16 08:00:00,114.3,25.2,245.0,8.1,20.6,113.0,8,1,4,0.8660254037844387,-0.4999999999999998,24.8
2024-04-16 09:00:00,115.3,26.7,229.0,7.4,20.8,113.0,9,1,4,0.7071067811865476,-0.7071067811865475,25.2
2024-04-16 10:00:00,126.2,29.7,217.0,6.9,21.8,116.0,10,1,4,0.49999999999999994,-0.8660254037844387,26.7
2024-04-16 11:00:00,133.6,32.0,213.0,7.3,23.1,117.0,11,1,4,0.258819045102521,-0.9659258262890682,29.7
2024-04-16 12:00:00,94.1,25.6,233.0,10.3,18.1,113.0,12,1,4,1.2246467991473532e-16,-1.0,32.0
2024-04-16 13:00:00,94.5,26.8,280.0,16.5,17.8,98.0,13,1,4,-0.2588190451025208,-0.9659258262890683,25.6
2024-04-16 14:00:00,92.0,29.2,345.0,25.1,17.6,78.0,14,1,4,-0.4999999999999997,-0.8660254037844388,26.8
2024-04-16 15:00:00,96.2,32.2,391.0,31.3,18.6,62.0,15,1,4,-0.7071067811865471,-0.7071067811865479,29.2
2024-04-16 16:00:00,105.2,34.7,400.0,32.9,22.3,56.0,16,1,4,-0.8660254037844384,-0.5000000000000004,32.2
2024-04-16 17:00:00,106.2,36.2,391.0,32.3,27.1,54.0,17,1,4,-0.9659258262890683,-0.25881904510252063,34.7
2024-04-16 18:00:00,102.0,36.4,384.0,31.4,30.0,52.0,18,1,4,-1.0,-1.8369701987210297e-16,36.2
2024-04-16 19:00:00,94.1,35.9,389.0,31.3,29.3,47.0,19,1,4,-0.9659258262890684,0.2588190451025203,36.4
2024-04-16 20:00:00,82.7,33.9,395.0,30.9,26.6,42.0,20,1,4,-0.8660254037844386,0.5000000000000001,35.9
2024-04-16 21:00:00,71.7,31.2,394.0,29.7,23.5,39.0,21,1,4,-0.7071067811865477,0.7071067811865474,33.9
2024-04-16 22:00:00,60.8,27.1,367.0,26.1,19.6,41.0,22,1,4,-0.5000000000000004,0.8660254037844384,31.2
2024-04-16 23:00:00,53.7,24.3,331.0,21.5,15.3,45.0,23,1,4,-0.25881904510252157,0.9659258262890681,27.1
2024-04-17 00:00:00,45.2,18.6,254.0,10.5,5.5,70.0,0,2,4,0.0,1.0,24.3
2024-04-17 01:00:00,46.2,19.6,359.0,20.4,6.8,58.0,1,2,4,0.25881904510252074,0.9659258262890683,18.6
2024-04-17 02:00:00,52.0,23.2,500.0,33.7,8.7,43.0,2,2,4,0.49999999999999994,0.8660254037844387,19.6
2024-04-17 03:00:00,59.1,27.4,585.0,40.8,11.2,44.0,3,2,4,0.7071067811865475,0.7071067811865476,23.2
2024-04-17 04:00:00,63.1,27.7,562.0,35.7,15.1,76.0,4,2,4,0.8660254037844386,0.5000000000000001,27.4
2024-04-17 05:00:00,64.5,27.2,483.0,24.4,19.6,122.0,5,2,4,0.9659258262890683,0.25881904510252074,27.7
2024-04-17 06:00:00,63.8,27.2,404.0,14.8,21.8,155.0,6,2,4,1.0,6.123233995736766e-17,27.2
2024-04-17 07:00:00,70.3,28.1,341.0,9.6,19.8,161.0,7,2,4,0.9659258262890683,-0.25881904510252063,27.2
2024-04-17 08:00:00,72.4,26.1,278.0,6.1,15.6,153.0,8,2,4,0.8660254037844387,-0.4999999999999998,28.1
2024-04-17 09:00:00,69.4,23.3,233.0,4.2,12.1,140.0,9,2,4,0.7071067811865476,-0.7071067811865475,26.1
2024-04-17 10:00:00,66.1,20.5,214.0,4.3,10.4,123.0,10,2,4,0.49999999999999994,-0.8660254037844387,23.3
2024-04-17 11:00:00,64.5,19.3,212.0,6.1,9.3,100.0,11,2,4,0.258819045102521,-0.9659258262890682,20.5
2024-04-17 12:00:00,52.9,15.9,212.0,7.2,7.9,102.0,12,2,4,1.2246467991473532e-16,-1.0,19.3
2024-04-17 13:00:00,52.0,16.5,256.0,13.0,9.2,93.0,13,2,4,-0.2588190451025208,-0.9659258262890683,15.9
2024-04-17 14:00:00,56.9,20.5,315.0,20.9,10.8,81.0,14,2,4,-0.4999999999999997,-0.8660254037844388,16.5
2024-04-17 15:00:00,61.9,24.1,351.0,26.2,11.8,71.0,15,2,4,-0.7071067811865471,-0.7071067811865479,20.5
2024-04-17 16:00:00,62.9,25.1,344.0,26.4,11.4,66.0,16,2,4,-0.8660254037844384,-0.5000000000000004,24.1
2024-04-17 17:00:00,61.5,24.2,315.0,23.9,10.4,63.0,17,2,4,-0.9659258262890683,-0.25881904510252063,25.1
2024-04-17 18:00:00,60.5,23.4,283.0,21.1,9.2,60.0,18,2,4,-1.0,-1.8369701987210297e-16,24.2
2024-04-17 19:00:00,57.5,22.3,255.0,18.5,8.0,57.0,19,2,4,-0.9659258262890684,0.2588190451025203,23.4
2024-04-17 20:00:00,52.7,20.4,225.0,15.5,6.8,55.0,20,2,4,-0.8660254037844386,0.5000000000000001,22.3
2024-04-17 21:00:00,46.7,18.3,198.0,12.9,5.8,54.0,21,2,4,-0.7071067811865477,0.7071067811865474,20.4
2024-04-17 22:00:00,42.3,16.8,174.0,10.6,5.2,54.0,22,2,4,-0.5000000000000004,0.8660254037844384,18.3
2024-04-17 23:00:00,41.7,15.9,154.0,8.6,4.8,55.0,23,2,4,-0.25881904510252157,0.9659258262890681,16.8
2024-04-18 00:00:00,55.1,18.4,168.0,10.5,6.2,53.0,0,3,4,0.0,1.0,15.9
2024-04-18 01:00:00,54.9,17.4,176.0,10.6,6.0,54.0,1,3,4,0.25881904510252074,0.9659258262890683,18.4
2024-04-18 02:00:00,50.8,16.3,186.0,10.7,5.8,55.0,2,3,4,0.49999999999999994,0.8660254037844387,17.4
2024-04-18 03:00:00,47.1,15.0,195.0,10.5,5.8,58.0,3,3,4,0.7071067811865475,0.7071067811865476,16.3
2024-04-18 04:00:00,43.8,13.6,201.0,10.0,6.3,64.0,4,3,4,0.8660254037844386,0.5000000000000001,15.0
2024-04-18 05:00:00,44.1,13.1,206.0,9.2,7.0,71.0,5,3,4,0.9659258262890683,0.25881904510252074,13.6
2024-04-18 06:00:00,51.8,13.4,205.0,8.2,7.2,77.0,6,3,4,1.0,6.123233995736766e-17,13.1
2024-04-18 07:00:00,67.5,15.7,193.0,6.6,6.5,80.0,7,3,4,0.9659258262890683,-0.25881904510252063,13.4
2024-04-18 08:00:00,89.2,19.6,176.0,4.8,5.3,81.0,8,3,4,0.8660254037844387,-0.4999999999999998,15.7
2024-04-18 09:00:00,104.1,22.5,165.0,3.8,4.4,80.0,9,3,4,0.7071067811865476,-0.7071067811865475,19.6
2024-04-18 10:00:00,116.2,25.5,166.0,4.1,4.0,77.0,10,3,4,0.49999999999999994,-0.8660254037844387,22.5
2024-04-18 11:00:00,125.3,27.8,172.0,5.1,3.9,73.0,11,3,4,0.258819045102521,-0.9659258262890682,25.5
2024-04-18 12:00:00,142.0,32.2,172.0,6.3,3.8,73.0,12,3,4,1.2246467991473532e-16,-1.0,27.8
2024-04-18 13:00:00,144.8,33.8,180.0,8.0,4.0,69.0,13,3,4,-0.2588190451025208,-0.9659258262890683,32.2
2024-04-18 14:00:00,144.8,34.8,191.0,10.3,4.2,63.0,14,3,4,-0.4999999999999997,-0.8660254037844388,33.8
2024-04-18 15:00:00,145.8,35.4,199.0,11.9,4.3,59.0,15,3,4,-0.7071067811865471,-0.7071067811865479,34.8
2024-04-18 16:00:00,142.5,35.0,202.0,12.2,4.2,57.0,16,3,4,-0.8660254037844384,-0.5000000000000004,35.4
2024-04-18 17:00:00,137.4,33.4,202.0,11.9,4.1,57.0,17,3,4,-0.9659258262890683,-0.25881904510252063,35.0
2024-04-18 18:00:00,118.7,30.4,198.0,11.1,3.9,58.0,18,3,4,-1.0,-1.8369701987210297e-16,33.4
2024-04-18 19:00:00,95.0,26.4,187.0,9.8,3.6,61.0,19,3,4,-0.9659258262890684,0.2588190451025203,30.4
2024-04-18 20:00:00,71.9,22.4,173.0,8.1,3.4,66.0,20,3,4,-0.8660254037844386,0.5000000000000001,26.4
2024-04-18 21:00:00,53.6,19.6,163.0,6.8,3.2,71.0,21,3,4,-0.7071067811865477,0.7071067811865474,22.4
2024-04-18 22:00:00,43.0,18.6,160.0,6.0,3.2,77.0,22,3,4,-0.5000000000000004,0.8660254037844384,19.6
2024-04-18 23:00:00,39.6,19.2,161.0,5.6,3.4,84.0,23,3,4,-0.25881904510252157,0.9659258262890681,18.6
2024-04-19 00:00:00,43.2,21.4,172.0,4.9,3.3,100.0,0,4,4,0.0,1.0,19.2
2024-04-19 01:00:00,48.1,23.5,193.0,6.3,3.8,105.0,1,4,4,0.25881904510252074,0.9659258262890683,21.4
2024-04-19 02:00:00,54.6,26.1,222.0,8.1,4.4,111.0,2,4,4,0.49999999999999994,0.8660254037844387,23.5
2024-04-19 03:00:00,61.7,27.0,239.0,8.8,4.8,118.0,3,4,4,0.7071067811865475,0.7071067811865476,26.1
2024-04-19 04:00:00,61.9,26.6,232.0,7.4,4.8,126.0,4,4,4,0.8660254037844386,0.5000000000000001,27.0
2024-04-19 05:00:00,61.2,26.3,214.0,4.9,4.5,135.0,5,4,4,0.9659258262890683,0.25881904510252074,26.6
2024-04-19 06:00:00,59.1,25.7,199.0,3.1,4.2,140.0,6,4,4,1.0,6.123233995736766e-17,26.3
2024-04-19 07:00:00,56.7,25.1,194.0,2.5,4.0,140.0,7,4,4,0.9659258262890683,-0.25881904510252063,25.7
2024-04-19 08:00:00,54.9,24.9,193.0,2.6,3.8,138.0,8,4,4,0.8660254037844387,-0.4999999999999998,25.1
2024-04-19 09:00:00,53.2,24.6,195.0,2.9,3.7,135.0,9,4,4,0.7071067811865476,-0.7071067811865475,24.9
2024-04-19 10:00:00,52.5,24.6,199.0,3.5,3.6,132.0,10,4,4,0.49999999999999994,-0.8660254037844387,24.6
2024-04-19 11:00:00,52.0,24.6,207.0,4.3,3.6,130.0,11,4,4,0.258819045102521,-0.9659258262890682,24.6
2024-04-19 12:00:00,60.1,28.2,218.0,5.4,3.8,124.0,12,4,4,1.2246467991473532e-16,-1.0,24.6
2024-04-19 13:00:00,60.1,28.9,225.0,6.4,3.9,122.0,13,4,4,-0.2588190451025208,-0.9659258262890683,28.2
2024-04-19 14:00:00,59.8,29.8,234.0,7.7,4.1,120.0,14,4,4,-0.4999999999999997,-0.8660254037844388,28.9
2024-04-19 15:00:00,59.8,30.5,241.0,8.7,4.2,119.0,15,4,4,-0.7071067811865471,-0.7071067811865479,29.8
2024-04-19 16:00:00,59.0,30.5,246.0,9.2,4.3,120.0,16,4,4,-0.8660254037844384,-0.5000000000000004,30.5
2024-04-19 17:00:00,58.6,30.4,248.0,9.4,4.3,121.0,17,4,4,-0.9659258262890683,-0.25881904510252063,30.5
2024-04-19 18:00:00,57.7,29.9,246.0,9.1,4.2,122.0,18,4,4,-1.0,-1.8369701987210297e-16,30.4
2024-04-19 19:00:00,56.6,29.2,234.0,8.0,4.0,123.0,19,4,4,-0.9659258262890684,0.2588190451025203,29.9
2024-04-19 20:00:00,54.8,28.1,217.0,6.3,3.8,123.0,20,4,4,-0.8660254037844386,0.5000000000000001,29.2
2024-04-19 21:00:00,52.2,26.8,204.0,5.1,3.6,122.0,21,4,4,-0.7071067811865477,0.7071067811865474,28.1
2024-04-19 22:00:00,49.4,25.6,195.0,4.4,3.5,119.0,22,4,4,-0.5000000000000004,0.8660254037844384,26.8
2024-04-19 23:00:00,46.1,24.3,189.0,4.1,3.4,116.0,23,4,4,-0.25881904510252157,0.9659258262890681,25.6
2024-04-20 00:00:00,48.4,25.1,197.0,4.4,3.6,121.0,0,5,4,0.0,1.0,24.3
2024-04-20 01:00:00,44.2,23.5,224.0,6.9,4.0,117.0,1,5,4,0.25881904510252074,0.9659258262890683,25.1
2024-04-20 02:00:00,41.3,22.4,259.0,10.3,4.5,112.0,2,5,4,0.49999999999999994,0.8660254037844387,23.5
2024-04-20 03:00:00,41.0,20.8,278.0,12.1,5.0,109.0,3,5,4,0.7071067811865475,0.7071067811865476,22.4
2024-04-20 04:00:00,43.7,18.5,264.0,10.7,5.6,110.0,4,5,4,0.8660254037844386,0.5000000000000001,20.8
2024-04-20 05:00:00,49.9,16.8,233.0,7.7,6.2,113.0,5,5,4,0.9659258262890683,0.25881904510252074,18.5
2024-04-20 06:00:00,51.1,15.8,207.0,5.2,6.5,116.0,6,5,4,1.0,6.123233995736766e-17,16.8
2024-04-20 07:00:00,48.3,14.8,194.0,4.0,6.1,118.0,7,5,4,0.9659258262890683,-0.25881904510252063,15.8
2024-04-20 08:00:00,45.2,14.3,186.0,3.3,5.2,120.0,8,5,4,0.8660254037844387,-0.4999999999999998,14.8
2024-04-20 09:00:00,43.7,14.0,186.0,3.5,4.6,120.0,9,5,4,0.7071067811865476,-0.7071067811865475,14.3
2024-04-20 10:00:00,43.9,14.3,197.0,5.0,4.4,116.0,10,5,4,0.49999999999999994,-0.8660254037844387,14.0
2024-04-20 11:00:00,44.4,15.0,216.0,7.3,4.3,109.0,11,5,4,0.258819045102521,-0.9659258262890682,14.3
2024-04-20 12:00:00,52.9,19.2,238.0,9.6,4.5,103.0,12,5,4,1.2246467991473532e-16,-1.0,15.0
2024-04-20 13:00:00,52.4,21.3,255.0,11.5,4.5,101.0,13,5,4,-0.2588190451025208,-0.9659258262890683,19.2
2024-04-20 14:00:00,50.3,23.6,278.0,14.1,4.5,97.0,14,5,4,-0.4999999999999997,-0.8660254037844388,21.3
2024-04-20 15:00:00,50.4,25.5,291.0,15.5,4.5,95.0,15,5,4,-0.7071067811865471,-0.7071067811865479,23.6
2024-04-20 16:00:00,51.3,26.7,286.0,14.8,4.5,95.0,16,5,4,-0.8660254037844384,-0.5000000000000004,25.5
2024-04-20 17:00:00,53.1,27.6,271.0,13.0,4.5,96.0,17,5,4,-0.9659258262890683,-0.25881904510252063,26.7
2024-04-20 18:00:00,53.7,27.4,255.0,11.1,4.5,98.0,18,5,4,-1.0,-1.8369701987210297e-16,27.6
2024-04-20 19:00:00,53.4,27.1,239.0,9.4,4.3,100.0,19,5,4,-0.9659258262890684,0.2588190451025203,27.4
2024-04-20 20:00:00,52.9,26.6,223.0,7.6,4.1,102.0,20,5,4,-0.8660254037844386,0.5000000000000001,27.1
2024-04-20 21:00:00,52.4,26.2,210.0,6.3,4.0,103.0,21,5,4,-0.7071067811865477,0.7071067811865474,26.6
2024-04-20 22:00:00,52.5,26.0,201.0,5.6,4.1,102.0,22,5,4,-0.5000000000000004,0.8660254037844384,26.2
2024-04-20 23:00:00,52.7,25.7,197.0,5.4,4.2,101.0,23,5,4,-0.25881904510252157,0.9659258262890681,26.0
2024-04-21 00:00:00,55.8,26.1,205.0,6.7,4.8,96.0,0,6,4,0.0,1.0,25.7
2024-04-21 01:00:00,56.9,26.4,230.0,8.9,5.3,96.0,1,6,4,0.25881904510252074,0.9659258262890683,26.1
2024-04-21 02:00:00,60.3,28.0,263.0,11.8,5.9,96.0,2,6,4,0.49999999999999994,0.8660254037844387,26.4
2024-04-21 03:00:00,67.1,27.8,281.0,13.0,6.3,99.0,3,6,4,0.7071067811865475,0.7071067811865476,28.0
2024-04-21 04:00:00,65.7,25.8,268.0,11.0,6.1,107.0,4,6,4,0.8660254037844386,0.5000000000000001,27.8
2024-04-21 05:00:00,62.6,24.3,240.0,7.3,5.7,118.0,5,6,4,0.9659258262890683,0.25881904510252074,25.8
2024-04-21 06:00:00,58.0,22.0,216.0,4.5,5.3,125.0,6,6,4,1.0,6.123233995736766e-17,24.3
2024-04-21 07:00:00,55.4,20.7,204.0,3.5,5.0,126.0,7,6,4,0.9659258262890683,-0.25881904510252063,22.0
2024-04-21 08:00:00,54.5,20.1,197.0,3.4,4.7,124.0,8,6,4,0.8660254037844387,-0.4999999999999998,20.7
2024-04-21 09:00:00,53.7,19.6,196.0,3.8,4.5,120.0,9,6,4,0.7071067811865476,-0.7071067811865475,20.1
2024-04-21 10:00:00,53.1,19.3,202.0,4.6,4.5,116.0,10,6,4,0.49999999999999994,-0.8660254037844387,19.6
2024-04-21 11:00:00,52.0,19.4,213.0,5.9,4.6,111.0,11,6,4,0.258819045102521,-0.9659258262890682,19.3
2024-04-21 12:00:00,48.2,19.0,227.0,8.0,4.7,102.0,12,6,4,1.2246467991473532e-16,-1.0,19.4
2024-04-21 13:00:00,47.1,19.3,247.0,11.2,4.7,93.0,13,6,4,-0.2588190451025208,-0.9659258262890683,19.0
2024-04-21 14:00:00,45.8,20.6,273.0,15.5,4.6,80.0,14,6,4,-0.4999999999999997,-0.8660254037844388,19.3
2024-04-21 15:00:00,47.0,21.7,288.0,18.2,4.5,70.0,15,6,4,-0.7071067811865471,-0.7071067811865479,20.6
2024-04-21 16:00:00,49.2,22.4,282.0,18.1,4.4,65.0,16,6,4,-0.8660254037844384,-0.5000000000000004,21.7
2024-04-21 17:00:00,51.8,22.8,264.0,16.5,4.4,62.0,17,6,4,-0.9659258262890683,-0.25881904510252063,22.4
2024-04-21 18:00:00,55.5,22.6,243.0,14.4,4.2,60.0,18,6,4,-1.0,-1.8369701987210297e-16,22.8
2024-04-21 19:00:00,57.0,22.1,217.0,11.7,3.9,59.0,19,6,4,-0.9659258262890684,0.2588190451025203,22.6
2024-04-21 20:00:00,56.8,21.6,187.0,8.5,3.5,59.0,20,6,4,-0.8660254037844386,0.5000000000000001,22.1
2024-04-21 21:00:00,56.0,21.4,164.0,6.1,3.2,60.0,21,6,4,-0.7071067811865477,0.7071067811865474,21.6
2024-04-21 22:00:00,55.5,21.7,152.0,4.9,3.1,60.0,22,6,4,-0.5000000000000004,0.8660254037844384,21.4
2024-04-21 23:00:00,54.2,22.5,147.0,4.5,3.2,61.0,23,6,4,-0.25881904510252157,0.9659258262890681,21.7
2024-04-22 00:00:00,50.2,22.1,148.0,5.0,3.5,62.0,0,0,4,0.0,1.0,22.5
2024-04-22 01:00:00,49.2,21.6,171.0,6.6,4.0,61.0,1,0,4,0.25881904510252074,0.9659258262890683,22.1
2024-04-22 02:00:00,50.6,21.2,202.0,8.8,4.6,61.0,2,0,4,0.49999999999999994,0.8660254037844387,21.6
2024-04-22 03:00:00,59.6,21.5,221.0,9.8,5.0,63.0,3,0,4,0.7071067811865475,0.7071067811865476,21.2
2024-04-22 04:00:00,62.4,21.2,216.0,8.5,5.0,71.0,4,0,4,0.8660254037844386,0.5000000000000001,21.5
2024-04-22 05:00:00,65.9,21.1,198.0,6.1,4.8,82.0,5,0,4,0.9659258262890683,0.25881904510252074,21.2
2024-04-22 06:00:00,68.2,21.0,184.0,4.2,4.6,90.0,6,0,4,1.0,6.123233995736766e-17,21.1
2024-04-22 07:00:00,68.2,20.6,178.0,3.5,4.4,94.0,7,0,4,0.9659258262890683,-0.25881904510252063,21.0
2024-04-22 08:00:00,67.3,20.1,175.0,3.3,4.3,94.0,8,0,4,0.8660254037844387,-0.4999999999999998,20.6
2024-04-22 09:00:00,66.6,19.7,176.0,3.7,4.2,93.0,9,0,4,0.7071067811865476,-0.7071067811865475,20.1
2024-04-22 10:00:00,65.0,19.4,183.0,4.6,4.3,89.0,10,0,4,0.49999999999999994,-0.8660254037844387,19.7
2024-04-22 11:00:00,63.6,19.2,194.0,6.0,4.4,83.0,11,0,4,0.258819045102521,-0.9659258262890682,19.4
2024-04-22 12:00:00,55.2,17.6,202.0,8.0,4.5,78.0,12,0,4,1.2246467991473532e-16,-1.0,19.2
2024-04-22 13:00:00,54.4,17.9,216.0,10.8,4.3,71.0,13,0,4,-0.2588190451025208,-0.9659258262890683,17.6
2024-04-22 14:00:00,52.2,18.6,234.0,14.6,3.9,62.0,14,0,4,-0.4999999999999997,-0.8660254037844388,17.9
2024-04-22 15:00:00,51.2,19.2,245.0,17.1,3.7,56.0,15,0,4,-0.7071067811865471,-0.7071067811865479,18.6
2024-04-22 16:00:00,49.7,19.7,243.0,17.1,3.8,57.0,16,0,4,-0.8660254037844384,-0.5000000000000004,19.2
2024-04-22 17:00:00,51.1,19.9,233.0,15.8,3.9,61.0,17,0,4,-0.9659258262890683,-0.25881904510252063,19.7
2024-04-22 18:00:00,51.1,20.1,219.0,14.0,4.0,65.0,18,0,4,-1.0,-1.8369701987210297e-16,19.9
2024-04-22 19:00:00,51.3,20.3,200.0,11.8,3.8,68.0,19,0,4,-0.9659258262890684,0.2588190451025203,20.1
2024-04-22 20:00:00,51.2,20.1,176.0,9.2,3.6,70.0,20,0,4,-0.8660254037844386,0.5000000000000001,20.3
2024-04-22 21:00:00,51.1,19.9,158.0,7.2,3.4,71.0,21,0,4,-0.7071067811865477,0.7071067811865474,20.1
2024-04-22 22:00:00,51.5,20.1,146.0,6.2,3.4,71.0,22,0,4,-0.5000000000000004,0.8660254037844384,19.9
2024-04-22 23:00:00,50.5,19.9,139.0,5.7,3.6,69.0,23,0,4,-0.25881904510252157,0.9659258262890681,20.1
2024-04-23 00:00:00,40.6,18.7,149.0,6.0,3.8,71.0,0,1,4,0.0,1.0,19.9
2024-04-23 01:00:00,43.1,18.5,171.0,7.7,4.1,70.0,1,1,4,0.25881904510252074,0.9659258262890683,18.7
2024-04-23 02:00:00,51.9,19.2,200.0,9.9,4.6,70.0,2,1,4,0.49999999999999994,0.8660254037844387,18.5
2024-04-23 03:00:00,58.3,19.8,220.0,11.0,5.0,73.0,3,1,4,0.7071067811865475,0.7071067811865476,19.2
2024-04-23 04:00:00,62.9,20.2,221.0,9.7,5.4,84.0,4,1,4,0.8660254037844386,0.5000000000000001,19.8
2024-04-23 05:00:00,67.8,21.0,212.0,7.2,5.8,99.0,5,1,4,0.9659258262890683,0.25881904510252074,20.2
2024-04-23 06:00:00,71.7,21.6,204.0,5.2,5.9,110.0,6,1,4,1.0,6.123233995736766e-17,21.0
2024-04-23 07:00:00,72.6,21.7,198.0,4.4,5.6,114.0,7,1,4,0.9659258262890683,-0.25881904510252063,21.6
2024-04-23 08:00:00,71.5,21.3,192.0,4.1,5.0,113.0,8,1,4,0.8660254037844387,-0.4999999999999998,21.7
2024-04-23 09:00:00,69.4,21.0,190.0,4.3,4.6,110.0,9,1,4,0.7071067811865476,-0.7071067811865475,21.3
2024-04-23 10:00:00,68.5,20.8,195.0,5.1,4.6,103.0,10,1,4,0.49999999999999994,-0.8660254037844387,21.0
2024-04-23 11:00:00,67.1,20.7,205.0,6.5,4.7,93.0,11,1,4,0.258819045102521,-0.9659258262890682,20.8
2024-04-23 12:00:00,61.5,19.6,220.0,8.7,5.0,85.0,12,1,4,1.2246467991473532e-16,-1.0,20.7
2024-04-23 13:00:00,57.2,19.1,230.0,11.2,4.8,76.0,13,1,4,-0.2588190451025208,-0.9659258262890683,19.6
2024-04-23 14:00:00,51.1,18.5,244.0,14.6,4.5,62.0,14,1,4,-0.4999999999999997,-0.8660254037844388,19.1
2024-04-23 15:00:00,47.7,18.3,251.0,16.8,4.3,53.0,15,1,4,-0.7071067811865471,-0.7071067811865479,18.5
2024-04-23 16:00:00,46.4,18.4,248.0,16.8,4.3,51.0,16,1,4,-0.8660254037844384,-0.5000000000000004,18.3
2024-04-23 17:00:00,46.6,18.1,238.0,15.7,4.4,52.0,17,1,4,-0.9659258262890683,-0.25881904510252063,18.4
2024-04-23 18:00:00,45.8,18.3,227.0,14.4,4.4,53.0,18,1,4,-1.0,-1.8369701987210297e-16,18.1
2024-04-23 19:00:00,46.6,19.0,216.0,13.2,4.3,53.0,19,1,4,-0.9659258262890684,0.2588190451025203,18.3
2024-04-23 20:00:00,46.6,18.9,203.0,11.9,4.1,53.0,20,1,4,-0.8660254037844386,0.5000000000000001,19.0
2024-04-23 21:00:00,44.8,18.0,191.0,10.7,4.0,53.0,21,1,4,-0.7071067811865477,0.7071067811865474,18.9
2024-04-23 22:00:00,43.1,17.2,177.0,9.6,4.1,53.0,22,1,4,-0.5000000000000004,0.8660254037844384,18.0
2024-04-23 23:00:00,41.4,16.7,165.0,8.6,4.3,53.0,23,1,4,-0.25881904510252157,0.9659258262890681,17.2
2024-04-24 00:00:00,39.5,16.1,158.0,7.0,4.2,57.0,0,2,4,0.0,1.0,16.7
2024-04-24 01:00:00,39.5,16.5,190.0,9.3,4.6,56.0,1,2,4,0.25881904510252074,0.9659258262890683,16.1
2024-04-24 02:00:00,41.4,18.4,233.0,12.4,5.1,56.0,2,2,4,0.49999999999999994,0.8660254037844387,16.5
2024-04-24 03:00:00,47.1,18.7,260.0,13.9,5.7,60.0,3,2,4,0.7071067811865475,0.7071067811865476,18.4
2024-04-24 04:00:00,50.4,18.7,256.0,12.1,6.4,74.0,4,2,4,0.8660254037844386,0.5000000000000001,18.7
2024-04-24 05:00:00,54.7,19.4,237.0,8.7,7.0,94.0,5,2,4,0.9659258262890683,0.25881904510252074,18.7
2024-04-24 06:00:00,58.2,20.0,219.0,6.0,7.3,108.0,6,2,4,1.0,6.123233995736766e-17,19.4
2024-04-24 07:00:00,59.8,20.2,208.0,4.8,6.9,114.0,7,2,4,0.9659258262890683,-0.25881904510252063,20.0
2024-04-24 08:00:00,59.5,20.0,199.0,4.2,6.1,114.0,8,2,4,0.8660254037844387,-0.4999999999999998,20.2
2024-04-24 09:00:00,57.6,19.5,195.0,4.3,5.5,112.0,9,2,4,0.7071067811865476,-0.7071067811865475,20.0
2024-04-24 10:00:00,56.0,19.2,201.0,5.2,5.3,106.0,10,2,4,0.49999999999999994,-0.8660254037844387,19.5
2024-04-24 11:00:00,53.4,18.7,213.0,6.9,5.3,97.0,11,2,4,0.258819045102521,-0.9659258262890682,19.2
2024-04-24 12:00:00,63.1,22.1,235.0,8.8,5.3,86.0,12,2,4,1.2246467991473532e-16,-1.0,18.7
2024-04-24 13:00:00,62.2,22.2,240.0,11.0,5.0,77.0,13,2,4,-0.2588190451025208,-0.9659258262890683,22.1
2024-04-24 14:00:00,57.9,21.8,248.0,14.0,4.5,64.0,14,2,4,-0.4999999999999997,-0.8660254037844388,22.2
2024-04-24 15:00:00,54.2,21.3,251.0,16.1,4.2,54.0,15,2,4,-0.7071067811865471,-0.7071067811865479,21.8
2024-04-24 16:00:00,51.7,20.7,245.0,16.1,4.3,51.0,16,2,4,-0.8660254037844384,-0.5000000000000004,21.3
2024-04-24 17:00:00,49.5,20.4,236.0,15.2,4.6,51.0,17,2,4,-0.9659258262890683,-0.25881904510252063,20.7
2024-04-24 18:00:00,48.4,20.0,231.0,14.8,4.8,51.0,18,2,4,-1.0,-1.8369701987210297e-16,20.4
2024-04-24 19:00:00,46.3,20.1,239.0,15.9,5.0,48.0,19,2,4,-0.9659258262890684,0.2588190451025203,20.0
2024-04-24 20:00:00,45.2,20.1,251.0,17.5,5.1,44.0,20,2,4,-0.8660254037844386,0.5000000000000001,20.1
2024-04-24 21:00:00,44.2,20.0,254.0,18.1,5.2,42.0,21,2,4,-0.7071067811865477,0.7071067811865474,20.1
2024-04-24 22:00:00,43.3,19.7,236.0,16.5,5.2,43.0,22,2,4,-0.5000000000000004,0.8660254037844384,20.0
2024-04-24 23:00:00,40.9,18.4,209.0,14.0,5.0,45.0,23,2,4,-0.25881904510252157,0.9659258262890681,19.7
2024-04-25 00:00:00,36.0,16.3,168.0,8.4,3.9,53.0,0,3,4,0.0,1.0,18.4
2024-04-25 01:00:00,36.6,16.2,188.0,9.9,4.1,54.0,1,3,4,0.25881904510252074,0.9659258262890683,16.3
2024-04-25 02:00:00,37.6,17.1,216.0,11.7,4.4,55.0,2,3,4,0.49999999999999994,0.8660254037844387,16.2
2024-04-25 03:00:00,40.3,16.6,233.0,12.4,4.8,61.0,3,3,4,0.7071067811865475,0.7071067811865476,17.1
2024-04-25 04:00:00,41.9,16.2,230.0,10.6,5.3,75.0,4,3,4,0.8660254037844386,0.5000000000000001,16.6
2024-04-25 05:00:00,43.9,16.9,215.0,7.6,5.9,93.0,5,3,4,0.9659258262890683,0.25881904510252074,16.2
2024-04-25 06:00:00,45.8,17.3,202.0,5.2,6.1,106.0,6,3,4,1.0,6.123233995736766e-17,16.9
2024-04-25 07:00:00,46.8,17.1,191.0,4.1,5.6,109.0,7,3,4,0.9659258262890683,-0.25881904510252063,17.3
2024-04-25 08:00:00,47.7,16.4,181.0,3.6,4.8,107.0,8,3,4,0.8660254037844387,-0.4999999999999998,17.1
2024-04-25 09:00:00,50.4,15.7,177.0,3.8,4.2,103.0,9,3,4,0.7071067811865476,-0.7071067811865475,16.4
2024-04-25 10:00:00,54.6,15.3,183.0,4.6,4.1,96.0,10,3,4,0.49999999999999994,-0.8660254037844387,15.7
2024-04-25 11:00:00,58.9,15.1,196.0,6.1,4.3,86.0,11,3,4,0.258819045102521,-0.9659258262890682,15.3
2024-04-25 12:00:00,54.7,13.8,210.0,8.5,4.6,77.0,12,3,4,1.2246467991473532e-16,-1.0,15.1
2024-04-25 13:00:00,57.6,14.2,223.0,11.1,4.5,69.0,13,3,4,-0.2588190451025208,-0.9659258262890683,13.8
2024-04-25 14:00:00,53.3,14.5,240.0,14.6,4.3,58.0,14,3,4,-0.4999999999999997,-0.8660254037844388,14.2
2024-04-25 15:00:00,48.2,14.8,249.0,16.8,4.1,50.0,15,3,4,-0.7071067811865471,-0.7071067811865479,14.5
2024-04-25 16:00:00,45.4,15.5,245.0,16.6,4.1,49.0,16,3,4,-0.8660254037844384,-0.5000000000000004,14.8
2024-04-25 17:00:00,44.6,15.5,234.0,15.2,4.1,50.0,17,3,4,-0.9659258262890683,-0.25881904510252063,15.5
2024-04-25 18:00:00,43.2,15.4,219.0,13.3,4.0,53.0,18,3,4,-1.0,-1.8369701987210297e-16,15.5
2024-04-25 19:00:00,40.6,15.3,198.0,10.9,3.7,56.0,19,3,4,-0.9659258262890684,0.2588190451025203,15.4
2024-04-25 20:00:00,38.8,14.8,173.0,8.1,3.3,60.0,20,3,4,-0.8660254037844386,0.5000000000000001,15.3
2024-04-25 21:00:00,38.3,14.2,155.0,6.0,3.1,62.0,21,3,4,-0.7071067811865477,0.7071067811865474,14.8
2024-04-25 22:00:00,38.6,13.8,145.0,5.0,3.1,62.0,22,3,4,-0.5000000000000004,0.8660254037844384,14.2
2024-04-25 23:00:00,38.9,13.4,142.0,4.7,3.2,61.0,23,3,4,-0.25881904510252157,0.9659258262890681,13.8
2024-04-26 00:00:00,35.4,12.5,146.0,4.9,3.3,61.0,0,4,4,0.0,1.0,13.4
2024-04-26 01:00:00,38.4,12.7,167.0,6.4,3.8,61.0,1,4,4,0.25881904510252074,0.9659258262890683,12.5
2024-04-26 02:00:00,46.4,13.5,196.0,8.5,4.4,61.0,2,4,4,0.49999999999999994,0.8660254037844387,12.7
2024-04-26 03:00:00,58.2,13.8,214.0,9.4,4.8,65.0,3,4,4,0.7071067811865475,0.7071067811865476,13.5
2024-04-26 04:00:00,69.2,14.9,211.0,8.0,4.8,75.0,4,4,4,0.8660254037844386,0.5000000000000001,13.8
2024-04-26 05:00:00,76.8,16.5,197.0,5.6,4.6,88.0,5,4,4,0.9659258262890683,0.25881904510252074,14.9
2024-04-26 06:00:00,82.0,17.8,186.0,3.7,4.4,99.0,6,4,4,1.0,6.123233995736766e-17,16.5
2024-04-26 07:00:00,86.8,19.0,184.0,3.1,4.3,105.0,7,4,4,0.9659258262890683,-0.25881904510252063,17.8
2024-04-26 08:00:00,91.0,20.1,185.0,3.1,4.3,107.0,8,4,4,0.8660254037844387,-0.4999999999999998,19.0
2024-04-26 09:00:00,91.5,20.8,189.0,3.6,4.4,108.0,9,4,4,0.7071067811865476,-0.7071067811865475,20.1
2024-04-26 10:00:00,98.7,21.8,198.0,4.6,4.6,107.0,10,4,4,0.49999999999999994,-0.8660254037844387,20.8
2024-04-26 11:00:00,103.4,22.4,211.0,6.1,4.9,103.0,11,4,4,0.258819045102521,-0.9659258262890682,21.8
2024-04-26 12:00:00,98.5,21.4,227.0,8.2,5.2,101.0,12,4,4,1.2246467991473532e-16,-1.0,22.4
2024-04-26 13:00:00,95.5,20.9,237.0,10.4,5.0,91.0,13,4,4,-0.2588190451025208,-0.9659258262890683,21.4
2024-04-26 14:00:00,80.1,19.1,250.0,13.4,4.7,76.0,14,4,4,-0.4999999999999997,-0.8660254037844388,20.9
2024-04-26 15:00:00,66.6,17.3,257.0,15.4,4.5,65.0,15,4,4,-0.7071067811865471,-0.7071067811865479,19.1
2024-04-26 16:00:00,59.5,16.2,254.0,15.6,4.4,60.0,16,4,4,-0.8660254037844384,-0.5000000000000004,17.3
2024-04-26 17:00:00,53.1,15.7,246.0,14.7,4.3,59.0,17,4,4,-0.9659258262890683,-0.25881904510252063,16.2
2024-04-26 18:00:00,50.1,15.7,234.0,13.4,4.1,58.0,18,4,4,-1.0,-1.8369701987210297e-16,15.7
2024-04-26 19:00:00,47.4,15.1,216.0,11.6,3.8,58.0,19,4,4,-0.9659258262890684,0.2588190451025203,15.7
2024-04-26 20:00:00,44.5,14.2,195.0,9.3,3.5,59.0,20,4,4,-0.8660254037844386,0.5000000000000001,15.1
2024-04-26 21:00:00,42.6,13.7,178.0,7.6,3.3,60.0,21,4,4,-0.7071067811865477,0.7071067811865474,14.2
2024-04-26 22:00:00,41.6,13.4,167.0,6.8,3.3,59.0,22,4,4,-0.5000000000000004,0.8660254037844384,13.7
2024-04-26 23:00:00,41.1,13.4,161.0,6.5,3.5,58.0,23,4,4,-0.25881904510252157,0.9659258262890681,13.4
2024-04-27 00:00:00,39.8,13.3,158.0,6.2,3.7,58.0,0,5,4,0.0,1.0,13.4
2024-04-27 01:00:00,41.7,14.1,179.0,7.6,4.4,59.0,1,5,4,0.25881904510252074,0.9659258262890683,13.3
2024-04-27 02:00:00,49.0,15.2,207.0,9.6,5.3,61.0,2,5,4,0.49999999999999994,0.8660254037844387,14.1
2024-04-27 03:00:00,55.6,15.4,226.0,10.4,6.0,66.0,3,5,4,0.7071067811865475,0.7071067811865476,15.2
2024-04-27 04:00:00,59.5,16.2,225.0,9.1,6.2,78.0,4,5,4,0.8660254037844386,0.5000000000000001,15.4
2024-04-27 05:00:00,65.9,17.2,215.0,6.8,6.1,94.0,5,5,4,0.9659258262890683,0.25881904510252074,16.2
2024-04-27 06:00:00,74.5,18.5,205.0,4.9,5.9,106.0,6,5,4,1.0,6.123233995736766e-17,17.2
2024-04-27 07:00:00,82.7,19.3,198.0,4.0,5.6,112.0,7,5,4,0.9659258262890683,-0.25881904510252063,18.5
2024-04-27 08:00:00,89.6,19.8,193.0,3.7,5.1,114.0,8,5,4,0.8660254037844387,-0.4999999999999998,19.3
2024-04-27 09:00:00,92.7,20.1,193.0,4.0,4.9,113.0,9,5,4,0.7071067811865476,-0.7071067811865475,19.8
2024-04-27 10:00:00,92.4,20.1,202.0,5.1,5.0,109.0,10,5,4,0.49999999999999994,-0.8660254037844387,20.1
2024-04-27 11:00:00,91.7,20.1,217.0,6.9,5.4,103.0,11,5,4,0.258819045102521,-0.9659258262890682,20.1
2024-04-27 12:00:00,78.0,17.5,232.0,9.5,5.8,97.0,12,5,4,1.2246467991473532e-16,-1.0,20.1
2024-04-27 13:00:00,70.3,16.8,257.0,13.6,5.4,84.0,13,5,4,-0.2588190451025208,-0.9659258262890683,17.5
2024-04-27 14:00:00,57.4,15.5,290.0,19.1,5.0,67.0,14,5,4,-0.4999999999999997,-0.8660254037844388,16.8
2024-04-27 15:00:00,49.1,14.1,310.0,22.6,4.6,54.0,15,5,4,-0.7071067811865471,-0.7071067811865479,15.5
2024-04-27 16:00:00,45.2,13.3,305.0,22.5,4.5,50.0,16,5,4,-0.8660254037844384,-0.5000000000000004,14.1
2024-04-27 17:00:00,44.0,12.9,285.0,20.5,4.6,51.0,17,5,4,-0.9659258262890683,-0.25881904510252063,13.3
2024-04-27 18:00:00,44.5,12.7,262.0,17.9,4.6,52.0,18,5,4,-1.0,-1.8369701987210297e-16,12.9
2024-04-27 19:00:00,44.0,12.3,234.0,14.9,4.3,54.0,19,5,4,-0.9659258262890684,0.2588190451025203,12.7
2024-04-27 20:00:00,43.1,11.9,202.0,11.4,3.9,56.0,20,5,4,-0.8660254037844386,0.5000000000000001,12.3
2024-04-27 21:00:00,42.3,11.7,177.0,8.6,3.6,58.0,21,5,4,-0.7071067811865477,0.7071067811865474,11.9
2024-04-27 22:00:00,41.7,11.8,159.0,6.9,3.6,59.0,22,5,4,-0.5000000000000004,0.8660254037844384,11.7
2024-04-27 23:00:00,41.9,12.1,147.0,6.0,3.9,59.0,23,5,4,-0.25881904510252157,0.9659258262890681,11.8
2024-04-28 00:00:00,40.6,12.3,144.0,5.2,3.6,62.0,0,6,4,0.0,1.0,12.1
2024-04-28 01:00:00,43.5,12.7,182.0,8.5,4.0,59.0,1,6,4,0.25881904510252074,0.9659258262890683,12.3
2024-04-28 02:00:00,45.5,14.2,234.0,12.8,4.7,55.0,2,6,4,0.49999999999999994,0.8660254037844387,12.7
2024-04-28 03:00:00,52.5,15.3,270.0,15.3,5.7,58.0,3,6,4,0.7071067811865475,0.7071067811865476,14.2
2024-04-28 04:00:00,59.8,16.5,275.0,14.1,7.5,73.0,4,6,4,0.8660254037844386,0.5000000000000001,15.3
2024-04-28 05:00:00,72.4,18.9,264.0,11.0,9.7,94.0,5,6,4,0.9659258262890683,0.25881904510252074,16.5
2024-04-28 06:00:00,85.9,21.5,249.0,8.2,11.1,111.0,6,6,4,1.0,6.123233995736766e-17,18.9
2024-04-28 07:00:00,95.5,23.2,230.0,6.3,11.1,121.0,7,6,4,0.9659258262890683,-0.25881904510252063,21.5
2024-04-28 08:00:00,100.4,23.7,208.0,4.8,10.4,126.0,8,6,4,0.8660254037844387,-0.4999999999999998,23.2
2024-04-28 09:00:00,101.7,23.9,196.0,4.4,9.7,127.0,9,6,4,0.7071067811865476,-0.7071067811865475,23.7
2024-04-28 10:00:00,99.4,23.9,200.0,5.4,9.3,121.0,10,6,4,0.49999999999999994,-0.8660254037844387,23.9
2024-04-28 11:00:00,92.0,23.5,214.0,7.4,8.9,110.0,11,6,4,0.258819045102521,-0.9659258262890682,23.9
2024-04-28 12:00:00,77.5,20.6,226.0,10.5,7.2,96.0,12,6,4,1.2246467991473532e-16,-1.0,23.5
2024-04-28 13:00:00,73.3,20.4,252.0,14.8,6.3,83.0,13,6,4,-0.2588190451025208,-0.9659258262890683,20.6
2024-04-28 14:00:00,65.2,20.1,286.0,20.5,5.0,65.0,14,6,4,-0.4999999999999997,-0.8660254037844388,20.4
2024-04-28 15:00:00,63.6,19.8,302.0,23.6,4.1,53.0,15,6,4,-0.7071067811865471,-0.7071067811865479,20.1
2024-04-28 16:00:00,63.1,20.1,286.0,21.9,3.8,51.0,16,6,4,-0.8660254037844384,-0.5000000000000004,19.8
2024-04-28 17:00:00,69.8,20.6,251.0,17.7,3.9,56.0,17,6,4,-0.9659258262890683,-0.25881904510252063,20.1
2024-04-28 18:00:00,75.7,21.4,218.0,13.6,3.8,60.0,18,6,4,-1.0,-1.8369701987210297e-16,20.6
2024-04-28 19:00:00,77.3,21.5,189.0,10.1,3.3,64.0,19,6,4,-0.9659258262890684,0.2588190451025203,21.4
2024-04-28 20:00:00,77.5,21.7,161.0,6.7,2.8,68.0,20,6,4,-0.8660254037844386,0.5000000000000001,21.5
2024-04-28 21:00:00,74.5,21.7,143.0,4.4,2.6,71.0,21,6,4,-0.7071067811865477,0.7071067811865474,21.7
2024-04-28 22:00:00,70.1,21.8,134.0,3.4,3.0,72.0,22,6,4,-0.5000000000000004,0.8660254037844384,21.7
2024-04-28 23:00:00,73.3,23.0,136.0,3.6,3.7,71.0,23,6,4,-0.25881904510252157,0.9659258262890681,21.8
2024-04-29 00:00:00,61.5,21.8,156.0,5.3,3.6,69.0,0,0,4,0.0,1.0,23.0
2024-04-29 01:00:00,65.0,22.1,243.0,11.9,5.5,62.0,1,0,4,0.25881904510252074,0.9659258262890683,21.8
2024-04-29 02:00:00,72.2,23.9,361.0,20.8,8.0,53.0,2,0,4,0.49999999999999994,0.8660254037844387,22.1
2024-04-29 03:00:00,85.0,27.0,424.0,25.3,10.1,55.0,3,0,4,0.7071067811865475,0.7071067811865476,23.9
2024-04-29 04:00:00,135.0,29.0,381.0,21.2,11.4,77.0,4,0,4,0.8660254037844386,0.5000000000000001,27.0
2024-04-29 05:00:00,177.9,30.2,285.0,12.7,12.2,109.0,5,0,4,0.9659258262890683,0.25881904510252074,29.0
2024-04-29 06:00:00,179.7,28.7,209.0,6.0,12.1,133.0,6,0,4,1.0,6.123233995736766e-17,30.2
2024-04-29 07:00:00,170.9,27.6,182.0,3.6,10.4,141.0,7,0,4,0.9659258262890683,-0.25881904510252063,28.7
2024-04-29 08:00:00,154.6,26.1,175.0,3.0,7.8,141.0,8,0,4,0.8660254037844387,-0.4999999999999998,27.6
2024-04-29 09:00:00,149.0,25.0,176.0,3.2,5.8,139.0,9,0,4,0.7071067811865476,-0.7071067811865475,26.1
2024-04-29 10:00:00,151.3,24.2,177.0,3.5,5.3,138.0,10,0,4,0.49999999999999994,-0.8660254037844387,25.0
2024-04-29 11:00:00,153.2,23.3,187.0,4.6,5.4,134.0,11,0,4,0.258819045102521,-0.9659258262890682,24.2
2024-04-29 12:00:00,123.9,21.7,227.0,8.5,5.4,122.0,12,0,4,1.2246467991473532e-16,-1.0,23.3
2024-04-29 13:00:00,138.8,27.0,311.0,18.6,5.7,102.0,13,0,4,-0.2588190451025208,-0.9659258262890683,21.7
2024-04-29 14:00:00,129.9,32.2,424.0,32.1,6.0,75.0,14,0,4,-0.4999999999999997,-0.8660254037844388,27.0
2024-04-29 15:00:00,115.9,34.9,485.0,39.6,6.1,58.0,15,0,4,-0.7071067811865471,-0.7071067811865479,32.2
2024-04-29 16:00:00,118.0,36.6,445.0,35.4,5.7,59.0,16,0,4,-0.8660254037844384,-0.5000000000000004,34.9
2024-04-29 17:00:00,143.4,36.7,352.0,25.0,5.0,69.0,17,0,4,-0.9659258262890683,-0.25881904510252063,36.6
2024-04-29 18:00:00,142.0,37.4,272.0,16.1,4.3,78.0,18,0,4,-1.0,-1.8369701987210297e-16,36.7
2024-04-29 19:00:00,141.1,38.0,225.0,11.0,3.6,84.0,19,0,4,-0.9659258262890684,0.2588190451025203,37.4
2024-04-29 20:00:00,133.2,37.4,189.0,7.2,3.0,89.0,20,0,4,-0.8660254037844386,0.5000000000000001,38.0
2024-04-29 21:00:00,118.0,35.0,167.0,4.9,2.7,91.0,21,0,4,-0.7071067811865477,0.7071067811865474,37.4
2024-04-29 22:00:00,100.6,32.7,153.0,3.8,3.0,89.0,22,0,4,-0.5000000000000004,0.8660254037844384,35.0
2024-04-29 23:00:00,92.0,31.5,153.0,4.1,3.7,85.0,23,0,4,-0.25881904510252157,0.9659258262890681,32.7
2024-04-30 00:00:00,89.2,30.0,178.0,6.3,4.0,81.0,0,1,4,0.0,1.0,31.5
2024-04-30 01:00:00,89.9,29.5,268.0,13.3,5.4,74.0,1,1,4,0.25881904510252074,0.9659258262890683,30.0
2024-04-30 02:00:00,93.6,30.4,389.0,22.7,7.5,65.0,2,1,4,0.49999999999999994,0.8660254037844387,29.5
2024-04-30 03:00:00,109.4,32.7,453.0,27.4,9.5,66.0,3,1,4,0.7071067811865475,0.7071067811865476,30.4
2024-04-30 04:00:00,185.3,35.9,403.0,22.9,11.6,88.0,4,1,4,0.8660254037844386,0.5000000000000001,32.7
2024-04-30 05:00:00,258.9,40.5,296.0,13.9,13.7,121.0,5,1,4,0.9659258262890683,0.25881904510252074,35.9
2024-04-30 06:00:00,205.4,33.3,211.0,6.7,14.4,145.0,6,1,4,1.0,6.123233995736766e-17,40.5
2024-04-30 07:00:00,140.2,25.3,179.0,4.0,12.6,151.0,7,1,4,0.9659258262890683,-0.25881904510252063,33.3
2024-04-30 08:00:00,112.0,21.4,170.0,3.2,9.5,147.0,8,1,4,0.8660254037844387,-0.4999999999999998,25.3
2024-04-30 09:00:00,106.2,20.1,172.0,3.5,7.2,142.0,9,1,4,0.7071067811865476,-0.7071067811865475,21.4
2024-04-30 10:00:00,116.6,21.0,181.0,4.4,6.9,139.0,10,1,4,0.49999999999999994,-0.8660254037844387,20.1
2024-04-30 11:00:00,137.4,24.0,200.0,6.4,7.4,134.0,11,1,4,0.258819045102521,-0.9659258262890682,21.0
2024-04-30 12:00:00,121.5,23.2,237.0,8.9,7.2,127.0,12,1,4,1.2246467991473532e-16,-1.0,24.0
2024-04-30 13:00:00,105.7,25.3,290.0,15.2,6.3,112.0,13,1,4,-0.2588190451025208,-0.9659258262890683,23.2
2024-04-30 14:00:00,92.4,27.7,361.0,23.7,5.0,91.0,14,1,4,-0.4999999999999997,-0.8660254037844388,25.3
2024-04-30 15:00:00,94.8,29.5,395.0,28.0,4.0,77.0,15,1,4,-0.7071067811865471,-0.7071067811865479,27.7
2024-04-30 16:00:00,125.3,31.0,357.0,24.0,3.3,78.0,16,1,4,-0.8660254037844384,-0.5000000000000004,29.5
2024-04-30 17:00:00,139.7,33.4,283.0,15.9,2.9,87.0,17,1,4,-0.9659258262890683,-0.25881904510252063,31.0
2024-04-30 18:00:00,147.6,36.2,226.0,9.7,3.2,92.0,18,1,4,-1.0,-1.8369701987210297e-16,33.4
2024-04-30 19:00:00,131.3,36.2,210.0,8.3,4.7,90.0,19,1,4,-0.9659258262890684,0.2588190451025203,36.2
2024-04-30 20:00:00,130.9,37.1,210.0,8.9,6.9,85.0,20,1,4,-0.8660254037844386,0.5000000000000001,36.2
2024-04-30 21:00:00,139.7,38.9,209.0,9.4,9.1,81.0,21,1,4,-0.7071067811865477,0.7071067811865474,37.1
2024-04-30 22:00:00,134.6,38.1,191.0,8.6,11.4,79.0,22,1,4,-0.5000000000000004,0.8660254037844384,38.9
2024-04-30 23:00:00,130.4,36.3,172.0,7.8,13.8,79.0,23,1,4,-0.25881904510252157,0.9659258262890681,38.1
2024-05-01 00:00:00,125.3,33.6,175.0,8.5,14.4,80.0,0,2,5,0.0,1.0,36.3
2024-05-01 01:00:00,139.7,34.8,238.0,13.3,14.2,76.0,1,2,5,0.25881904510252074,0.9659258262890683,33.6
2024-05-01 02:00:00,158.3,38.4,323.0,19.7,13.8,72.0,2,2,5,0.49999999999999994,0.8660254037844387,34.8
2024-05-01 03:00:00,183.9,43.2,369.0,22.7,13.3,75.0,3,2,5,0.7071067811865475,0.7071067811865476,38.4
2024-05-01 04:00:00,252.4,44.1,338.0,18.9,12.4,91.0,4,2,5,0.8660254037844386,0.5000000000000001,43.2
2024-05-01 05:00:00,209.5,35.3,268.0,11.7,11.4,114.0,5,2,5,0.9659258262890683,0.25881904510252074,44.1
2024-05-01 06:00:00,156.9,27.3,213.0,6.2,10.4,133.0,6,2,5,1.0,6.123233995736766e-17,35.3
2024-05-01 07:00:00,121.5,21.9,195.0,4.3,9.6,144.0,7,2,5,0.9659258262890683,-0.25881904510252063,27.3
2024-05-01 08:00:00,98.7,18.4,192.0,4.0,8.8,150.0,8,2,5,0.8660254037844387,-0.4999999999999998,21.9
2024-05-01 09:00:00,87.3,16.6,197.0,4.5,8.3,152.0,9,2,5,0.7071067811865476,-0.7071067811865475,18.4
2024-05-01 10:00:00,91.7,17.3,205.0,5.5,8.4,148.0,10,2,5,0.49999999999999994,-0.8660254037844387,16.6
2024-05-01 11:00:00,115.5,21.8,221.0,7.4,8.8,140.0,11,2,5,0.258819045102521,-0.9659258262890682,17.3
2024-05-01 12:00:00,130.4,27.0,246.0,10.6,9.3,131.0,12,2,5,1.2246467991473532e-16,-1.0,21.8
2024-05-01 13:00:00,156.5,35.2,291.0,16.4,8.2,113.0,13,2,5,-0.2588190451025208,-0.9659258262890683,27.0
2024-05-01 14:00:00,157.4,42.6,352.0,24.3,6.6,89.0,14,2,5,-0.4999999999999997,-0.8660254037844388,35.2
2024-05-01 15:00:00,166.7,48.8,386.0,28.9,5.4,72.0,15,2,5,-0.7071067811865471,-0.7071067811865479,42.6
2024-05-01 16:00:00,177.9,50.9,370.0,27.3,4.8,69.0,16,2,5,-0.8660254037844384,-0.5000000000000004,48.8
2024-05-01 17:00:00,169.0,50.2,327.0,22.4,4.5,72.0,17,2,5,-0.9659258262890683,-0.25881904510252063,50.9
2024-05-01 18:00:00,158.3,48.7,285.0,17.7,4.2,76.0,18,2,5,-1.0,-1.8369701987210297e-16,50.2
2024-05-01 19:00:00,149.0,46.4,251.0,14.0,3.9,78.0,19,2,5,-0.9659258262890684,0.2588190451025203,48.7
2024-05-01 20:00:00,132.7,44.0,219.0,10.6,3.6,81.0,20,2,5,-0.8660254037844386,0.5000000000000001,46.4
2024-05-01 21:00:00,115.9,41.7,197.0,8.3,3.5,81.0,21,2,5,-0.7071067811865477,0.7071067811865474,44.0
2024-05-01 22:00:00,100.6,38.8,179.0,7.0,3.5,79.0,22,2,5,-0.5000000000000004,0.8660254037844384,41.7
2024-05-01 23:00:00,86.4,35.7,171.0,6.9,3.7,74.0,23,2,5,-0.25881904510252157,0.9659258262890681,38.8
2024-05-02 00:00:00,108.5,42.8,224.0,12.0,5.2,70.0,0,3,5,0.0,1.0,35.7
2024-05-02 01:00:00,110.6,44.7,333.0,20.3,6.4,63.0,1,3,5,0.25881904510252074,0.9659258262890683,42.8
2024-05-02 02:00:00,111.5,49.2,479.0,31.4,8.4,55.0,2,3,5,0.49999999999999994,0.8660254037844387,44.7
2024-05-02 03:00:00,121.5,50.1,567.0,37.4,11.6,59.0,3,3,5,0.7071067811865475,0.7071067811865476,49.2
2024-05-02 04:00:00,125.7,46.0,538.0,33.6,17.7,85.0,4,3,5,0.8660254037844386,0.5000000000000001,50.1
2024-05-02 05:00:00,125.3,43.3,450.0,24.8,25.2,125.0,5,3,5,0.9659258262890683,0.25881904510252074,46.0
2024-05-02 06:00:00,130.4,42.5,378.0,17.1,29.5,161.0,6,3,5,1.0,6.123233995736766e-17,43.3
2024-05-02 07:00:00,138.8,43.0,351.0,12.5,28.2,196.0,7,3,5,0.9659258262890683,-0.25881904510252063,42.5
2024-05-02 08:00:00,144.8,43.4,340.0,9.0,23.8,228.0,8,3,5,0.8660254037844387,-0.4999999999999998,43.0
2024-05-02 09:00:00,143.0,43.3,330.0,7.1,19.6,240.0,9,3,5,0.7071067811865476,-0.7071067811865475,43.4
2024-05-02 10:00:00,138.3,42.5,313.0,7.3,16.7,220.0,10,3,5,0.49999999999999994,-0.8660254037844387,43.3
2024-05-02 11:00:00,135.5,41.3,296.0,9.0,14.0,181.0,11,3,5,0.258819045102521,-0.9659258262890682,42.5
2024-05-02 12:00:00,125.3,37.3,279.0,10.9,11.1,145.0,12,3,5,1.2246467991473532e-16,-1.0,41.3
2024-05-02 13:00:00,117.8,34.2,292.0,14.6,9.7,119.0,13,3,5,-0.2588190451025208,-0.9659258262890683,37.3
2024-05-02 14:00:00,99.4,29.0,311.0,19.7,7.8,84.0,14,3,5,-0.4999999999999997,-0.8660254037844388,34.2
2024-05-02 15:00:00,85.7,23.7,324.0,23.6,6.4,56.0,15,3,5,-0.7071067811865471,-0.7071067811865479,29.0
2024-05-02 16:00:00,75.4,20.0,331.0,25.6,5.9,43.0,16,3,5,-0.8660254037844384,-0.5000000000000004,23.7
2024-05-02 17:00:00,69.4,17.6,334.0,26.3,5.8,38.0,17,3,5,-0.9659258262890683,-0.25881904510252063,20.0
2024-05-02 18:00:00,65.4,15.7,322.0,25.2,5.7,36.0,18,3,5,-1.0,-1.8369701987210297e-16,17.6
2024-05-02 19:00:00,57.7,13.7,285.0,20.9,5.2,39.0,19,3,5,-0.9659258262890684,0.2588190451025203,15.7
2024-05-02 20:00:00,52.4,11.3,234.0,14.7,4.6,46.0,20,3,5,-0.8660254037844386,0.5000000000000001,13.7
2024-05-02 21:00:00,42.6,10.1,194.0,9.8,4.2,51.0,21,3,5,-0.7071067811865477,0.7071067811865474,11.3
2024-05-02 22:00:00,35.3,9.3,171.0,7.2,4.1,53.0,22,3,5,-0.5000000000000004,0.8660254037844384,10.1
2024-05-02 23:00:00,29.7,9.3,158.0,5.9,4.2,54.0,23,3,5,-0.25881904510252157,0.9659258262890681,9.3
2024-05-03 00:00:00,24.6,9.3,161.0,6.1,4.3,54.0,0,4,5,0.0,1.0,9.3
2024-05-03 01:00:00,23.5,10.0,186.0,8.4,4.7,52.0,1,4,5,0.25881904510252074,0.9659258262890683,9.3
2024-05-03 02:00:00,28.2,12.3,220.0,11.5,5.2,50.0,2,4,5,0.49999999999999994,0.8660254037844387,10.0
2024-05-03 03:00:00,33.5,14.3,245.0,13.4,5.8,51.0,3,4,5,0.7071067811865475,0.7071067811865476,12.3
2024-05-03 04:00:00,36.2,15.0,255.0,13.1,6.7,59.0,4,4,5,0.8660254037844386,0.5000000000000001,14.3
2024-05-03 05:00:00,41.3,15.1,255.0,11.7,7.6,70.0,5,4,5,0.9659258262890683,0.25881904510252074,15.0
2024-05-03 06:00:00,52.4,15.8,251.0,10.3,8.0,78.0,6,4,5,1.0,6.123233995736766e-17,15.1
2024-05-03 07:00:00,70.3,17.2,238.0,9.2,7.4,81.0,7,4,5,0.9659258262890683,-0.25881904510252063,15.8
2024-05-03 08:00:00,92.7,19.3,220.0,8.2,6.3,80.0,8,4,5,0.8660254037844387,-0.4999999999999998,17.2
2024-05-03 09:00:00,97.3,21.7,209.0,7.6,5.5,79.0,9,4,5,0.7071067811865476,-0.7071067811865475,19.3
2024-05-03 10:00:00,77.1,23.1,212.0,7.5,5.6,78.0,10,4,5,0.49999999999999994,-0.8660254037844387,21.7
2024-05-03 11:00:00,59.8,23.2,222.0,7.9,6.0,76.0,11,4,5,0.258819045102521,-0.9659258262890682,23.1
2024-05-03 12:00:00,59.8,23.8,236.0,10.5,6.6,69.0,12,4,5,1.2246467991473532e-16,-1.0,23.2
2024-05-03 13:00:00,61.2,24.2,257.0,13.4,6.5,66.0,13,4,5,-0.2588190451025208,-0.9659258262890683,23.8
2024-05-03 14:00:00,62.2,24.6,284.0,17.4,6.3,61.0,14,4,5,-0.4999999999999997,-0.8660254037844388,24.2
2024-05-03 15:00:00,61.0,24.9,297.0,19.4,6.1,58.0,15,4,5,-0.7071067811865471,-0.7071067811865479,24.6
2024-05-03 16:00:00,58.9,24.6,282.0,17.9,5.8,59.0,16,4,5,-0.8660254037844384,-0.5000000000000004,24.9
2024-05-03 17:00:00,57.4,23.8,251.0,14.5,5.5,61.0,17,4,5,-0.9659258262890683,-0.25881904510252063,24.6
2024-05-03 18:00:00,56.3,24.3,223.0,11.4,5.1,63.0,18,4,5,-1.0,-1.8369701987210297e-16,23.8
2024-05-03 19:00:00,55.8,24.6,201.0,9.1,4.7,65.0,19,4,5,-0.9659258262890684,0.2588190451025203,24.3
2024-05-03 20:00:00,55.1,25.0,181.0,7.0,4.3,66.0,20,4,5,-0.8660254037844386,0.5000000000000001,24.6
2024-05-03 21:00:00,54.9,25.7,166.0,5.5,4.0,67.0,21,4,5,-0.7071067811865477,0.7071067811865474,25.0
2024-05-03 22:00:00,54.8,26.4,156.0,4.8,3.9,67.0,22,4,5,-0.5000000000000004,0.8660254037844384,25.7
2024-05-03 23:00:00,54.4,26.8,152.0,4.7,4.0,67.0,23,4,5,-0.25881904510252157,0.9659258262890681,26.4
2024-05-04 00:00:00,53.7,27.2,154.0,4.8,4.0,66.0,0,5,5,0.0,1.0,26.8
2024-05-04 01:00:00,53.7,27.6,173.0,6.3,4.3,66.0,1,5,5,0.25881904510252074,0.9659258262890683,27.2
2024-05-04 02:00:00,55.4,27.5,200.0,8.3,4.7,68.0,2,5,5,0.49999999999999994,0.8660254037844387,27.6
2024-05-04 03:00:00,54.4,25.8,217.0,9.3,5.0,71.0,3,5,5,0.7071067811865475,0.7071067811865476,27.5
2024-05-04 04:00:00,53.6,23.9,216.0,8.1,4.9,79.0,4,5,5,0.8660254037844386,0.5000000000000001,25.8
2024-05-04 05:00:00,53.4,22.1,205.0,5.9,4.7,89.0,5,5,5,0.9659258262890683,0.25881904510252074,23.9
2024-05-04 06:00:00,52.0,21.0,196.0,4.2,4.5,98.0,6,5,5,1.0,6.123233995736766e-17,22.1
2024-05-04 07:00:00,49.0,20.0,192.0,3.5,4.3,103.0,7,5,5,0.9659258262890683,-0.25881904510252063,21.0
2024-05-04 08:00:00,45.1,18.7,190.0,3.4,4.1,107.0,8,5,5,0.8660254037844387,-0.4999999999999998,20.0
2024-05-04 09:00:00,44.6,18.2,192.0,3.8,4.0,108.0,9,5,5,0.7071067811865476,-0.7071067811865475,18.7
2024-05-04 10:00:00,47.4,18.4,200.0,4.7,4.1,107.0,10,5,5,0.49999999999999994,-0.8660254037844387,18.2
2024-05-04 11:00:00,52.3,19.0,213.0,6.1,4.4,104.0,11,5,5,0.258819045102521,-0.9659258262890682,18.4
2024-05-04 12:00:00,34.5,14.4,235.0,10.4,4.9,92.0,12,5,5,1.2246467991473532e-16,-1.0,19.0
2024-05-04 13:00:00,36.1,15.3,251.0,12.8,4.8,85.0,13,5,5,-0.2588190451025208,-0.9659258262890683,14.4
2024-05-04 14:00:00,38.3,16.6,273.0,16.0,4.6,76.0,14,5,5,-0.4999999999999997,-0.8660254037844388,15.3
2024-05-04 15:00:00,40.5,18.1,283.0,17.7,4.4,69.0,15,5,5,-0.7071067811865471,-0.7071067811865479,16.6
2024-05-04 16:00:00,41.6,18.8,271.0,16.7,4.3,66.0,16,5,5,-0.8660254037844384,-0.5000000000000004,18.1
2024-05-04 17:00:00,43.7,17.6,248.0,14.2,4.2,65.0,17,5,5,-0.9659258262890683,-0.25881904510252063,18.8
2024-05-04 18:00:00,41.2,16.5,224.0,11.7,4.0,63.0,18,5,5,-1.0,-1.8369701987210297e-16,17.6
2024-05-04 19:00:00,36.8,15.1,201.0,9.4,3.7,60.0,19,5,5,-0.9659258262890684,0.2588190451025203,16.5
2024-05-04 20:00:00,31.5,14.2,177.0,7.1,3.3,57.0,20,5,5,-0.8660254037844386,0.5000000000000001,15.1
2024-05-04 21:00:00,31.3,15.2,159.0,5.4,3.0,55.0,21,5,5,-0.7071067811865477,0.7071067811865474,14.2
2024-05-04 22:00:00,33.3,17.5,149.0,4.6,2.9,53.0,22,5,5,-0.5000000000000004,0.8660254037844384,15.2
2024-05-04 23:00:00,35.9,19.5,145.0,4.4,3.0,52.0,23,5,5,-0.25881904510252157,0.9659258262890681,17.5
2024-05-05 00:00:00,43.2,20.5,149.0,4.8,3.3,53.0,0,6,5,0.0,1.0,19.5
2024-05-05 01:00:00,44.7,21.5,171.0,6.1,3.7,53.0,1,6,5,0.25881904510252074,0.9659258262890683,20.5
2024-05-05 02:00:00,50.5,22.6,200.0,7.9,4.2,54.0,2,6,5,0.49999999999999994,0.8660254037844387,21.5
2024-05-05 03:00:00,57.6,22.4,218.0,8.7,4.6,58.0,3,6,5,0.7071067811865475,0.7071067811865476,22.6
2024-05-05 04:00:00,67.5,22.1,215.0,7.5,4.7,69.0,4,6,5,0.8660254037844386,0.5000000000000001,22.4
2024-05-05 05:00:00,81.0,22.3,201.0,5.4,4.6,84.0,5,6,5,0.9659258262890683,0.25881904510252074,22.1
2024-05-05 06:00:00,85.2,22.2,189.0,3.8,4.5,94.0,6,6,5,1.0,6.123233995736766e-17,22.3
2024-05-05 07:00:00,77.3,21.5,184.0,3.2,4.4,97.0,7,6,5,0.9659258262890683,-0.25881904510252063,22.2
2024-05-05 08:00:00,67.5,20.6,182.0,3.2,4.2,96.0,8,6,5,0.8660254037844387,-0.4999999999999998,21.5
2024-05-05 09:00:00,60.8,20.3,183.0,3.6,4.1,93.0,9,6,5,0.7071067811865476,-0.7071067811865475,20.6
2024-05-05 10:00:00,58.7,20.1,188.0,4.4,4.0,87.0,10,6,5,0.49999999999999994,-0.8660254037844387,20.3
2024-05-05 11:00:00,57.5,20.0,196.0,5.5,4.0,79.0,11,6,5,0.258819045102521,-0.9659258262890682,20.1
2024-05-05 12:00:00,48.3,17.5,207.0,7.1,4.1,71.0,12,6,5,1.2246467991473532e-16,-1.0,20.0
2024-05-05 13:00:00,45.3,16.6,214.0,9.4,4.1,62.0,13,6,5,-0.2588190451025208,-0.9659258262890683,17.5
2024-05-05 14:00:00,38.3,15.2,223.0,12.6,4.0,50.0,14,6,5,-0.4999999999999997,-0.8660254037844388,16.6
2024-05-05 15:00:00,33.2,14.1,226.0,14.5,3.9,42.0,15,6,5,-0.7071067811865471,-0.7071067811865479,15.2
2024-05-05 16:00:00,29.6,13.4,219.0,14.3,3.8,41.0,16,6,5,-0.8660254037844384,-0.5000000000000004,14.1
2024-05-05 17:00:00,30.0,11.9,206.0,12.8,3.7,45.0,17,6,5,-0.9659258262890683,-0.25881904510252063,13.4
2024-05-05 18:00:00,30.0,11.1,192.0,11.2,3.6,48.0,18,6,5,-1.0,-1.8369701987210297e-16,11.9
2024-05-05 19:00:00,29.2,10.6,177.0,9.5,3.4,50.0,19,6,5,-0.9659258262890684,0.2588190451025203,11.1
2024-05-05 20:00:00,29.1,10.2,160.0,7.6,3.3,53.0,20,6,5,-0.8660254037844386,0.5000000000000001,10.6
2024-05-05 21:00:00,29.9,10.0,147.0,6.2,3.2,54.0,21,6,5,-0.7071067811865477,0.7071067811865474,10.2
2024-05-05 22:00:00,31.0,10.0,136.0,5.3,3.2,54.0,22,6,5,-0.5000000000000004,0.8660254037844384,10.0
2024-05-05 23:00:00,31.2,9.8,129.0,4.9,3.4,54.0,23,6,5,-0.25881904510252157,0.9659258262890681,10.0
2024-05-06 00:00:00,34.0,10.4,138.0,5.5,3.7,55.0,0,0,5,0.0,1.0,9.8
2024-05-06 01:00:00,30.2,9.8,170.0,7.8,4.1,53.0,1,0,5,0.25881904510252074,0.9659258262890683,10.4
2024-05-06 02:00:00,27.9,9.6,214.0,10.8,4.7,51.0,2,0,5,0.49999999999999994,0.8660254037844387,9.8
2024-05-06 03:00:00,28.5,9.2,240.0,12.3,5.2,54.0,3,0,5,0.7071067811865475,0.7071067811865476,9.6
2024-05-06 04:00:00,33.3,9.1,232.0,10.7,5.4,67.0,4,0,5,0.8660254037844386,0.5000000000000001,9.2
2024-05-06 05:00:00,57.7,12.9,206.0,7.5,5.4,85.0,5,0,5,0.9659258262890683,0.25881904510252074,9.1
2024-05-06 06:00:00,89.2,18.8,186.0,5.0,5.4,99.0,6,0,5,1.0,6.123233995736766e-17,12.9
2024-05-06 07:00:00,115.3,24.0,178.0,4.1,5.3,105.0,7,0,5,0.9659258262890683,-0.25881904510252063,18.8
2024-05-06 08:00:00,129.9,27.1,176.0,3.8,5.1,106.0,8,0,5,0.8660254037844387,-0.4999999999999998,24.0
2024-05-06 09:00:00,128.5,27.4,179.0,4.3,4.9,105.0,9,0,5,0.7071067811865476,-0.7071067811865475,27.1
2024-05-06 10:00:00,117.3,25.5,188.0,5.5,4.8,101.0,10,0,5,0.49999999999999994,-0.8660254037844387,27.4
2024-05-06 11:00:00,99.4,21.9,203.0,7.3,4.8,93.0,11,0,5,0.258819045102521,-0.9659258262890682,25.5
2024-05-06 12:00:00,80.3,18.5,236.0,10.4,5.0,88.0,12,0,5,1.2246467991473532e-16,-1.0,21.9
2024-05-06 13:00:00,66.8,15.4,257.0,14.4,4.9,77.0,13,0,5,-0.2588190451025208,-0.9659258262890683,18.5
2024-05-06 14:00:00,52.6,12.5,286.0,19.9,4.7,63.0,14,0,5,-0.4999999999999997,-0.8660254037844388,15.4
2024-05-06 15:00:00,50.5,12.5,304.0,23.5,4.6,52.0,15,0,5,-0.7071067811865471,-0.7071067811865479,12.5
2024-05-06 16:00:00,51.5,14.2,302.0,23.7,4.8,49.0,16,0,5,-0.8660254037844384,-0.5000000000000004,12.5
2024-05-06 17:00:00,55.8,16.1,289.0,22.1,5.2,49.0,17,0,5,-0.9659258262890683,-0.25881904510252063,14.2
2024-05-06 18:00:00,57.4,17.2,271.0,19.9,5.4,51.0,18,0,5,-1.0,-1.8369701987210297e-16,16.1
2024-05-06 19:00:00,55.3,17.6,246.0,17.0,5.2,54.0,19,0,5,-0.9659258262890684,0.2588190451025203,17.2
2024-05-06 20:00:00,53.2,17.7,216.0,13.4,4.9,58.0,20,0,5,-0.8660254037844386,0.5000000000000001,17.6
2024-05-06 21:00:00,52.5,18.2,193.0,10.6,4.7,62.0,21,0,5,-0.7071067811865477,0.7071067811865474,17.7
2024-05-06 22:00:00,51.3,18.6,175.0,8.8,4.7,64.0,22,0,5,-0.5000000000000004,0.8660254037844384,18.2
2024-05-06 23:00:00,50.4,18.6,163.0,7.8,4.8,65.0,23,0,5,-0.25881904510252157,0.9659258262890681,18.6
2024-05-07 00:00:00,49.9,17.2,160.0,6.8,4.7,67.0,0,1,5,0.0,1.0,18.6
2024-05-07 01:00:00,50.1,17.4,215.0,11.1,5.3,65.0,1,1,5,0.25881904510252074,0.9659258262890683,17.2
2024-05-07 02:00:00,50.9,18.5,289.0,16.9,6.2,63.0,2,1,5,0.49999999999999994,0.8660254037844387,17.4
2024-05-07 03:00:00,54.5,19.2,335.0,20.0,7.0,68.0,3,1,5,0.7071067811865475,0.7071067811865476,18.5
2024-05-07 04:00:00,62.6,19.4,326.0,17.7,7.6,88.0,4,1,5,0.8660254037844386,0.5000000000000001,19.2
2024-05-07 05:00:00,81.5,21.9,289.0,12.5,8.2,115.0,5,1,5,0.9659258262890683,0.25881904510252074,19.4
2024-05-07 06:00:00,101.5,25.1,255.0,8.4,8.3,133.0,6,1,5,1.0,6.123233995736766e-17,21.9
2024-05-07 07:00:00,116.2,27.7,233.0,6.5,7.7,136.0,7,1,5,0.9659258262890683,-0.25881904510252063,25.1
2024-05-07 08:00:00,123.4,29.0,214.0,5.5,6.7,130.0,8,1,5,0.8660254037844387,-0.4999999999999998,27.7
2024-05-07 09:00:00,121.5,28.1,203.0,5.4,5.9,121.0,9,1,5,0.7071067811865476,-0.7071067811865475,29.0
2024-05-07 10:00:00,105.5,24.5,205.0,6.2,5.5,109.0,10,1,5,0.49999999999999994,-0.8660254037844387,28.1
2024-05-07 11:00:00,87.1,20.3,216.0,7.8,5.3,94.0,11,1,5,0.258819045102521,-0.9659258262890682,24.5
2024-05-07 12:00:00,59.6,13.8,227.0,10.1,5.0,78.0,12,1,5,1.2246467991473532e-16,-1.0,20.3
2024-05-07 13:00:00,41.9,10.4,240.0,13.4,4.8,66.0,13,1,5,-0.2588190451025208,-0.9659258262890683,13.8
2024-05-07 14:00:00,28.9,8.8,258.0,17.9,4.5,50.0,14,1,5,-0.4999999999999997,-0.8660254037844388,10.4
2024-05-07 15:00:00,23.1,7.9,269.0,21.0,4.3,38.0,15,1,5,-0.7071067811865471,-0.7071067811865479,8.8
2024-05-07 16:00:00,22.2,7.8,267.0,21.3,4.5,35.0,16,1,5,-0.8660254037844384,-0.5000000000000004,7.9
2024-05-07 17:00:00,23.3,8.5,257.0,20.2,4.8,36.0,17,1,5,-0.9659258262890683,-0.25881904510252063,7.8
2024-05-07 18:00:00,23.7,9.0,243.0,18.6,5.0,37.0,18,1,5,-1.0,-1.8369701987210297e-16,8.5
2024-05-07 19:00:00,23.6,9.0,225.0,16.7,4.9,38.0,19,1,5,-0.9659258262890684,0.2588190451025203,9.0
2024-05-07 20:00:00,22.6,8.8,203.0,14.4,4.6,40.0,20,1,5,-0.8660254037844386,0.5000000000000001,9.0
2024-05-07 21:00:00,21.0,8.2,183.0,12.4,4.4,41.0,21,1,5,-0.7071067811865477,0.7071067811865474,8.8
2024-05-07 22:00:00,20.0,7.7,163.0,10.7,4.4,42.0,22,1,5,-0.5000000000000004,0.8660254037844384,8.2
2024-05-07 23:00:00,19.4,7.2,144.0,9.2,4.6,42.0,23,1,5,-0.25881904510252157,0.9659258262890681,7.7
2024-05-08 00:00:00,18.6,7.0,135.0,7.9,4.7,45.0,0,2,5,0.0,1.0,7.2
2024-05-08 01:00:00,19.0,7.2,162.0,9.4,5.1,44.0,1,2,5,0.25881904510252074,0.9659258262890683,7.0
2024-05-08 02:00:00,21.7,8.6,198.0,11.4,5.6,44.0,2,2,5,0.49999999999999994,0.8660254037844387,7.2
2024-05-08 03:00:00,24.8,8.6,224.0,12.3,6.2,50.0,3,2,5,0.7071067811865475,0.7071067811865476,8.6
2024-05-08 04:00:00,29.3,9.5,228.0,11.2,6.9,68.0,4,2,5,0.8660254037844386,0.5000000000000001,8.6
2024-05-08 05:00:00,34.1,10.6,222.0,9.0,7.7,91.0,5,2,5,0.9659258262890683,0.25881904510252074,9.5
2024-05-08 06:00:00,39.2,11.6,213.0,7.2,8.0,109.0,6,2,5,1.0,6.123233995736766e-17,10.6
2024-05-08 07:00:00,42.3,12.1,202.0,6.0,7.6,116.0,7,2,5,0.9659258262890683,-0.25881904510252063,11.6
2024-05-08 08:00:00,44.2,11.9,190.0,5.2,6.7,116.0,8,2,5,0.8660254037844387,-0.4999999999999998,12.1
2024-05-08 09:00:00,46.2,11.6,183.0,5.1,6.0,112.0,9,2,5,0.7071067811865476,-0.7071067811865475,11.9
2024-05-08 10:00:00,48.7,11.5,187.0,6.0,5.6,101.0,10,2,5,0.49999999999999994,-0.8660254037844387,11.6
2024-05-08 11:00:00,49.6,11.4,197.0,7.6,5.4,86.0,11,2,5,0.258819045102521,-0.9659258262890682,11.5
2024-05-08 12:00:00,45.5,9.5,210.0,9.6,5.2,67.0,12,2,5,1.2246467991473532e-16,-1.0,11.4
2024-05-08 13:00:00,41.9,9.4,223.0,12.8,5.1,56.0,13,2,5,-0.2588190451025208,-0.9659258262890683,9.5
2024-05-08 14:00:00,34.8,8.8,241.0,17.3,5.0,42.0,14,2,5,-0.4999999999999997,-0.8660254037844388,9.4
2024-05-08 15:00:00,28.9,8.5,253.0,20.4,5.0,31.0,15,2,5,-0.7071067811865471,-0.7071067811865479,8.8
2024-05-08 16:00:00,28.5,8.1,254.0,21.1,5.4,28.0,16,2,5,-0.8660254037844384,-0.5000000000000004,8.5
2024-05-08 17:00:00,31.5,8.0,248.0,20.5,5.9,29.0,17,2,5,-0.9659258262890683,-0.25881904510252063,8.1
2024-05-08 18:00:00,31.1,8.9,238.0,19.3,6.1,30.0,18,2,5,-1.0,-1.8369701987210297e-16,8.0
2024-05-08 19:00:00,28.9,9.1,223.0,17.6,5.8,31.0,19,2,5,-0.9659258262890684,0.2588190451025203,8.9
2024-05-08 20:00:00,27.0,9.0,203.0,15.4,5.1,32.0,20,2,5,-0.8660254037844386,0.5000000000000001,9.1
2024-05-08 21:00:00,25.0,8.1,184.0,13.2,4.6,34.0,21,2,5,-0.7071067811865477,0.7071067811865474,9.0
2024-05-08 22:00:00,23.9,7.7,162.0,10.9,4.3,36.0,22,2,5,-0.5000000000000004,0.8660254037844384,8.1
2024-05-08 23:00:00,23.5,7.9,141.0,8.7,4.1,38.0,23,2,5,-0.25881904510252157,0.9659258262890681,7.7
2024-05-09 00:00:00,20.1,6.0,129.0,7.1,4.3,40.0,0,3,5,0.0,1.0,7.9
2024-05-09 01:00:00,17.1,6.0,151.0,8.0,4.7,40.0,1,3,5,0.25881904510252074,0.9659258262890683,6.0
2024-05-09 02:00:00,21.3,6.7,180.0,9.2,5.4,42.0,2,3,5,0.49999999999999994,0.8660254037844387,6.0
2024-05-09 03:00:00,34.7,8.0,201.0,9.7,5.9,47.0,3,3,5,0.7071067811865475,0.7071067811865476,6.7
2024-05-09 04:00:00,38.2,9.3,205.0,8.8,6.3,60.0,4,3,5,0.8660254037844386,0.5000000000000001,8.0
2024-05-09 05:00:00,41.2,10.5,201.0,7.2,6.5,77.0,5,3,5,0.9659258262890683,0.25881904510252074,9.3
2024-05-09 06:00:00,43.9,11.8,196.0,5.9,6.6,90.0,6,3,5,1.0,6.123233995736766e-17,10.5
2024-05-09 07:00:00,43.9,12.5,190.0,5.0,6.4,96.0,7,3,5,0.9659258262890683,-0.25881904510252063,11.8
2024-05-09 08:00:00,43.2,12.6,183.0,4.4,6.1,99.0,8,3,5,0.8660254037844387,-0.4999999999999998,12.5
2024-05-09 09:00:00,42.3,12.5,180.0,4.4,5.8,97.0,9,3,5,0.7071067811865476,-0.7071067811865475,12.6
2024-05-09 10:00:00,39.6,11.9,185.0,5.0,5.7,89.0,10,3,5,0.49999999999999994,-0.8660254037844387,12.5
2024-05-09 11:00:00,37.1,11.2,194.0,6.3,5.6,76.0,11,3,5,0.258819045102521,-0.9659258262890682,11.9
2024-05-09 12:00:00,42.7,12.5,220.0,8.7,5.8,68.0,12,3,5,1.2246467991473532e-16,-1.0,11.2
2024-05-09 13:00:00,39.9,11.8,227.0,11.3,5.7,58.0,13,3,5,-0.2588190451025208,-0.9659258262890683,12.5
2024-05-09 14:00:00,36.0,10.9,236.0,14.8,5.6,45.0,14,3,5,-0.4999999999999997,-0.8660254037844388,11.8
2024-05-09 15:00:00,33.9,10.3,239.0,17.0,5.5,35.0,15,3,5,-0.7071067811865471,-0.7071067811865479,10.9
2024-05-09 16:00:00,33.3,10.1,230.0,16.5,5.6,34.0,16,3,5,-0.8660254037844384,-0.5000000000000004,10.3
2024-05-09 17:00:00,33.5,10.4,214.0,14.6,5.7,36.0,17,3,5,-0.9659258262890683,-0.25881904510252063,10.1
2024-05-09 18:00:00,34.5,10.9,205.0,13.3,5.8,38.0,18,3,5,-1.0,-1.8369701987210297e-16,10.4
2024-05-09 19:00:00,33.4,11.4,209.0,13.6,5.7,36.0,19,3,5,-0.9659258262890684,0.2588190451025203,10.9
2024-05-09 20:00:00,32.2,11.5,218.0,14.4,5.6,34.0,20,3,5,-0.8660254037844386,0.5000000000000001,11.4
2024-05-09 21:00:00,31.1,11.7,224.0,15.0,5.6,32.0,21,3,5,-0.7071067811865477,0.7071067811865474,11.5
2024-05-09 22:00:00,30.3,11.7,219.0,15.0,5.9,31.0,22,3,5,-0.5000000000000004,0.8660254037844384,11.7
2024-05-09 23:00:00,29.4,11.5,211.0,14.6,6.3,31.0,23,3,5,-0.25881904510252157,0.9659258262890681,11.7
2024-05-10 00:00:00,26.8,9.0,178.0,10.2,5.3,37.0,0,4,5,0.0,1.0,11.5
2024-05-10 01:00:00,27.5,10.1,200.0,11.1,6.2,38.0,1,4,5,0.25881904510252074,0.9659258262890683,9.0
2024-05-10 02:00:00,33.3,11.0,231.0,12.2,7.5,40.0,2,4,5,0.49999999999999994,0.8660254037844387,10.1
2024-05-10 03:00:00,37.0,10.4,250.0,12.3,8.4,47.0,3,4,5,0.7071067811865475,0.7071067811865476,11.0
2024-05-10 04:00:00,41.4,10.6,247.0,10.6,8.7,63.0,4,4,5,0.8660254037844386,0.5000000000000001,10.4
2024-05-10 05:00:00,43.7,11.5,233.0,7.9,8.7,83.0,5,4,5,0.9659258262890683,0.25881904510252074,10.6
2024-05-10 06:00:00,45.9,12.5,219.0,5.7,8.3,98.0,6,4,5,1.0,6.123233995736766e-17,11.5
2024-05-10 07:00:00,46.7,12.7,207.0,4.5,7.5,103.0,7,4,5,0.9659258262890683,-0.25881904510252063,12.5
2024-05-10 08:00:00,46.4,12.3,195.0,3.9,6.3,102.0,8,4,5,0.8660254037844387,-0.4999999999999998,12.7
2024-05-10 09:00:00,46.0,11.9,187.0,3.8,5.5,98.0,9,4,5,0.7071067811865476,-0.7071067811865475,12.3
2024-05-10 10:00:00,46.1,11.8,187.0,4.3,5.2,90.0,10,4,5,0.49999999999999994,-0.8660254037844387,11.9
2024-05-10 11:00:00,45.1,11.6,192.0,5.3,5.2,80.0,11,4,5,0.258819045102521,-0.9659258262890682,11.8
2024-05-10 12:00:00,49.9,12.1,195.0,6.4,5.3,67.0,12,4,5,1.2246467991473532e-16,-1.0,11.6
2024-05-10 13:00:00,51.3,12.4,198.0,8.1,5.4,61.0,13,4,5,-0.2588190451025208,-0.9659258262890683,12.1
2024-05-10 14:00:00,51.1,12.7,203.0,10.4,5.5,52.0,14,4,5,-0.4999999999999997,-0.8660254037844388,12.4
2024-05-10 15:00:00,51.3,13.1,208.0,12.2,5.6,46.0,15,4,5,-0.7071067811865471,-0.7071067811865479,12.7
2024-05-10 16:00:00,52.3,13.6,212.0,13.0,5.6,44.0,16,4,5,-0.8660254037844384,-0.5000000000000004,13.1
2024-05-10 17:00:00,53.7,14.2,215.0,13.4,5.7,44.0,17,4,5,-0.9659258262890683,-0.25881904510252063,13.6
2024-05-10 18:00:00,54.5,15.2,218.0,13.7,5.7,44.0,18,4,5,-1.0,-1.8369701987210297e-16,14.2
2024-05-10 19:00:00,55.2,16.6,223.0,14.3,5.7,42.0,19,4,5,-0.9659258262890684,0.2588190451025203,15.2
2024-05-10 20:00:00,55.6,17.2,227.0,14.9,5.7,40.0,20,4,5,-0.8660254037844386,0.5000000000000001,16.6
2024-05-10 21:00:00,56.7,17.3,226.0,14.9,6.0,40.0,21,4,5,-0.7071067811865477,0.7071067811865474,17.2
2024-05-10 22:00:00,61.0,17.2,211.0,13.7,6.8,42.0,22,4,5,-0.5000000000000004,0.8660254037844384,17.3
2024-05-10 23:00:00,69.2,18.0,190.0,12.0,7.8,46.0,23,4,5,-0.25881904510252157,0.9659258262890681,17.2
2024-05-11 00:00:00,53.0,16.2,188.0,11.5,6.9,45.0,0,5,5,0.0,1.0,18.0
2024-05-11 01:00:00,63.6,17.5,200.0,11.9,8.0,48.0,1,5,5,0.25881904510252074,0.9659258262890683,16.2
2024-05-11 02:00:00,65.4,17.6,216.0,12.3,9.6,52.0,2,5,5,0.49999999999999994,0.8660254037844387,17.5
2024-05-11 03:00:00,69.6,17.3,225.0,11.9,10.6,59.0,3,5,5,0.7071067811865475,0.7071067811865476,17.6
2024-05-11 04:00:00,70.5,17.5,219.0,9.9,10.6,72.0,4,5,5,0.8660254037844386,0.5000000000000001,17.3
2024-05-11 05:00:00,68.7,17.6,204.0,7.1,10.1,89.0,5,5,5,0.9659258262890683,0.25881904510252074,17.5
2024-05-11 06:00:00,66.4,17.6,192.0,4.9,9.3,101.0,6,5,5,1.0,6.123233995736766e-17,17.6
2024-05-11 07:00:00,64.3,17.3,184.0,3.8,8.3,107.0,7,5,5,0.9659258262890683,-0.25881904510252063,17.6
2024-05-11 08:00:00,62.2,16.7,177.0,3.4,7.1,108.0,8,5,5,0.8660254037844387,-0.4999999999999998,17.3
2024-05-11 09:00:00,59.8,16.1,174.0,3.4,6.2,107.0,9,5,5,0.7071067811865476,-0.7071067811865475,16.7
2024-05-11 10:00:00,59.3,15.8,177.0,4.0,5.8,102.0,10,5,5,0.49999999999999994,-0.8660254037844387,16.1
2024-05-11 11:00:00,53.6,14.7,184.0,5.1,5.8,93.0,11,5,5,0.258819045102521,-0.9659258262890682,15.8
2024-05-11 12:00:00,62.6,16.6,193.0,6.8,6.1,80.0,12,5,5,1.2246467991473532e-16,-1.0,14.7
2024-05-11 13:00:00,59.1,16.1,204.0,9.2,5.9,74.0,13,5,5,-0.2588190451025208,-0.9659258262890683,16.6
2024-05-11 14:00:00,52.9,15.3,220.0,12.6,5.7,65.0,14,5,5,-0.4999999999999997,-0.8660254037844388,16.1
2024-05-11 15:00:00,47.8,14.6,231.0,15.1,5.7,58.0,15,5,5,-0.7071067811865471,-0.7071067811865479,15.3
2024-05-11 16:00:00,44.7,14.1,234.0,15.9,6.3,56.0,16,5,5,-0.8660254037844384,-0.5000000000000004,14.6
2024-05-11 17:00:00,43.7,13.9,232.0,15.9,7.1,56.0,17,5,5,-0.9659258262890683,-0.25881904510252063,14.1
2024-05-11 18:00:00,42.5,14.1,227.0,15.5,7.5,57.0,18,5,5,-1.0,-1.8369701987210297e-16,13.9
2024-05-11 19:00:00,40.0,13.9,218.0,14.6,7.2,57.0,19,5,5,-0.9659258262890684,0.2588190451025203,14.1
2024-05-11 20:00:00,38.1,13.8,207.0,13.4,6.5,57.0,20,5,5,-0.8660254037844386,0.5000000000000001,13.9
2024-05-11 21:00:00,36.3,13.6,199.0,12.5,6.0,57.0,21,5,5,-0.7071067811865477,0.7071067811865474,13.8
2024-05-11 22:00:00,34.6,13.2,194.0,12.3,5.7,54.0,22,5,5,-0.5000000000000004,0.8660254037844384,13.6
2024-05-11 23:00:00,33.1,13.0,191.0,12.4,5.6,51.0,23,5,5,-0.25881904510252157,0.9659258262890681,13.2
2024-05-12 00:00:00,27.5,11.6,176.0,10.3,5.8,58.0,0,6,5,0.0,1.0,13.0
2024-05-12 01:00:00,28.9,12.6,202.0,12.3,7.7,60.0,1,6,5,0.25881904510252074,0.9659258262890683,11.6
2024-05-12 02:00:00,35.7,12.9,237.0,15.0,10.3,65.0,2,6,5,0.49999999999999994,0.8660254037844387,12.6
2024-05-12 03:00:00,43.5,13.2,261.0,16.1,12.1,74.0,3,6,5,0.7071067811865475,0.7071067811865476,12.9
2024-05-12 04:00:00,54.6,13.9,262.0,14.0,12.5,94.0,4,6,5,0.8660254037844386,0.5000000000000001,13.2
2024-05-12 05:00:00,65.9,15.3,251.0,10.3,12.0,119.0,5,6,5,0.9659258262890683,0.25881904510252074,13.9
2024-05-12 06:00:00,76.4,16.9,239.0,7.2,11.2,138.0,6,6,5,1.0,6.123233995736766e-17,15.3
2024-05-12 07:00:00,85.4,17.8,226.0,5.5,9.8,145.0,7,6,5,0.9659258262890683,-0.25881904510252063,16.9
2024-05-12 08:00:00,93.6,18.0,212.0,4.5,7.9,145.0,8,6,5,0.8660254037844387,-0.4999999999999998,17.8
2024-05-12 09:00:00,100.6,17.9,204.0,4.4,6.6,140.0,9,6,5,0.7071067811865476,-0.7071067811865475,18.0
2024-05-12 10:00:00,108.3,18.0,208.0,5.4,6.4,131.0,10,6,5,0.49999999999999994,-0.8660254037844387,17.9
2024-05-12 11:00:00,116.6,19.0,218.0,7.3,6.8,117.0,11,6,5,0.258819045102521,-0.9659258262890682,18.0
2024-05-12 12:00:00,89.9,15.7,234.0,9.6,7.1,105.0,12,6,5,1.2246467991473532e-16,-1.0,19.0
2024-05-12 13:00:00,93.6,16.0,238.0,11.7,6.5,92.0,13,6,5,-0.2588190451025208,-0.9659258262890683,15.7
2024-05-12 14:00:00,91.3,16.1,242.0,14.6,5.7,75.0,14,6,5,-0.4999999999999997,-0.8660254037844388,16.0
2024-05-12 15:00:00,89.2,16.2,242.0,16.4,5.2,61.0,15,6,5,-0.7071067811865471,-0.7071067811865479,16.1
2024-05-12 16:00:00,86.4,16.4,234.0,16.3,5.2,55.0,16,6,5,-0.8660254037844384,-0.5000000000000004,16.2
2024-05-12 17:00:00,83.8,16.8,222.0,15.2,5.5,53.0,17,6,5,-0.9659258262890683,-0.25881904510252063,16.4
2024-05-12 18:00:00,82.4,17.3,211.0,14.1,5.8,51.0,18,6,5,-1.0,-1.8369701987210297e-16,16.8
2024-05-12 19:00:00,81.7,17.5,202.0,13.3,5.9,49.0,19,6,5,-0.9659258262890684,0.2588190451025203,17.3
2024-05-12 20:00:00,77.1,17.1,194.0,12.7,5.9,48.0,20,6,5,-0.8660254037844386,0.5000000000000001,17.5
2024-05-12 21:00:00,72.9,16.4,191.0,12.5,6.0,47.0,21,6,5,-0.7071067811865477,0.7071067811865474,17.1
2024-05-12 22:00:00,67.8,15.7,193.0,13.3,6.1,44.0,22,6,5,-0.5000000000000004,0.8660254037844384,16.4
2024-05-12 23:00:00,63.3,15.3,200.0,14.6,6.3,40.0,23,6,5,-0.25881904510252157,0.9659258262890681,15.7
2024-05-13 00:00:00,60.3,14.3,212.0,15.7,6.9,36.0,0,0,5,0.0,1.0,15.3
2024-05-13 01:00:00,71.7,15.9,234.0,16.7,8.4,39.0,1,0,5,0.25881904510252074,0.9659258262890683,14.3
2024-05-13 02:00:00,88.2,17.0,264.0,17.9,10.4,43.0,2,0,5,0.49999999999999994,0.8660254037844387,15.9
2024-05-13 03:00:00,119.7,18.6,282.0,17.9,12.0,54.0,3,0,5,0.7071067811865475,0.7071067811865476,17.0
2024-05-13 04:00:00,137.8,21.3,278.0,15.4,12.7,76.0,4,0,5,0.8660254037844386,0.5000000000000001,18.6
2024-05-13 05:00:00,146.2,23.6,262.0,11.6,12.9,103.0,5,0,5,0.9659258262890683,0.25881904510252074,21.3
2024-05-13 06:00:00,152.3,25.8,247.0,8.5,12.6,125.0,6,0,5,1.0,6.123233995736766e-17,23.6
2024-05-13 07:00:00,153.2,26.9,234.0,6.5,11.4,137.0,7,0,5,0.9659258262890683,-0.25881904510252063,25.8
2024-05-13 08:00:00,151.3,26.7,220.0,5.2,9.7,144.0,8,0,5,0.8660254037844387,-0.4999999999999998,26.9
2024-05-13 09:00:00,148.5,26.1,213.0,4.8,8.4,144.0,9,0,5,0.7071067811865476,-0.7071067811865475,26.7
2024-05-13 10:00:00,143.4,25.6,216.0,5.9,7.9,136.0,10,0,5,0.49999999999999994,-0.8660254037844387,26.1
2024-05-13 11:00:00,134.6,24.5,226.0,7.9,7.9,121.0,11,0,5,0.258819045102521,-0.9659258262890682,25.6
2024-05-13 12:00:00,116.2,22.6,217.0,9.9,7.5,105.0,12,0,5,1.2246467991473532e-16,-1.0,24.5
2024-05-13 13:00:00,99.0,19.7,221.0,12.2,6.9,94.0,13,0,5,-0.2588190451025208,-0.9659258262890683,22.6
2024-05-13 14:00:00,81.5,17.0,227.0,15.3,6.0,78.0,14,0,5,-0.4999999999999997,-0.8660254037844388,19.7
2024-05-13 15:00:00,67.8,14.8,230.0,17.5,5.5,66.0,15,0,5,-0.7071067811865471,-0.7071067811865479,17.0
2024-05-13 16:00:00,60.3,13.4,225.0,17.8,5.8,63.0,16,0,5,-0.8660254037844384,-0.5000000000000004,14.8
2024-05-13 17:00:00,57.2,13.1,218.0,17.1,6.5,63.0,17,0,5,-0.9659258262890683,-0.25881904510252063,13.4
2024-05-13 18:00:00,55.8,13.3,216.0,17.0,7.0,62.0,18,0,5,-1.0,-1.8369701987210297e-16,13.1
2024-05-13 19:00:00,53.6,14.1,227.0,18.3,7.0,57.0,19,0,5,-0.9659258262890684,0.2588190451025203,13.3
2024-05-13 20:00:00,48.8,14.3,244.0,20.1,6.9,51.0,20,0,5,-0.8660254037844386,0.5000000000000001,14.1
2024-05-13 21:00:00,46.1,14.7,255.0,21.2,6.8,46.0,21,0,5,-0.7071067811865477,0.7071067811865474,14.3
2024-05-13 22:00:00,42.5,14.6,252.0,21.0,6.8,42.0,22,0,5,-0.5000000000000004,0.8660254037844384,14.7
2024-05-13 23:00:00,40.3,14.1,243.0,20.2,6.9,38.0,23,0,5,-0.25881904510252157,0.9659258262890681,14.6
2024-05-14 00:00:00,48.5,17.3,283.0,24.0,7.6,40.0,0,1,5,0.0,1.0,14.1
2024-05-14 01:00:00,55.3,20.7,289.0,23.4,9.4,44.0,1,1,5,0.25881904510252074,0.9659258262890683,17.3
2024-05-14 02:00:00,58.3,18.4,297.0,22.3,11.9,51.0,2,1,5,0.49999999999999994,0.8660254037844387,20.7
2024-05-14 03:00:00,73.1,17.9,298.0,20.4,13.6,64.0,3,1,5,0.7071067811865475,0.7071067811865476,18.4
2024-05-14 04:00:00,89.9,20.9,288.0,16.7,13.9,89.0,4,1,5,0.8660254037844386,0.5000000000000001,17.9
2024-05-14 05:00:00,94.1,23.1,271.0,12.2,13.4,120.0,5,1,5,0.9659258262890683,0.25881904510252074,20.9
2024-05-14 06:00:00,92.7,24.6,255.0,8.5,12.7,143.0,6,1,5,1.0,6.123233995736766e-17,23.1
2024-05-14 07:00:00,89.2,25.3,241.0,6.4,11.7,155.0,7,1,5,0.9659258262890683,-0.25881904510252063,24.6
2024-05-14 08:00:00,85.4,25.0,227.0,5.3,10.4,159.0,8,1,5,0.8660254037844387,-0.4999999999999998,25.3
2024-05-14 09:00:00,83.1,24.3,217.0,5.0,9.3,155.0,9,1,5,0.7071067811865476,-0.7071067811865475,25.0
2024-05-14 10:00:00,81.5,23.4,213.0,5.8,8.4,140.0,10,1,5,0.49999999999999994,-0.8660254037844387,24.3
2024-05-14 11:00:00,78.0,22.0,214.0,7.5,7.7,117.0,11,1,5,0.258819045102521,-0.9659258262890682,23.4
2024-05-14 12:00:00,73.6,20.9,205.0,9.3,7.9,104.0,12,1,5,1.2246467991473532e-16,-1.0,22.0
2024-05-14 13:00:00,71.0,20.0,208.0,11.5,7.0,90.0,13,1,5,-0.2588190451025208,-0.9659258262890683,20.9
2024-05-14 14:00:00,64.7,18.3,211.0,14.6,5.8,70.0,14,1,5,-0.4999999999999997,-0.8660254037844388,20.0
2024-05-14 15:00:00,60.3,17.0,213.0,16.9,5.1,55.0,15,1,5,-0.7071067811865471,-0.7071067811865479,18.3
2024-05-14 16:00:00,58.2,16.3,214.0,17.7,5.3,50.0,16,1,5,-0.8660254037844384,-0.5000000000000004,17.0
2024-05-14 17:00:00,56.6,16.0,213.0,17.7,5.9,50.0,17,1,5,-0.9659258262890683,-0.25881904510252063,16.3
2024-05-14 18:00:00,54.4,15.9,209.0,17.2,6.3,50.0,18,1,5,-1.0,-1.8369701987210297e-16,16.0
2024-05-14 19:00:00,51.0,16.1,201.0,16.3,6.1,49.0,19,1,5,-0.9659258262890684,0.2588190451025203,15.9
2024-05-14 20:00:00,47.3,16.1,189.0,15.0,5.8,49.0,20,1,5,-0.8660254037844386,0.5000000000000001,16.1
2024-05-14 21:00:00,44.9,15.7,176.0,13.5,5.4,49.0,21,1,5,-0.7071067811865477,0.7071067811865474,16.1
2024-05-14 22:00:00,42.5,14.9,155.0,11.4,5.1,50.0,22,1,5,-0.5000000000000004,0.8660254037844384,15.7
2024-05-14 23:00:00,39.0,13.9,132.0,9.0,4.8,51.0,23,1,5,-0.25881904510252157,0.9659258262890681,14.9
2024-05-15 00:00:00,38.6,14.0,128.0,8.3,4.8,53.0,0,2,5,0.0,1.0,13.9
2024-05-15 01:00:00,36.7,13.4,150.0,9.4,5.3,55.0,1,2,5,0.25881904510252074,0.9659258262890683,14.0
2024-05-15 02:00:00,40.2,13.1,180.0,10.8,5.9,58.0,2,2,5,0.49999999999999994,0.8660254037844387,13.4
2024-05-15 03:00:00,40.3,13.7,200.0,11.2,6.4,65.0,3,2,5,0.7071067811865475,0.7071067811865476,13.1
2024-05-15 04:00:00,39.6,13.8,202.0,9.7,6.6,81.0,4,2,5,0.8660254037844386,0.5000000000000001,13.7
2024-05-15 05:00:00,38.5,13.9,194.0,7.2,6.7,101.0,5,2,5,0.9659258262890683,0.25881904510252074,13.8
2024-05-15 06:00:00,37.3,13.8,187.0,5.3,6.6,116.0,6,2,5,1.0,6.123233995736766e-17,13.9
2024-05-15 07:00:00,36.3,13.7,184.0,4.4,6.3,124.0,7,2,5,0.9659258262890683,-0.25881904510252063,13.8
2024-05-15 08:00:00,36.0,13.7,182.0,4.1,6.0,127.0,8,2,5,0.8660254037844387,-0.4999999999999998,13.7
2024-05-15 09:00:00,35.6,13.6,184.0,4.6,5.8,125.0,9,2,5,0.7071067811865476,-0.7071067811865475,13.7
2024-05-15 10:00:00,36.1,13.8,193.0,6.0,6.1,118.0,10,2,5,0.49999999999999994,-0.8660254037844387,13.6
2024-05-15 11:00:00,36.6,13.9,207.0,8.3,6.6,107.0,11,2,5,0.258819045102521,-0.9659258262890682,13.8
2024-05-15 12:00:00,35.0,12.8,221.0,10.1,6.9,98.0,12,2,5,1.2246467991473532e-16,-1.0,13.9
2024-05-15 13:00:00,35.6,13.1,234.0,13.4,6.5,84.0,13,2,5,-0.2588190451025208,-0.9659258262890683,12.8
2024-05-15 14:00:00,36.1,13.2,252.0,17.8,6.0,65.0,14,2,5,-0.4999999999999997,-0.8660254037844388,13.1
2024-05-15 15:00:00,36.3,13.5,262.0,20.7,5.6,50.0,15,2,5,-0.7071067811865471,-0.7071067811865479,13.2
2024-05-15 16:00:00,37.1,13.6,256.0,20.6,5.5,45.0,16,2,5,-0.8660254037844384,-0.5000000000000004,13.5
2024-05-15 17:00:00,37.7,14.0,242.0,18.9,5.6,45.0,17,2,5,-0.9659258262890683,-0.25881904510252063,13.6
2024-05-15 18:00:00,38.8,14.5,228.0,17.2,5.6,45.0,18,2,5,-1.0,-1.8369701987210297e-16,14.0
2024-05-15 19:00:00,39.3,15.2,219.0,16.1,5.5,44.0,19,2,5,-0.9659258262890684,0.2588190451025203,14.5
2024-05-15 20:00:00,40.5,15.5,212.0,15.0,5.4,43.0,20,2,5,-0.8660254037844386,0.5000000000000001,15.2
2024-05-15 21:00:00,39.7,15.3,202.0,13.7,5.3,43.0,21,2,5,-0.7071067811865477,0.7071067811865474,15.5
2024-05-15 22:00:00,39.9,15.3,185.0,11.8,5.1,43.0,22,2,5,-0.5000000000000004,0.8660254037844384,15.3
2024-05-15 23:00:00,40.6,15.4,166.0,9.8,4.9,44.0,23,2,5,-0.25881904510252157,0.9659258262890681,15.3
2024-05-16 00:00:00,40.7,15.8,157.0,8.0,4.5,47.0,0,3,5,0.0,1.0,15.4
2024-05-16 01:00:00,44.0,17.1,179.0,9.1,4.7,47.0,1,3,5,0.25881904510252074,0.9659258262890683,15.8
2024-05-16 02:00:00,47.8,18.1,210.0,10.5,5.0,48.0,2,3,5,0.49999999999999994,0.8660254037844387,17.1
2024-05-16 03:00:00,45.9,17.6,232.0,11.1,5.5,54.0,3,3,5,0.7071067811865475,0.7071067811865476,18.1
2024-05-16 04:00:00,42.3,16.4,237.0,10.1,6.3,71.0,4,3,5,0.8660254037844386,0.5000000000000001,17.6
2024-05-16 05:00:00,40.2,16.2,233.0,8.2,7.2,95.0,5,3,5,0.9659258262890683,0.25881904510252074,16.4
2024-05-16 06:00:00,38.4,15.9,227.0,6.6,7.7,112.0,6,3,5,1.0,6.123233995736766e-17,16.2
2024-05-16 07:00:00,36.4,15.5,219.0,5.6,7.2,120.0,7,3,5,0.9659258262890683,-0.25881904510252063,15.9
2024-05-16 08:00:00,35.6,15.1,210.0,4.9,6.2,122.0,8,3,5,0.8660254037844387,-0.4999999999999998,15.5
2024-05-16 09:00:00,36.0,15.1,206.0,4.9,5.5,119.0,9,3,5,0.7071067811865476,-0.7071067811865475,15.1
2024-05-16 10:00:00,36.0,14.9,212.0,5.9,5.4,111.0,10,3,5,0.49999999999999994,-0.8660254037844387,15.1
2024-05-16 11:00:00,36.6,14.9,224.0,7.6,5.7,98.0,11,3,5,0.258819045102521,-0.9659258262890682,14.9
2024-05-16 12:00:00,30.3,12.3,247.0,10.2,6.3,87.0,12,3,5,1.2246467991473532e-16,-1.0,14.9
2024-05-16 13:00:00,32.8,13.0,268.0,14.5,5.9,73.0,13,3,5,-0.2588190451025208,-0.9659258262890683,12.3
2024-05-16 14:00:00,36.8,14.2,296.0,20.3,5.3,53.0,14,3,5,-0.4999999999999997,-0.8660254037844388,13.0
2024-05-16 15:00:00,40.2,15.7,314.0,24.3,4.9,38.0,15,3,5,-0.7071067811865471,-0.7071067811865479,14.2
2024-05-16 16:00:00,42.0,16.3,313.0,24.9,4.9,33.0,16,3,5,-0.8660254037844384,-0.5000000000000004,15.7
2024-05-16 17:00:00,42.0,16.5,301.0,23.7,5.0,34.0,17,3,5,-0.9659258262890683,-0.25881904510252063,16.3
2024-05-16 18:00:00,41.1,16.4,284.0,21.8,5.1,36.0,18,3,5,-1.0,-1.8369701987210297e-16,16.5
2024-05-16 19:00:00,39.7,15.7,260.0,19.2,5.0,38.0,19,3,5,-0.9659258262890684,0.2588190451025203,16.4
2024-05-16 20:00:00,38.3,15.2,230.0,15.8,4.9,41.0,20,3,5,-0.8660254037844386,0.5000000000000001,15.7
2024-05-16 21:00:00,38.1,14.8,204.0,12.9,4.8,44.0,21,3,5,-0.7071067811865477,0.7071067811865474,15.2
2024-05-16 22:00:00,38.6,14.3,182.0,10.7,4.8,45.0,22,3,5,-0.5000000000000004,0.8660254037844384,14.8
2024-05-16 23:00:00,40.4,14.2,165.0,8.9,4.8,46.0,23,3,5,-0.25881904510252157,0.9659258262890681,14.3
2024-05-17 00:00:00,43.4,15.0,160.0,8.3,4.9,47.0,0,4,5,0.0,1.0,14.2
2024-05-17 01:00:00,45.3,15.4,191.0,9.7,5.0,48.0,1,4,5,0.25881904510252074,0.9659258262890683,15.0
2024-05-17 02:00:00,52.5,17.2,233.0,11.6,5.2,50.0,2,4,5,0.49999999999999994,0.8660254037844387,15.4
2024-05-17 03:00:00,56.2,17.9,261.0,12.3,5.5,57.0,3,4,5,0.7071067811865475,0.7071067811865476,17.2
2024-05-17 04:00:00,57.0,18.6,264.0,10.9,6.0,76.0,4,4,5,0.8660254037844386,0.5000000000000001,17.9
2024-05-17 05:00:00,55.6,18.6,254.0,8.4,6.5,100.0,5,4,5,0.9659258262890683,0.25881904510252074,18.6
2024-05-17 06:00:00,52.0,17.3,241.0,6.3,6.7,117.0,6,4,5,1.0,6.123233995736766e-17,18.6
2024-05-17 07:00:00,52.0,16.6,226.0,5.1,6.1,120.0,7,4,5,0.9659258262890683,-0.25881904510252063,17.3
2024-05-17 08:00:00,54.0,16.1,208.0,4.4,5.1,116.0,8,4,5,0.8660254037844387,-0.4999999999999998,16.6
2024-05-17 09:00:00,59.8,16.7,198.0,4.4,4.4,109.0,9,4,5,0.7071067811865476,-0.7071067811865475,16.1
2024-05-17 10:00:00,64.7,17.9,201.0,5.2,4.3,102.0,10,4,5,0.49999999999999994,-0.8660254037844387,16.7
2024-05-17 11:00:00,67.1,19.1,211.0,6.7,4.4,93.0,11,4,5,0.258819045102521,-0.9659258262890682,17.9
2024-05-17 12:00:00,54.6,16.9,222.0,9.1,4.5,82.0,12,4,5,1.2246467991473532e-16,-1.0,19.1
2024-05-17 13:00:00,51.8,17.2,246.0,13.2,4.4,72.0,13,4,5,-0.2588190451025208,-0.9659258262890683,16.9
2024-05-17 14:00:00,46.4,17.5,279.0,18.7,4.3,58.0,14,4,5,-0.4999999999999997,-0.8660254037844388,17.2
2024-05-17 15:00:00,41.3,17.1,298.0,22.3,4.2,48.0,15,4,5,-0.7071067811865471,-0.7071067811865479,17.5
2024-05-17 16:00:00,38.4,16.9,293.0,22.2,4.3,46.0,16,4,5,-0.8660254037844384,-0.5000000000000004,17.1
2024-05-17 17:00:00,38.1,15.5,274.0,20.1,4.5,47.0,17,4,5,-0.9659258262890683,-0.25881904510252063,16.9
2024-05-17 18:00:00,36.0,15.0,252.0,17.7,4.6,49.0,18,4,5,-1.0,-1.8369701987210297e-16,15.5
2024-05-17 19:00:00,33.9,14.3,227.0,15.0,4.4,50.0,19,4,5,-0.9659258262890684,0.2588190451025203,15.0
2024-05-17 20:00:00,31.3,13.4,200.0,12.0,4.1,51.0,20,4,5,-0.8660254037844386,0.5000000000000001,14.3
2024-05-17 21:00:00,29.3,12.8,178.0,9.7,4.0,52.0,21,4,5,-0.7071067811865477,0.7071067811865474,13.4
2024-05-17 22:00:00,27.5,12.4,163.0,8.5,4.1,51.0,22,4,5,-0.5000000000000004,0.8660254037844384,12.8
2024-05-17 23:00:00,26.0,12.0,155.0,7.9,4.4,50.0,23,4,5,-0.25881904510252157,0.9659258262890681,12.4
2024-05-18 00:00:00,20.5,10.7,155.0,6.4,4.2,54.0,0,5,5,0.0,1.0,12.0
2024-05-18 01:00:00,20.3,10.7,197.0,9.0,4.7,54.0,1,5,5,0.25881904510252074,0.9659258262890683,10.7
2024-05-18 02:00:00,22.2,12.1,253.0,12.4,5.3,54.0,2,5,5,0.49999999999999994,0.8660254037844387,10.7
2024-05-18 03:00:00,26.8,12.8,287.0,14.0,5.7,59.0,3,5,5,0.7071067811865475,0.7071067811865476,12.1
2024-05-18 04:00:00,29.7,12.8,277.0,12.1,5.8,74.0,4,5,5,0.8660254037844386,0.5000000000000001,12.8
2024-05-18 05:00:00,34.0,12.4,244.0,8.5,5.7,94.0,5,5,5,0.9659258262890683,0.25881904510252074,12.8
2024-05-18 06:00:00,35.9,11.6,216.0,5.6,5.5,108.0,6,5,5,1.0,6.123233995736766e-17,12.4
2024-05-18 07:00:00,36.1,10.8,202.0,4.4,5.1,112.0,7,5,5,0.9659258262890683,-0.25881904510252063,11.6
2024-05-18 08:00:00,35.0,10.3,192.0,3.9,4.5,110.0,8,5,5,0.8660254037844387,-0.4999999999999998,10.8
2024-05-18 09:00:00,34.2,10.2,189.0,4.2,4.2,105.0,9,5,5,0.7071067811865476,-0.7071067811865475,10.3
2024-05-18 10:00:00,32.8,10.1,195.0,5.1,4.3,98.0,10,5,5,0.49999999999999994,-0.8660254037844387,10.2
2024-05-18 11:00:00,29.7,9.6,209.0,6.8,4.7,87.0,11,5,5,0.258819045102521,-0.9659258262890682,10.1
2024-05-18 12:00:00,25.7,8.6,216.0,9.6,4.9,75.0,12,5,5,1.2246467991473532e-16,-1.0,9.6
2024-05-18 13:00:00,26.0,9.0,232.0,13.1,4.7,64.0,13,5,5,-0.2588190451025208,-0.9659258262890683,8.6
2024-05-18 14:00:00,24.4,9.4,253.0,17.9,4.4,49.0,14,5,5,-0.4999999999999997,-0.8660254037844388,9.0
2024-05-18 15:00:00,22.9,9.8,266.0,21.2,4.3,38.0,15,5,5,-0.7071067811865471,-0.7071067811865479,9.4
2024-05-18 16:00:00,22.3,10.1,263.0,21.6,4.6,35.0,16,5,5,-0.8660254037844384,-0.5000000000000004,9.8
2024-05-18 17:00:00,21.3,10.4,250.0,20.5,5.1,37.0,17,5,5,-0.9659258262890683,-0.25881904510252063,10.1
2024-05-18 18:00:00,21.2,9.8,237.0,19.1,5.4,38.0,18,5,5,-1.0,-1.8369701987210297e-16,10.4
2024-05-18 19:00:00,20.2,9.7,225.0,17.9,5.3,37.0,19,5,5,-0.9659258262890684,0.2588190451025203,9.8
2024-05-18 20:00:00,19.1,9.3,211.0,16.4,5.1,37.0,20,5,5,-0.8660254037844386,0.5000000000000001,9.7
2024-05-18 21:00:00,17.7,8.4,198.0,15.0,4.9,36.0,21,5,5,-0.7071067811865477,0.7071067811865474,9.3
2024-05-18 22:00:00,16.9,7.9,182.0,13.6,4.9,35.0,22,5,5,-0.5000000000000004,0.8660254037844384,8.4
2024-05-18 23:00:00,16.6,7.7,165.0,12.3,4.9,35.0,23,5,5,-0.25881904510252157,0.9659258262890681,7.9
2024-05-19 00:00:00,17.2,7.3,155.0,11.0,5.4,36.0,0,6,5,0.0,1.0,7.7
2024-05-19 01:00:00,17.7,7.7,168.0,10.9,5.6,38.0,1,6,5,0.25881904510252074,0.9659258262890683,7.3
2024-05-19 02:00:00,20.8,8.0,187.0,10.6,5.9,41.0,2,6,5,0.49999999999999994,0.8660254037844387,7.7
2024-05-19 03:00:00,21.9,7.5,197.0,9.9,6.1,47.0,3,6,5,0.7071067811865475,0.7071067811865476,8.0
2024-05-19 04:00:00,24.5,7.7,192.0,8.3,6.1,58.0,4,6,5,0.8660254037844386,0.5000000000000001,7.5
2024-05-19 05:00:00,28.1,7.8,180.0,6.2,5.9,71.0,5,6,5,0.9659258262890683,0.25881904510252074,7.7
2024-05-19 06:00:00,31.5,8.2,169.0,4.6,5.6,81.0,6,6,5,1.0,6.123233995736766e-17,7.8
2024-05-19 07:00:00,33.9,8.7,161.0,3.8,5.2,84.0,7,6,5,0.9659258262890683,-0.25881904510252063,8.2
2024-05-19 08:00:00,35.0,9.0,155.0,3.4,4.7,82.0,8,6,5,0.8660254037844387,-0.4999999999999998,8.7
2024-05-19 09:00:00,35.7,9.2,154.0,3.5,4.3,79.0,9,6,5,0.7071067811865476,-0.7071067811865475,9.0
2024-05-19 10:00:00,35.5,9.1,160.0,4.1,4.3,75.0,10,6,5,0.49999999999999994,-0.8660254037844387,9.2
2024-05-19 11:00:00,33.9,9.0,170.0,5.2,4.4,69.0,11,6,5,0.258819045102521,-0.9659258262890682,9.1
2024-05-19 12:00:00,33.8,9.0,176.0,7.0,4.8,63.0,12,6,5,1.2246467991473532e-16,-1.0,9.0
2024-05-19 13:00:00,30.7,8.7,188.0,9.6,4.9,57.0,13,6,5,-0.2588190451025208,-0.9659258262890683,9.0
2024-05-19 14:00:00,25.4,8.5,204.0,13.2,4.9,49.0,14,6,5,-0.4999999999999997,-0.8660254037844388,8.7
2024-05-19 15:00:00,22.4,8.6,216.0,15.8,5.0,43.0,15,6,5,-0.7071067811865471,-0.7071067811865479,8.5
2024-05-19 16:00:00,21.0,8.8,221.0,16.7,5.1,41.0,16,6,5,-0.8660254037844384,-0.5000000000000004,8.6
2024-05-19 17:00:00,20.6,9.2,221.0,16.5,5.2,41.0,17,6,5,-0.9659258262890683,-0.25881904510252063,8.8
2024-05-19 18:00:00,21.0,9.5,216.0,15.8,5.1,42.0,18,6,5,-1.0,-1.8369701987210297e-16,9.2
2024-05-19 19:00:00,20.9,9.3,203.0,14.3,4.8,43.0,19,6,5,-0.9659258262890684,0.2588190451025203,9.5
2024-05-19 20:00:00,20.6,9.0,185.0,12.2,4.4,44.0,20,6,5,-0.8660254037844386,0.5000000000000001,9.3
2024-05-19 21:00:00,20.3,8.6,169.0,10.4,4.1,45.0,21,6,5,-0.7071067811865477,0.7071067811865474,9.0
2024-05-19 22:00:00,20.1,8.4,156.0,9.1,4.1,45.0,22,6,5,-0.5000000000000004,0.8660254037844384,8.6
2024-05-19 23:00:00,19.7,8.0,144.0,8.1,4.2,46.0,23,6,5,-0.25881904510252157,0.9659258262890681,8.4
2024-05-20 00:00:00,18.6,7.7,137.0,6.8,4.3,49.0,0,0,5,0.0,1.0,8.0
2024-05-20 01:00:00,19.9,7.6,154.0,7.4,4.6,51.0,1,0,5,0.25881904510252074,0.9659258262890683,7.7
2024-05-20 02:00:00,28.4,8.8,176.0,8.3,4.9,55.0,2,0,5,0.49999999999999994,0.8660254037844387,7.6
2024-05-20 03:00:00,34.5,10.1,190.0,8.4,5.1,60.0,3,0,5,0.7071067811865475,0.7071067811865476,8.8
2024-05-20 04:00:00,40.4,11.4,187.0,7.2,5.0,69.0,4,0,5,0.8660254037844386,0.5000000000000001,10.1
2024-05-20 05:00:00,46.6,12.4,176.0,5.2,4.8,80.0,5,0,5,0.9659258262890683,0.25881904510252074,11.4
2024-05-20 06:00:00,52.7,13.1,168.0,3.8,4.6,88.0,6,0,5,1.0,6.123233995736766e-17,12.4
2024-05-20 07:00:00,57.5,13.4,166.0,3.3,4.4,91.0,7,0,5,0.9659258262890683,-0.25881904510252063,13.1
2024-05-20 08:00:00,62.4,13.6,166.0,3.2,4.2,90.0,8,0,5,0.8660254037844387,-0.4999999999999998,13.4
2024-05-20 09:00:00,63.6,13.7,169.0,3.6,4.1,87.0,9,0,5,0.7071067811865476,-0.7071067811865475,13.6
2024-05-20 10:00:00,60.1,13.3,177.0,4.4,4.1,82.0,10,0,5,0.49999999999999994,-0.8660254037844387,13.7
2024-05-20 11:00:00,55.6,12.5,188.0,5.7,4.1,75.0,11,0,5,0.258819045102521,-0.9659258262890682,13.3
2024-05-20 12:00:00,43.7,10.2,198.0,7.5,4.3,67.0,12,0,5,1.2246467991473532e-16,-1.0,12.5
2024-05-20 13:00:00,41.2,9.7,212.0,10.3,4.3,59.0,13,0,5,-0.2588190451025208,-0.9659258262890683,10.2
2024-05-20 14:00:00,38.6,9.6,230.0,14.1,4.2,49.0,14,0,5,-0.4999999999999997,-0.8660254037844388,9.7
2024-05-20 15:00:00,35.4,9.7,241.0,16.6,4.2,42.0,15,0,5,-0.7071067811865471,-0.7071067811865479,9.6
2024-05-20 16:00:00,32.0,9.7,237.0,16.5,4.1,41.0,16,0,5,-0.8660254037844384,-0.5000000000000004,9.7
2024-05-20 17:00:00,32.5,9.4,226.0,15.1,4.1,43.0,17,0,5,-0.9659258262890683,-0.25881904510252063,9.7
2024-05-20 18:00:00,31.3,8.5,211.0,13.3,4.0,45.0,18,0,5,-1.0,-1.8369701987210297e-16,9.4
2024-05-20 19:00:00,29.9,8.1,192.0,11.3,3.9,46.0,19,0,5,-0.9659258262890684,0.2588190451025203,8.5
2024-05-20 20:00:00,29.3,7.8,171.0,9.0,3.7,48.0,20,0,5,-0.8660254037844386,0.5000000000000001,8.1
2024-05-20 21:00:00,29.2,7.6,154.0,7.3,3.7,49.0,21,0,5,-0.7071067811865477,0.7071067811865474,7.8
2024-05-20 22:00:00,29.6,7.6,143.0,6.3,3.8,49.0,22,0,5,-0.5000000000000004,0.8660254037844384,7.6
2024-05-20 23:00:00,30.5,7.6,137.0,5.9,4.0,48.0,23,0,5,-0.25881904510252157,0.9659258262890681,7.6
